-- MySQL dump 10.17  Distrib 10.3.16-MariaDB, for Win64 (AMD64)
--
-- Host: localhost    Database: catalogos_generales
-- ------------------------------------------------------
-- Server version	10.3.16-MariaDB

/*!40101 SET @OLD_CHARACTER_SET_CLIENT=@@CHARACTER_SET_CLIENT */;
/*!40101 SET @OLD_CHARACTER_SET_RESULTS=@@CHARACTER_SET_RESULTS */;
/*!40101 SET @OLD_COLLATION_CONNECTION=@@COLLATION_CONNECTION */;
/*!40101 SET NAMES utf8mb4 */;
/*!40103 SET @OLD_TIME_ZONE=@@TIME_ZONE */;
/*!40103 SET TIME_ZONE='+00:00' */;
/*!40014 SET @OLD_UNIQUE_CHECKS=@@UNIQUE_CHECKS, UNIQUE_CHECKS=0 */;
/*!40014 SET @OLD_FOREIGN_KEY_CHECKS=@@FOREIGN_KEY_CHECKS, FOREIGN_KEY_CHECKS=0 */;
/*!40101 SET @OLD_SQL_MODE=@@SQL_MODE, SQL_MODE='NO_AUTO_VALUE_ON_ZERO' */;
/*!40111 SET @OLD_SQL_NOTES=@@SQL_NOTES, SQL_NOTES=0 */;

--
-- Table structure for table `alcance`
--

DROP TABLE IF EXISTS `alcance`;
/*!40101 SET @saved_cs_client     = @@character_set_client */;
/*!40101 SET character_set_client = utf8 */;
CREATE TABLE `alcance` (
  `id` int(11) NOT NULL AUTO_INCREMENT,
  `nombre` text COLLATE utf8mb4_unicode_ci NOT NULL,
  `nombreinterno` text COLLATE utf8mb4_unicode_ci NOT NULL,
  PRIMARY KEY (`id`)
) ENGINE=InnoDB AUTO_INCREMENT=8 DEFAULT CHARSET=utf8mb4 COLLATE=utf8mb4_unicode_ci;
/*!40101 SET character_set_client = @saved_cs_client */;

--
-- Dumping data for table `alcance`
--

LOCK TABLES `alcance` WRITE;
/*!40000 ALTER TABLE `alcance` DISABLE KEYS */;
INSERT INTO `alcance` VALUES (1,'Global','global'),(3,'Estado','estado'),(4,'Ciudad','ciudad'),(7,'Empresa','empresa');
/*!40000 ALTER TABLE `alcance` ENABLE KEYS */;
UNLOCK TABLES;

--
-- Table structure for table `est_procedencia`
--

DROP TABLE IF EXISTS `est_procedencia`;
/*!40101 SET @saved_cs_client     = @@character_set_client */;
/*!40101 SET character_set_client = utf8 */;
CREATE TABLE `est_procedencia` (
  `ClaveProcedencia` varchar(10) COLLATE utf8mb4_unicode_ci NOT NULL,
  `Estatus` char(1) COLLATE utf8mb4_unicode_ci DEFAULT NULL,
  PRIMARY KEY (`ClaveProcedencia`)
) ENGINE=InnoDB DEFAULT CHARSET=utf8mb4 COLLATE=utf8mb4_unicode_ci;
/*!40101 SET character_set_client = @saved_cs_client */;

--
-- Dumping data for table `est_procedencia`
--

LOCK TABLES `est_procedencia` WRITE;
/*!40000 ALTER TABLE `est_procedencia` DISABLE KEYS */;
INSERT INTO `est_procedencia` VALUES ('FACTURA','A'),('MEDIDORES','A'),('OBRAS','A'),('TODAS','A');
/*!40000 ALTER TABLE `est_procedencia` ENABLE KEYS */;
UNLOCK TABLES;

--
-- Table structure for table `general_aplicacion`
--

DROP TABLE IF EXISTS `general_aplicacion`;
/*!40101 SET @saved_cs_client     = @@character_set_client */;
/*!40101 SET character_set_client = utf8 */;
CREATE TABLE `general_aplicacion` (
  `IdAplicacion` varchar(20) COLLATE utf8mb4_unicode_ci NOT NULL,
  `IdModulo` varchar(30) COLLATE utf8mb4_unicode_ci DEFAULT NULL,
  `Titulo` varchar(100) COLLATE utf8mb4_unicode_ci DEFAULT NULL,
  `OpcMenu` varchar(50) COLLATE utf8mb4_unicode_ci DEFAULT NULL,
  `Fecha` datetime DEFAULT NULL,
  `Estatus` char(1) COLLATE utf8mb4_unicode_ci DEFAULT NULL,
  PRIMARY KEY (`IdAplicacion`),
  KEY `FK_APLICACION_MODULO` (`IdModulo`),
  CONSTRAINT `FK_APLICACION_MODULO` FOREIGN KEY (`IdModulo`) REFERENCES `general_modulo` (`IdModulo`)
) ENGINE=InnoDB DEFAULT CHARSET=utf8mb4 COLLATE=utf8mb4_unicode_ci;
/*!40101 SET character_set_client = @saved_cs_client */;

--
-- Dumping data for table `general_aplicacion`
--

LOCK TABLES `general_aplicacion` WRITE;
/*!40000 ALTER TABLE `general_aplicacion` DISABLE KEYS */;
INSERT INTO `general_aplicacion` VALUES ('frmActaAdmin','CONTROLVEHICULAR','Acta Administrativa','Personal','2018-08-23 12:00:00','A'),('frmAsigCombustible','CONTROLVEHICULAR','Asignación Combustible','Combustible','2018-06-07 00:06:00','A'),('frmAsignacionVehi','CONTROLVEHICULAR','Asignación Vehículo','Personal','2018-06-06 00:06:00','A'),('frmBDOT','CONTROLVEHICULAR','Base de Datos de OT´s','Mantenimiento','2018-07-25 12:00:00','A'),('frmCartaResponsiva','CONTROLVEHICULAR','Carta Responsiva','Flotilla','2018-08-17 00:00:00','A'),('frmCatAccesorio','CONTROLVEHICULAR','Catálogo de Accesorios','Inventario Físico','2018-03-15 12:57:00','A'),('frmCatAdaptacion','CONTROLVEHICULAR','Catálogo de Adaptaciones','Flotilla','2017-09-11 11:39:02','A'),('frmCatAplicacion','ADMINISTRACION','Catálogo de Aplicaciones','Aplicaciones','2017-09-29 11:27:34','A'),('frmCatAplicacionRol','ADMINISTRACION','Catálogo de Aplicaciones - Rol','Aplicaciones','2017-09-29 00:09:00','A'),('frmCatArea','ADMINISTRACION','Catálogo de Areas','Empresas','2017-08-16 10:53:18','A'),('frmCatCabina','CONTROLVEHICULAR','Catálogo de Cabinas','Inventario Fisico','2017-10-06 16:20:18','A'),('frmCatCarroceria','CONTROLVEHICULAR','Catálogo de Carrocerias','Inventario Fisico','2017-10-09 12:18:56','A'),('frmCatCC','ADMINISTRACION','Catálogo de Centros de costo','Empresas','2017-08-09 10:57:15','A'),('frmCatColor','CONTROLVEHICULAR','Catálogo de Colores','Flotilla','2017-09-05 16:36:23','A'),('FrmCatConcesionarias','ESTIMACIONES','Catálogo de Concesionarias','Estimaciones','2017-10-20 11:39:02','A'),('frmCatCostoCombusti','CONTROLVEHICULAR','Catálogo de Costo Combustible','Costo Combustible','2018-06-05 00:06:00','A'),('frmCatCristal','CONTROLVEHICULAR','Catálogo de Cristales','Inventario Fisico','2017-10-09 11:24:06','A'),('FrmCatDedRet','ESTIMACIONES','Catálogo de Deducciones y Retenciones','Estimaciones','2017-10-23 11:39:02','A'),('frmCatDepto','ADMINISTRACION','Catálogo de Depatamentos','Empresas','2017-08-22 11:36:27','A'),('frmCatEmp','ADMINISTRACION','Catálogo de Empresas','Empresas','2017-08-08 10:20:43','A'),('frmCatEmpCC','ADMINISTRACION','Catálogo de Empresa - Centro de costo','Empresas','2017-08-10 00:08:00','A'),('frmCatEmpleado','ADMINISTRACION','Catálogo de Empleados','Empresas','2017-08-31 17:08:00','A'),('frmCatEmpProced','ADMINISTRACION','Catálogo de Empleados - Procedencias','Empresa','2017-09-18 11:44:28','A'),('frmCatEmpRol','ADMINISTRACION','Catálogo de Empleados - Roles','Roles','2017-09-18 17:54:45','A'),('frmCatEntidad','CONTROLVEHICULAR','Catálogo de Entidades','Orden de Trabajo','2017-10-03 16:31:55','A'),('FrmCatEntidadCC','CONTROLVEHICULAR','Catálogo de Entidades / Centros de Costo','Entidades','2018-10-12 12:00:00','A'),('frmCatEstatusot','CONTROLVEHICULAR','Catálogo de Estatus','Orden de Trabajo','2017-10-09 12:44:52','A'),('frmCatEstatusVehi','CONTROLVEHICULAR','Catálogo de Estatus de Vehículo','Flotilla','2018-06-28 00:06:00','A'),('frmCatHojalateriap','CONTROLVEHICULAR','Catálogo de Hojalatería y Pintura','Reparación Vehiculo','2017-10-09 17:23:15','A'),('frmCatLinea','CONTROLVEHICULAR','Catálogo de Lineas','Flotilla','2017-09-18 13:26:46','A'),('frmCatMarca','CONTROLVEHICULAR','Catálogo de Marcas','Flotilla','2017-09-12 17:11:16','A'),('frmCatModulo','ADMINISTRACION','Catálogo de Modulos','Modulos','2017-09-26 11:45:50','A'),('frmCatModuloRol','ADMINISTRACION','Catálogo de Modulos - Roles','Modulos','2017-09-27 09:05:25','A'),('frmCatMotivo','CONTROLVEHICULAR','Catálogo de Motivos','Vehiculo Siniestrado','2017-10-04 15:59:56','A'),('frmCatMotor','CONTROLVEHICULAR','Catálogo de Motores','Inventario Fisico','2017-10-06 16:44:15','A'),('frmCatNeumatico','CONTROLVEHICULAR','Catálogo de Neumaticos','Inventario Fisico','2017-10-09 10:35:48','A'),('frmCatPagadoPor','CONTROLVEHICULAR','Catálogo de Pagado Por','Vehiculo Siniestrado','2017-10-04 16:48:57','A'),('frmCatPais','ADMINISTRACION','Catálogo de Paises','Paises','2018-07-18 16:05:00','A'),('frmCatPaquete','CONTROLVEHICULAR','Catálogo de Paquetes','Servicio Ejecutado','2018-02-20 12:39:00','A'),('FrmCatProced','ESTIMACIONES','Catálogo de Procedencias','Estimaciones','2017-10-20 11:39:02','A'),('frmCatProcedencia','ADMINISTRACION','Catálogo de procedencias','Empresas','2017-09-12 11:20:38','A'),('frmCatProveedor','CONTROLVEHICULAR','Catálogo de Proveedores','Flotilla','2018-02-27 16:49:00','A'),('frmCatProyecto','ADMINISTRACION','Proyectos','Empresas','2018-10-01 12:00:00','A'),('frmCatPuesto','ADMINISTRACION','Catálogo de Puestos','Empresa','2017-09-18 14:59:59','A'),('frmCatReparacion','CONTROLVEHICULAR','Catálogo de Reparaciones','Vehiculo Siniestrado','2017-10-04 16:23:46','A'),('frmCatReparadopor','CONTROLVEHICULAR','Catálogo de Reparado por','Vehiculo Siniestrado','2017-10-09 15:23:53','A'),('frmCatRol','ADMINISTRACION','Catálogo de Roles','Roles','2017-09-18 16:18:14','A'),('frmCatRotulo','CONTROLVEHICULAR','Catálogo de Rotulos','Flotilla','2017-09-18 16:14:50','A'),('frmCatTaller','CONTROLVEHICULAR','Catálogo de Talleres','Servicio Ejecutado','2017-10-09 13:35:18','A'),('frmCatTanqueCombusti','CONTROLVEHICULAR','Catálogo Tanque Combustible','Combustible','2018-06-28 00:06:00','A'),('frmCatTarjetaComb','CONTROLVEHICULAR','Catálogo de Tarjetas Combustible','Costo Combustible','2018-06-04 00:06:00','A'),('frmCatTiempoVerifica','CONTROLVEHICULAR','Catálogo de Períodos de Verificación','Verificacion','2018-03-09 15:40:00','A'),('FrmCatTipCon','ESTIMACIONES','Catálogo de Tipo de Contrato','Estimaciones','2017-10-20 11:39:02','A'),('frmCatTipoAuto','CONTROLVEHICULAR','Catálogo de Tipos de Autos','Flotilla','2017-10-19 09:22:40','A'),('frmCatTipoInventario','CONTROLVEHICULAR','Catálogo de Tipos de Inventario','Inventario Fisico','2017-10-05 17:06:48','A'),('frmCatTipoMantto','CONTROLVEHICULAR','Catálogo de Tipos de Mantenimiento','Orden de Trabajo','2017-10-03 17:21:13','A'),('frmCatTiporesguardo','CONTROLVEHICULAR','Catálogo de Tipos de Resguardo','Resguardo Vehicular','2018-02-22 11:35:00','A'),('FrmCatTipoServicio','CONTROLVEHICULAR','Catálogo de Tipo Servicio','Orden de Trabajo','2018-11-30 12:00:00','A'),('frmCatTpocombustible','CONTROLVEHICULAR','Catálogo de Tipos de Combustible','Costo de Combustible','2017-10-11 17:10:17','A'),('frmCatZona','ADMINISTRACION','Catálogo de Zonas','Zonas','2018-07-20 17:46:00','A'),('FrmContratos','ESTIMACIONES','Contratos','Estimaciones','2017-09-12 16:06:51','A'),('frmDetMovComb','CONTROLVEHICULAR','Detalle Movimiento Combustible','Combustible','2018-07-04 12:00:00','A'),('FrmEstatusResguardo','CONTROLVEHICULAR','Estatus Resgurado','Resguardo Vehicular','2018-11-15 12:00:00','A'),('FrmEstimaciones','ESTIMACIONES','Estimaciones','Estimaciones','2017-09-11 11:39:02','A'),('frmFlotilla','CONTROLVEHICULAR','Flotilla','Control Vehicular','2017-10-04 00:10:00','A'),('frmFlotillaAsigna','CONTROLVEHICULAR','Asignación vehículo','Control Vehicular','2018-03-07 00:03:00','A'),('frmInventarioFisico','CONTROLVEHICULAR','Inventario Físico','Control Vehicular','2017-12-04 00:10:00','A'),('frmLicenciaPersonal','CONTROLVEHICULAR','Licencia Personal','Personal','2018-06-05 00:06:00','A'),('FrmMontoPropueCarga','CONTROLVEHICULAR','Monto Propuesto Carga','Combustible','2018-11-07 12:00:00','A'),('frmMttoPreventivo','CONTROLVEHICULAR','Mantenimiento Preventivo','Mantenimiento','2018-08-15 12:00:00','A'),('frmMultas','CONTROLVEHICULAR','Multas','Flotilla','2018-06-29 00:06:00','A'),('frmOrdenTraslado','CONTROLVEHICULAR','Orden de Traslado Vehícular','Mantenimiento','2018-11-07 00:00:00','A'),('frmOtrosImpuestos','CONTROLVEHICULAR','Captura de Otros Pagos','Flotilla','2018-09-25 00:00:00','A'),('frmPrestamoVehiculo','CONTROLVEHICULAR','Préstamo de Vehículos','ControlVehicular','2018-06-25 00:00:00','A'),('frmProgramaVerif','CONTROLVEHICULAR','Programa de Verificación','Programa Verificación','2018-07-19 12:00:00','A'),('frmRenovacionTarjetC','CONTROLVEHICULAR','Renovación tarjeta de circulación','Flotilla','2018-06-21 00:06:00','A'),('frmReparacionVehic','CONTROLVEHICULAR','Revisión de Reparaciones','Mantenimiento','2018-10-31 00:00:00','A'),('frmResguardoContra','CONTROLVEHICULAR','Resguardo Contratista','Contratista','2018-05-16 00:05:00','A'),('frmResguardoPropio','CONTROLVEHICULAR','Resguardo Propio','Propio','2018-04-20 00:04:00','A'),('frmRevistaVehiculo','CONTROLVEHICULAR','Revista Vehícular','Flotilla','2018-08-09 10:07:14','A'),('frmServicioEjecutado','CONTROLVEHICULAR','Servicio Ejecutado','Mantenimiento','2018-08-24 12:00:00','A'),('frmServPresup','CONTROLVEHICULAR','Servicio Presupuestado','Mantenimiento','2018-08-20 12:00:00','A'),('frmTicket','CONTROLVEHICULAR','Registro de tickets','Mantenimiento','2018-08-20 12:00:00','A'),('frmVehiculoS','CONTROLVEHICULAR','Vehículos Siniestrados','Flotilla','2018-08-22 00:00:00','A'),('frmVehiculosBaja','CONTROLVEHICULAR','Baja de Vehículos','Flotilla','2018-08-20 00:00:00','A'),('frmVerificacionVehi','CONTROLVEHICULAR','Verificación Vehícular','Mantenimiento','2018-07-31 12:00:00','A'),('RCV_Accesorio','CONTROLVEHICULAR','Catálogo de Accesorios','Accesorios','2018-06-21 00:22:00','A'),('RCV_Adaptacion','CONTROLVEHICULAR','Catálogo de Adaptaciones','Adaptaciones','2018-06-21 00:06:00','A'),('RCV_Cabina','CONTROLVEHICULAR','Catálogo de Cabinas','Cabinas','2018-06-21 00:12:00','A'),('RCV_Carroceria','CONTROLVEHICULAR','Catálogo de Carrocerias','Carrocerias','2018-06-21 00:20:00','A'),('RCV_Color','CONTROLVEHICULAR','Catálogo de Colores','Colores','2018-06-19 00:06:00','A'),('RCV_Cristales','CONTROLVEHICULAR','Catálogo de Cristales','Cristales','2018-06-21 00:18:00','A'),('RCV_Entidad','CONTROLVEHICULAR','Catálogo de Entidades','Entidades','2018-06-21 00:18:00','A'),('RCV_Estatusot','CONTROLVEHICULAR','Catálogo de Estatus','Estatus','2018-06-21 00:22:00','A'),('RCV_EstatusVehic','CONTROLVEHICULAR','Estatus de Vehículo','Flotilla','2018-07-02 00:14:00','A'),('RCV_Hojalateriap','CONTROLVEHICULAR','Catálogo de Hojalateria y Pintura','Hojalateria','2018-06-21 00:06:00','A'),('RCV_Linea','CONTROLVEHICULAR','Catálogo de Lineas','Flotilla','2018-06-29 00:10:00','A'),('RCV_Marca','CONTROLVEHICULAR','Catálogo de Marcas','Marcas','2018-06-21 00:08:00','A'),('RCV_Motivo','CONTROLVEHICULAR','Catálogo de Motivos','Motivos','2018-06-21 00:02:00','A'),('RCV_Motor','CONTROLVEHICULAR','Catálogo de Motores','Motores','2018-06-21 00:14:00','A'),('RCV_Neumaticos','CONTROLVEHICULAR','Catálogo de Neumaticos','Neumaticos','2018-06-21 00:16:00','A'),('RCV_Pagadopor','CONTROLVEHICULAR','Catálogo de Pagado por','Pagadopor','2018-06-21 00:06:00','A'),('RCV_Paquete','CONTROLVEHICULAR','Catálogo de Paquetes','Paquetes','2018-06-21 00:04:00','A'),('RCV_Peridoverifica','CONTROLVEHICULAR','Catálogo de Periodos de Verificacion','Verificacion','2018-06-21 00:10:00','A'),('RCV_Proveedor','CONTROLVEHICULAR','Catálogo de Proveedores','Proveedores','2018-06-21 00:16:00','A'),('RCV_Reparacion','CONTROLVEHICULAR','Catálogo de Reparaciones','Reparaciones','2018-06-21 00:04:00','A'),('RCV_Reparadopor','CONTROLVEHICULAR','Catálogo de Reparado por','Reparadopor','2018-06-21 00:08:00','A'),('RCV_Rotulo','CONTROLVEHICULAR','Catálogo de Rotulos','Rotulos','2018-06-21 00:10:00','A'),('RCV_Taller','CONTROLVEHICULAR','Catálogo de Talleres','Talleres','2018-06-21 00:02:00','A'),('RCV_TanqueComb','CONTROLVEHICULAR','Tanque de Combustible','Combustible','2018-07-02 00:16:00','A'),('RCV_Tipoauto','CONTROLVEHICULAR','Catálogo de Tipos de Auto','Tipoauto','2018-06-21 00:12:00','A'),('RCV_Tipocombustible','CONTROLVEHICULAR','Catálogo de Tipos de Combustible','Combustibles','2018-06-21 00:08:00','A'),('RCV_Tipoinventario','CONTROLVEHICULAR','Catálogo de Tipos de Inventario','Tipoinventario','2018-06-21 00:10:00','A'),('RCV_Tipomantto','CONTROLVEHICULAR','Catálogo de Tipos de Mantenimiento','Mantenimiento','2018-06-21 00:20:00','A'),('RCV_Tiporesguardo','CONTROLVEHICULAR','Catálogo de Tipos de Resguardo','Tiporesguardo','2018-06-21 00:14:00','A'),('ReCatConces','ESTIMACIONES','Catálogo deConcesionarias','Estimaciones','2017-10-20 11:39:02','A'),('ReCatDedRet','ESTIMACIONES','Catálogo de Deducciones/Retenciones/Penalizaciones','Estimaciones','2017-10-20 11:39:02','A'),('ReCatProced','ESTIMACIONES','Catálogo de Procedencias','Estimaciones','2017-10-20 11:39:02','A'),('ReCatTipCon','ESTIMACIONES','Catálogo deTipos de Contratos','Estimaciones','2017-10-20 11:39:02','A'),('REst_Proceden','CONTROLVEHICULAR','Catálogo de Procedencias','Procedencias','2018-08-14 00:12:00','A'),('RGral_Aplicacion','CONTROLVEHICULAR','Catálogo de Aplicaciones','Aplicaciones','2018-08-15 00:16:00','A'),('RGral_Area','CONTROLVEHICULAR','Catálogo de Areas','Centros','2018-08-10 00:10:00','A'),('RGral_CentroCosto','CONTROLVEHICULAR','Catálogo de Centros de Costos','Centros','2018-08-10 00:16:00','A'),('RGral_Depto','CONTROLVEHICULAR','Catálogo de Departamentos','Departamentos','2018-08-10 00:12:00','A'),('RGral_Empresa','CONTROLVEHICULAR','Catálogo de Empresas','Reporte','2018-06-15 00:06:00','A'),('RGral_Modulo','CONTROLVEHICULAR','Catálogo de Módulos','Modulos','2018-08-14 00:16:00','A'),('RGRAL_Pais','CONTROLVEHICULAR','Catálogo de Países','Pais','2018-08-01 00:12:00','A'),('RGral_Puesto','CONTROLVEHICULAR','Catálogo de Puestos','Puestos','2018-08-10 00:14:00','A'),('RGral_Rol','CONTROLVEHICULAR','Catálogo de Roles','Roles','2018-08-14 00:16:00','A'),('RGRAL_Zona','CONTROLVEHICULAR','Catálogo de Zonas','Zona','2018-08-09 00:14:00','A'),('RProgramaVerifica','CONTROLVEHICULAR','Programa de Verificación','Mantenimiento','2018-12-19 12:00:00','A'),('RResguardoPropio','CONTROLVEHICULAR','RESGUARDO VEHICULAR','FLOTILLA','2018-10-04 12:00:00','A');
/*!40000 ALTER TABLE `general_aplicacion` ENABLE KEYS */;
UNLOCK TABLES;

--
-- Table structure for table `general_aplicacion_rol`
--

DROP TABLE IF EXISTS `general_aplicacion_rol`;
/*!40101 SET @saved_cs_client     = @@character_set_client */;
/*!40101 SET character_set_client = utf8 */;
CREATE TABLE `general_aplicacion_rol` (
  `IdRol` varchar(20) COLLATE utf8mb4_unicode_ci DEFAULT NULL,
  `IdAplicacion` varchar(20) COLLATE utf8mb4_unicode_ci DEFAULT NULL,
  `Fecha` datetime DEFAULT NULL,
  `Estatus` char(1) COLLATE utf8mb4_unicode_ci DEFAULT NULL,
  `Inserta` int(11) DEFAULT NULL,
  `Actualiza` int(11) DEFAULT NULL,
  `Borra` int(11) DEFAULT NULL,
  `Consulta` int(11) DEFAULT NULL,
  KEY `FK_AR_APLICACION` (`IdAplicacion`),
  KEY `FK_AR_ROL` (`IdRol`),
  CONSTRAINT `FK_AR_APLICACION` FOREIGN KEY (`IdAplicacion`) REFERENCES `general_aplicacion` (`IdAplicacion`),
  CONSTRAINT `FK_AR_ROL` FOREIGN KEY (`IdRol`) REFERENCES `general_rol` (`IdRol`)
) ENGINE=InnoDB DEFAULT CHARSET=utf8mb4 COLLATE=utf8mb4_unicode_ci;
/*!40101 SET character_set_client = @saved_cs_client */;

--
-- Dumping data for table `general_aplicacion_rol`
--

LOCK TABLES `general_aplicacion_rol` WRITE;
/*!40000 ALTER TABLE `general_aplicacion_rol` DISABLE KEYS */;
INSERT INTO `general_aplicacion_rol` VALUES ('ADM1               ','frmCatArea','2018-05-15 00:05:00','A',0,0,0,1),('ADM1               ','frmCatCC','2018-05-15 00:05:00','A',0,0,0,1),('ADM1               ','frmCatProyecto','2018-10-01 12:00:00','A',1,1,0,1),('ADMIN','frmCatAplicacion','2017-09-29 00:09:00','A',1,1,0,1),('ADMIN','frmCatAplicacionRol','2017-10-02 00:10:00','A',1,1,0,1),('ADMIN','frmCatArea','2017-08-16 00:08:00','A',1,1,0,1),('ADMIN','frmCatCC','2017-08-09 00:08:00','A',1,1,0,1),('ADMIN','frmCatDepto','2017-08-22 00:08:00','A',1,1,0,1),('ADMIN','frmCatEmp','2017-08-08 00:08:00','A',1,1,0,1),('ADMIN','frmCatEmpCC','2017-08-10 00:08:00','A',1,1,0,1),('ADMIN','frmCatEmpleado','2017-08-31 00:08:00','A',1,1,0,1),('ADMIN','frmCatEmpProced','2017-09-18 00:09:00','A',1,1,0,1),('ADMIN','frmCatEmpRol','2017-09-18 00:09:00','A',1,0,1,1),('ADMIN','frmCatModulo','2017-09-26 00:09:00','A',1,1,0,1),('ADMIN','frmCatModuloRol','2017-09-27 09:05:35','A',1,1,1,1),('ADMIN','frmCatProcedencia','2017-09-12 00:09:00','A',1,1,0,1),('ADMIN              ','frmCatProyecto','2018-10-01 12:00:00','A',1,1,0,1),('ADMIN','frmCatPuesto','2017-09-18 00:09:00','A',1,1,0,1),('ADMIN','frmCatRol','2017-09-18 00:09:00','A',1,1,0,1),('ADMIN','frmOrdenTraslado','2018-11-07 00:00:00','A',1,1,0,1),('ADMIN','frmReparacionVehic','2018-10-31 00:00:00','A',1,1,0,1),('CV1                ','frmActaAdmin','2018-08-23 12:00:00','A',1,1,0,1),('CV1                ','frmAsigCombustible','2018-06-07 00:06:00','A',1,1,0,1),('CV1                ','frmAsignacionVehi','2018-06-06 00:06:00','A',1,1,0,1),('CV1                ','frmBDOT','2018-07-25 12:00:00','A',1,1,0,1),('CV1','frmCartaResponsiva','2018-08-17 00:00:00','A',1,1,0,1),('CV1','frmCatAccesorio','2018-03-15 12:57:00','A',1,1,0,1),('CV1','frmCatAdaptacion','2017-09-11 00:09:00','A',1,1,0,1),('CV1','frmCatCabina','2017-10-06 16:20:25','A',1,1,0,1),('CV1','frmCatCarroceria','2017-10-09 12:19:03','A',1,1,0,1),('CV1','frmCatColor','2017-09-05 00:09:00','A',1,1,0,1),('CV1                ','frmCatCostoCombusti','2018-06-05 00:06:00','A',1,0,0,1),('CV1','frmCatCristal','2017-10-09 11:24:17','A',1,1,0,1),('CV1','frmCatEntidad','2017-10-03 16:32:31','A',1,1,0,1),('CV1                ','FrmCatEntidadCC','2018-10-12 12:00:00','A',1,1,0,1),('CV1','frmCatEstatusot','2017-10-09 12:45:11','A',1,1,0,1),('CV1                ','frmCatEstatusVehi','2018-06-28 00:06:00','A',1,1,0,1),('CV1','frmCatHojalateriap','2017-10-09 17:23:23','A',1,1,0,1),('CV1','frmCatLinea','2017-09-18 00:09:00','A',1,1,0,1),('CV1','frmCatMarca','2017-09-12 17:11:27','A',1,1,0,1),('CV1','frmCatMotivo','2017-10-04 16:00:23','A',1,1,0,1),('CV1','frmCatMotor','2017-10-06 16:44:24','A',1,1,0,1),('CV1','frmCatNeumatico','2017-10-09 10:35:57','A',1,1,0,1),('CV1','frmCatPagadoPor','2017-10-04 16:49:11','A',1,1,0,1),('CV1                ','frmCatPais','2018-07-18 12:00:00','A',1,1,0,1),('CV1','frmCatPaquete','2018-02-20 16:29:00','A',1,1,0,1),('CV1','frmCatProveedor','2018-02-27 16:49:00','A',1,1,0,1),('CV1','frmCatReparacion','2017-10-04 16:23:59','A',1,1,0,1),('CV1','frmCatReparadopor','2017-10-09 15:24:14','A',1,1,0,1),('CV1','frmCatRotulo','2017-09-18 16:14:57','A',1,1,0,1),('CV1','frmCatTaller','2017-10-09 13:35:27','A',1,1,0,1),('CV1                ','frmCatTanqueCombusti','2018-06-28 00:06:00','A',1,1,0,1),('CV1                ','frmCatTarjetaComb','2018-06-04 00:06:00','A',1,1,0,1),('CV1','frmCatTiempoVerifica','2018-03-09 15:41:00','A',1,1,0,1),('CV1','frmCatTipoAuto','2017-10-19 09:22:49','A',1,1,0,1),('CV1','frmCatTipoInventario','2017-10-05 17:07:01','A',1,1,0,1),('CV1','frmCatTipoMantto','2017-10-03 17:21:29','A',1,1,0,1),('CV1','frmCatTiporesguardo','2018-02-22 11:40:00','A',1,1,0,1),('CV1                ','FrmCatTipoServicio','2018-11-30 12:00:00','A',1,1,0,1),('CV1','frmCatTpocombustible','2017-10-11 17:10:25','A',1,1,0,1),('CV1                ','frmCatZona','2018-07-23 12:00:00','A',1,1,0,1),('CV1                ','frmDetMovComb','2018-07-04 12:00:00','A',1,0,0,1),('CV1                ','FrmEstatusResguardo','2018-11-15 12:00:00','A',1,1,0,1),('CV1                ','frmFlotilla','2017-10-04 00:10:00','A',1,1,0,1),('CV1                ','frmFlotillaAsigna','2018-03-07 00:03:00','A',1,1,0,1),('CV1','frmInventarioFisico','2017-12-06 12:31:41','A',1,1,1,1),('CV1                ','frmLicenciaPersonal','2018-06-05 00:06:00','A',1,1,0,1),('CV1                ','FrmMontoPropueCarga','2018-11-07 12:00:00','A',1,1,0,1),('CV1                ','frmMttoPreventivo','2018-08-15 12:00:00','A',1,1,0,1),('CV1                ','frmMultas','2018-06-29 00:06:00','A',1,1,0,1),('CV1','frmOrdenTraslado','2018-11-07 00:00:00','A',1,1,0,1),('CV1','frmOtrosImpuestos','2018-09-25 00:00:00','A',1,1,0,1),('CV1','frmPrestamoVehiculo','2018-06-25 12:31:41','A',1,1,1,1),('CV1                ','frmProgramaVerif','2018-07-19 12:00:00','A',1,1,0,1),('CV1                ','frmRenovacionTarjetC','2018-06-21 00:06:00','A',1,1,0,1),('CV1','frmReparacionVehic','2018-10-31 00:00:00','A',1,1,0,1),('CV1                ','frmResguardoContra','2018-05-16 00:05:00','A',1,1,0,1),('CV1                ','frmResguardoPropio','2018-04-20 00:04:00','A',1,1,0,1),('CV1','frmRevistaVehiculo','2018-08-09 10:10:01','A',1,1,1,1),('CV1                ','frmServicioEjecutado','2018-08-24 12:00:00','A',1,1,0,1),('CV1                ','frmServPresup','2018-08-20 12:00:00','A',1,1,0,1),('CV1                ','frmTicket','2018-08-20 12:00:00','A',1,1,0,1),('CV1','frmVehiculoS','2018-08-22 00:00:00','A',1,1,0,1),('CV1','frmVehiculosBaja','2018-08-20 00:00:00','A',1,1,0,1),('CV1                ','frmVerificacionVehi','2018-07-31 12:00:00','A',1,1,0,1),('CV1                ','RProgramaVerifica','2018-12-19 12:00:00','A',0,0,0,1),('CV1                ','RResguardoPropio','2018-10-04 12:00:00','A',0,0,0,1),('CV2                ','frmActaAdmin','2018-12-19 12:00:00','A',1,1,0,1),('CV2                ','frmAsigCombustible','2018-12-19 12:00:00','A',1,1,0,1),('CV2                ','frmAsignacionVehi','2018-12-19 12:00:00','A',1,1,0,1),('CV2                ','frmBDOT','2018-12-19 12:00:00','A',1,1,0,1),('CV2                ','frmCartaResponsiva','2018-12-19 12:00:00','A',1,1,0,1),('CV2                ','frmCatAccesorio','2018-12-19 12:00:00','A',1,1,0,1),('CV2                ','frmCatAdaptacion','2018-12-19 12:00:00','A',1,1,0,1),('CV2                ','frmCatCabina','2018-12-19 12:00:00','A',1,1,0,1),('CV2                ','frmCatCarroceria','2018-12-19 12:00:00','A',1,1,0,1),('CV2                ','frmCatCC','2018-12-19 12:00:00','A',1,1,0,1),('CV2                ','frmCatColor','2018-12-19 12:00:00','A',1,1,0,1),('CV2                ','frmCatCostoCombusti','2018-12-19 12:00:00','A',1,1,0,1),('CV2                ','frmCatCristal','2018-12-19 12:00:00','A',1,1,0,1),('CV2                ','FrmCatDedRet','2018-12-19 12:00:00','A',1,1,0,1),('CV2                ','frmCatEntidad','2018-12-19 12:00:00','A',1,1,0,1),('CV2                ','FrmCatEntidadCC','2018-12-19 12:00:00','A',1,1,0,1),('CV2                ','frmCatEstatusot','2018-12-19 12:00:00','A',1,1,0,1),('CV2                ','frmCatEstatusVehi','2018-12-19 12:00:00','A',1,1,0,1),('CV2                ','frmCatHojalateriap','2018-12-19 12:00:00','A',1,1,0,1),('CV2                ','frmCatLinea','2018-12-19 12:00:00','A',1,1,0,1),('CV2                ','frmCatMarca','2018-12-19 12:00:00','A',1,1,0,1),('CV2                ','frmCatMotivo','2018-12-19 12:00:00','A',1,1,0,1),('CV2                ','frmCatMotor','2018-12-19 12:00:00','A',1,1,0,1),('CV2                ','frmCatNeumatico','2018-12-19 12:00:00','A',1,1,0,1),('CV2                ','frmCatPagadoPor','2018-12-19 12:00:00','A',1,1,0,1),('CV2                ','frmCatPais','2018-12-19 12:00:00','A',1,1,0,1),('CV2                ','frmCatPaquete','2018-12-19 12:00:00','A',1,1,0,1),('CV2                ','frmCatProveedor','2018-12-19 12:00:00','A',1,1,0,1),('CV2                ','frmCatProyecto','2018-12-19 12:00:00','A',1,1,0,1),('CV2                ','frmCatReparacion','2018-12-19 12:00:00','A',1,1,0,1),('CV2                ','frmCatReparadopor','2018-12-19 12:00:00','A',1,1,0,1),('CV2                ','frmCatRotulo','2018-12-19 12:00:00','A',1,1,0,1),('CV2                ','frmCatTaller','2018-12-19 12:00:00','A',1,1,0,1),('CV2                ','frmCatTanqueCombusti','2018-12-19 12:00:00','A',1,1,0,1),('CV2                ','frmCatTarjetaComb','2018-12-19 12:00:00','A',1,1,0,1),('CV2                ','frmCatTiempoVerifica','2018-12-19 12:00:00','A',1,1,0,1),('CV2                ','frmCatTipoAuto','2018-12-19 12:00:00','A',1,1,0,1),('CV2                ','frmCatTipoInventario','2018-12-19 12:00:00','A',1,1,0,1),('CV2                ','frmCatTipoMantto','2018-12-19 12:00:00','A',1,1,0,1),('CV2                ','frmCatTiporesguardo','2018-12-19 12:00:00','A',1,1,0,1),('CV2                ','FrmCatTipoServicio','2018-12-19 12:00:00','A',1,1,0,1),('CV2                ','frmCatTpocombustible','2018-12-19 12:00:00','A',1,1,0,1),('CV2                ','frmCatZona','2018-12-19 12:00:00','A',1,1,0,1),('CV2                ','FrmContratos','2018-12-19 12:00:00','A',1,1,0,1),('CV2                ','frmDetMovComb','2018-12-19 12:00:00','A',1,1,0,1),('CV2                ','FrmEstatusResguardo','2018-12-19 12:00:00','A',1,1,0,1),('CV2                ','frmFlotilla','2018-12-19 12:00:00','A',1,1,0,1),('CV2                ','frmFlotillaAsigna','2018-12-19 12:00:00','A',1,1,0,1),('CV2                ','frmInventarioFisico','2018-12-19 12:00:00','A',1,1,0,1),('CV2                ','frmLicenciaPersonal','2018-12-19 12:00:00','A',1,1,0,1),('CV2                ','FrmMontoPropueCarga','2018-12-19 12:00:00','A',1,1,0,1),('CV2                ','frmMttoPreventivo','2018-12-19 12:00:00','A',1,1,0,1),('CV2                ','frmMultas','2018-12-19 12:00:00','A',1,1,0,1),('CV2                ','frmOrdenTraslado','2018-12-19 12:00:00','A',1,1,0,1),('CV2                ','frmOtrosImpuestos','2018-12-19 12:00:00','A',1,1,0,1),('CV2                ','frmPrestamoVehiculo','2018-12-19 12:00:00','A',1,1,0,1),('CV2                ','frmProgramaVerif','2018-12-19 12:00:00','A',1,1,0,1),('CV2                ','frmRenovacionTarjetC','2018-12-19 12:00:00','A',1,1,0,1),('CV2                ','frmReparacionVehic','2018-12-19 12:00:00','A',1,1,0,1),('CV2                ','frmResguardoPropio','2018-12-19 12:00:00','A',1,1,1,1),('CV2                ','frmRevistaVehiculo','2018-12-19 12:00:00','A',1,1,0,1),('CV2                ','frmServicioEjecutado','2018-12-19 12:00:00','A',1,1,0,1),('CV2                ','frmServPresup','2018-12-19 12:00:00','A',1,1,0,1),('CV2                ','frmTicket','2018-12-19 12:00:00','A',1,1,0,1),('CV2                ','frmVehiculoS','2018-12-19 12:00:00','A',1,1,0,1),('CV2                ','frmVehiculosBaja','2018-12-19 12:00:00','A',1,1,0,1),('CV2                ','frmVerificacionVehi','2018-12-19 12:00:00','A',1,1,0,1),('CV4                ','frmFlotilla','2017-12-04 00:12:00','A',0,0,0,1),('E1','FrmCatConcesionarias','2017-09-12 00:09:00','A',1,1,0,1),('E1','FrmCatDedRet','2017-09-12 00:09:00','A',1,1,0,1),('E1','FrmCatProced','2017-09-12 11:21:41','A',1,1,1,1),('E1','FrmCatTipCon','2017-09-12 11:21:41','A',1,1,1,1),('E1','FrmContratos','2017-09-12 16:17:49','A',1,1,1,1),('E1','FrmEstimaciones','2017-09-12 11:21:41','A',1,1,1,1),('E2                 ','FrmCatConcesionarias','2017-10-02 00:10:00','A',0,0,0,1),('E2                 ','FrmCatDedRet','2017-10-02 00:10:00','A',0,0,0,1),('E2                 ','FrmCatTipCon','2017-10-02 00:10:00','A',0,0,0,1),('E2                 ','FrmContratos','2017-10-02 00:10:00','A',0,0,0,1),('E2                 ','FrmEstimaciones','2017-10-02 00:10:00','A',0,0,0,1),('ADM1               ','frmCatArea','2018-05-15 00:05:00','A',0,0,0,1),('ADM1               ','frmCatCC','2018-05-15 00:05:00','A',0,0,0,1),('ADM1               ','frmCatProyecto','2018-10-01 12:00:00','A',1,1,0,1),('ADMIN','frmCatAplicacion','2017-09-29 00:09:00','A',1,1,0,1),('ADMIN','frmCatAplicacionRol','2017-10-02 00:10:00','A',1,1,0,1),('ADMIN','frmCatArea','2017-08-16 00:08:00','A',1,1,0,1),('ADMIN','frmCatCC','2017-08-09 00:08:00','A',1,1,0,1),('ADMIN','frmCatDepto','2017-08-22 00:08:00','A',1,1,0,1),('ADMIN','frmCatEmp','2017-08-08 00:08:00','A',1,1,0,1),('ADMIN','frmCatEmpCC','2017-08-10 00:08:00','A',1,1,0,1),('ADMIN','frmCatEmpleado','2017-08-31 00:08:00','A',1,1,0,1),('ADMIN','frmCatEmpProced','2017-09-18 00:09:00','A',1,1,0,1),('ADMIN','frmCatEmpRol','2017-09-18 00:09:00','A',1,0,1,1),('ADMIN','frmCatModulo','2017-09-26 00:09:00','A',1,1,0,1),('ADMIN','frmCatModuloRol','2017-09-27 09:05:35','A',1,1,1,1),('ADMIN','frmCatProcedencia','2017-09-12 00:09:00','A',1,1,0,1),('ADMIN              ','frmCatProyecto','2018-10-01 12:00:00','A',1,1,0,1),('ADMIN','frmCatPuesto','2017-09-18 00:09:00','A',1,1,0,1),('ADMIN','frmCatRol','2017-09-18 00:09:00','A',1,1,0,1),('ADMIN','frmOrdenTraslado','2018-11-07 00:00:00','A',1,1,0,1),('ADMIN','frmReparacionVehic','2018-10-31 00:00:00','A',1,1,0,1),('CV1                ','frmActaAdmin','2018-08-23 12:00:00','A',1,1,0,1),('CV1                ','frmAsigCombustible','2018-06-07 00:06:00','A',1,1,0,1),('CV1                ','frmAsignacionVehi','2018-06-06 00:06:00','A',1,1,0,1),('CV1                ','frmBDOT','2018-07-25 12:00:00','A',1,1,0,1),('CV1','frmCartaResponsiva','2018-08-17 00:00:00','A',1,1,0,1),('CV1','frmCatAccesorio','2018-03-15 12:57:00','A',1,1,0,1),('CV1','frmCatAdaptacion','2017-09-11 00:09:00','A',1,1,0,1),('CV1','frmCatCabina','2017-10-06 16:20:25','A',1,1,0,1),('CV1','frmCatCarroceria','2017-10-09 12:19:03','A',1,1,0,1),('CV1','frmCatColor','2017-09-05 00:09:00','A',1,1,0,1),('CV1                ','frmCatCostoCombusti','2018-06-05 00:06:00','A',1,0,0,1),('CV1','frmCatCristal','2017-10-09 11:24:17','A',1,1,0,1),('CV1','frmCatEntidad','2017-10-03 16:32:31','A',1,1,0,1),('CV1                ','FrmCatEntidadCC','2018-10-12 12:00:00','A',1,1,0,1),('CV1','frmCatEstatusot','2017-10-09 12:45:11','A',1,1,0,1),('CV1                ','frmCatEstatusVehi','2018-06-28 00:06:00','A',1,1,0,1),('CV1','frmCatHojalateriap','2017-10-09 17:23:23','A',1,1,0,1),('CV1','frmCatLinea','2017-09-18 00:09:00','A',1,1,0,1),('CV1','frmCatMarca','2017-09-12 17:11:27','A',1,1,0,1),('CV1','frmCatMotivo','2017-10-04 16:00:23','A',1,1,0,1),('CV1','frmCatMotor','2017-10-06 16:44:24','A',1,1,0,1),('CV1','frmCatNeumatico','2017-10-09 10:35:57','A',1,1,0,1),('CV1','frmCatPagadoPor','2017-10-04 16:49:11','A',1,1,0,1),('CV1                ','frmCatPais','2018-07-18 12:00:00','A',1,1,0,1),('CV1','frmCatPaquete','2018-02-20 16:29:00','A',1,1,0,1),('CV1','frmCatProveedor','2018-02-27 16:49:00','A',1,1,0,1),('CV1','frmCatReparacion','2017-10-04 16:23:59','A',1,1,0,1),('CV1','frmCatReparadopor','2017-10-09 15:24:14','A',1,1,0,1),('CV1','frmCatRotulo','2017-09-18 16:14:57','A',1,1,0,1),('CV1','frmCatTaller','2017-10-09 13:35:27','A',1,1,0,1),('CV1                ','frmCatTanqueCombusti','2018-06-28 00:06:00','A',1,1,0,1),('CV1                ','frmCatTarjetaComb','2018-06-04 00:06:00','A',1,1,0,1),('CV1','frmCatTiempoVerifica','2018-03-09 15:41:00','A',1,1,0,1),('CV1','frmCatTipoAuto','2017-10-19 09:22:49','A',1,1,0,1),('CV1','frmCatTipoInventario','2017-10-05 17:07:01','A',1,1,0,1),('CV1','frmCatTipoMantto','2017-10-03 17:21:29','A',1,1,0,1),('CV1','frmCatTiporesguardo','2018-02-22 11:40:00','A',1,1,0,1),('CV1                ','FrmCatTipoServicio','2018-11-30 12:00:00','A',1,1,0,1),('CV1','frmCatTpocombustible','2017-10-11 17:10:25','A',1,1,0,1),('CV1                ','frmCatZona','2018-07-23 12:00:00','A',1,1,0,1),('CV1                ','frmDetMovComb','2018-07-04 12:00:00','A',1,0,0,1),('CV1                ','FrmEstatusResguardo','2018-11-15 12:00:00','A',1,1,0,1),('CV1                ','frmFlotilla','2017-10-04 00:10:00','A',1,1,0,1),('CV1                ','frmFlotillaAsigna','2018-03-07 00:03:00','A',1,1,0,1),('CV1','frmInventarioFisico','2017-12-06 12:31:41','A',1,1,1,1),('CV1                ','frmLicenciaPersonal','2018-06-05 00:06:00','A',1,1,0,1),('CV1                ','FrmMontoPropueCarga','2018-11-07 12:00:00','A',1,1,0,1),('CV1                ','frmMttoPreventivo','2018-08-15 12:00:00','A',1,1,0,1),('CV1                ','frmMultas','2018-06-29 00:06:00','A',1,1,0,1),('CV1','frmOrdenTraslado','2018-11-07 00:00:00','A',1,1,0,1),('CV1','frmOtrosImpuestos','2018-09-25 00:00:00','A',1,1,0,1),('CV1','frmPrestamoVehiculo','2018-06-25 12:31:41','A',1,1,1,1),('CV1                ','frmProgramaVerif','2018-07-19 12:00:00','A',1,1,0,1),('CV1                ','frmRenovacionTarjetC','2018-06-21 00:06:00','A',1,1,0,1),('CV1','frmReparacionVehic','2018-10-31 00:00:00','A',1,1,0,1),('CV1                ','frmResguardoContra','2018-05-16 00:05:00','A',1,1,0,1),('CV1                ','frmResguardoPropio','2018-04-20 00:04:00','A',1,1,0,1),('CV1','frmRevistaVehiculo','2018-08-09 10:10:01','A',1,1,1,1),('CV1                ','frmServicioEjecutado','2018-08-24 12:00:00','A',1,1,0,1),('CV1                ','frmServPresup','2018-08-20 12:00:00','A',1,1,0,1),('CV1                ','frmTicket','2018-08-20 12:00:00','A',1,1,0,1),('CV1','frmVehiculoS','2018-08-22 00:00:00','A',1,1,0,1),('CV1','frmVehiculosBaja','2018-08-20 00:00:00','A',1,1,0,1),('CV1                ','frmVerificacionVehi','2018-07-31 12:00:00','A',1,1,0,1),('CV1                ','RProgramaVerifica','2018-12-19 12:00:00','A',0,0,0,1),('CV1                ','RResguardoPropio','2018-10-04 12:00:00','A',0,0,0,1),('CV2                ','frmActaAdmin','2018-12-19 12:00:00','A',1,1,0,1),('CV2                ','frmAsigCombustible','2018-12-19 12:00:00','A',1,1,0,1),('CV2                ','frmAsignacionVehi','2018-12-19 12:00:00','A',1,1,0,1),('CV2                ','frmBDOT','2018-12-19 12:00:00','A',1,1,0,1),('CV2                ','frmCartaResponsiva','2018-12-19 12:00:00','A',1,1,0,1),('CV2                ','frmCatAccesorio','2018-12-19 12:00:00','A',1,1,0,1),('CV2                ','frmCatAdaptacion','2018-12-19 12:00:00','A',1,1,0,1),('CV2                ','frmCatCabina','2018-12-19 12:00:00','A',1,1,0,1),('CV2                ','frmCatCarroceria','2018-12-19 12:00:00','A',1,1,0,1),('CV2                ','frmCatCC','2018-12-19 12:00:00','A',1,1,0,1),('CV2                ','frmCatColor','2018-12-19 12:00:00','A',1,1,0,1),('CV2                ','frmCatCostoCombusti','2018-12-19 12:00:00','A',1,1,0,1),('CV2                ','frmCatCristal','2018-12-19 12:00:00','A',1,1,0,1),('CV2                ','FrmCatDedRet','2018-12-19 12:00:00','A',1,1,0,1),('CV2                ','frmCatEntidad','2018-12-19 12:00:00','A',1,1,0,1),('CV2                ','FrmCatEntidadCC','2018-12-19 12:00:00','A',1,1,0,1),('CV2                ','frmCatEstatusot','2018-12-19 12:00:00','A',1,1,0,1),('CV2                ','frmCatEstatusVehi','2018-12-19 12:00:00','A',1,1,0,1),('CV2                ','frmCatHojalateriap','2018-12-19 12:00:00','A',1,1,0,1),('CV2                ','frmCatLinea','2018-12-19 12:00:00','A',1,1,0,1),('CV2                ','frmCatMarca','2018-12-19 12:00:00','A',1,1,0,1),('CV2                ','frmCatMotivo','2018-12-19 12:00:00','A',1,1,0,1),('CV2                ','frmCatMotor','2018-12-19 12:00:00','A',1,1,0,1),('CV2                ','frmCatNeumatico','2018-12-19 12:00:00','A',1,1,0,1),('CV2                ','frmCatPagadoPor','2018-12-19 12:00:00','A',1,1,0,1),('CV2                ','frmCatPais','2018-12-19 12:00:00','A',1,1,0,1),('CV2                ','frmCatPaquete','2018-12-19 12:00:00','A',1,1,0,1),('CV2                ','frmCatProveedor','2018-12-19 12:00:00','A',1,1,0,1),('CV2                ','frmCatProyecto','2018-12-19 12:00:00','A',1,1,0,1),('CV2                ','frmCatReparacion','2018-12-19 12:00:00','A',1,1,0,1),('CV2                ','frmCatReparadopor','2018-12-19 12:00:00','A',1,1,0,1),('CV2                ','frmCatRotulo','2018-12-19 12:00:00','A',1,1,0,1),('CV2                ','frmCatTaller','2018-12-19 12:00:00','A',1,1,0,1),('CV2                ','frmCatTanqueCombusti','2018-12-19 12:00:00','A',1,1,0,1),('CV2                ','frmCatTarjetaComb','2018-12-19 12:00:00','A',1,1,0,1),('CV2                ','frmCatTiempoVerifica','2018-12-19 12:00:00','A',1,1,0,1),('CV2                ','frmCatTipoAuto','2018-12-19 12:00:00','A',1,1,0,1),('CV2                ','frmCatTipoInventario','2018-12-19 12:00:00','A',1,1,0,1),('CV2                ','frmCatTipoMantto','2018-12-19 12:00:00','A',1,1,0,1),('CV2                ','frmCatTiporesguardo','2018-12-19 12:00:00','A',1,1,0,1),('CV2                ','FrmCatTipoServicio','2018-12-19 12:00:00','A',1,1,0,1),('CV2                ','frmCatTpocombustible','2018-12-19 12:00:00','A',1,1,0,1),('CV2                ','frmCatZona','2018-12-19 12:00:00','A',1,1,0,1),('CV2                ','FrmContratos','2018-12-19 12:00:00','A',1,1,0,1),('CV2                ','frmDetMovComb','2018-12-19 12:00:00','A',1,1,0,1),('CV2                ','FrmEstatusResguardo','2018-12-19 12:00:00','A',1,1,0,1),('CV2                ','frmFlotilla','2018-12-19 12:00:00','A',1,1,0,1),('CV2                ','frmFlotillaAsigna','2018-12-19 12:00:00','A',1,1,0,1),('CV2                ','frmInventarioFisico','2018-12-19 12:00:00','A',1,1,0,1),('CV2                ','frmLicenciaPersonal','2018-12-19 12:00:00','A',1,1,0,1),('CV2                ','FrmMontoPropueCarga','2018-12-19 12:00:00','A',1,1,0,1),('CV2                ','frmMttoPreventivo','2018-12-19 12:00:00','A',1,1,0,1),('CV2                ','frmMultas','2018-12-19 12:00:00','A',1,1,0,1),('CV2                ','frmOrdenTraslado','2018-12-19 12:00:00','A',1,1,0,1),('CV2                ','frmOtrosImpuestos','2018-12-19 12:00:00','A',1,1,0,1),('CV2                ','frmPrestamoVehiculo','2018-12-19 12:00:00','A',1,1,0,1),('CV2                ','frmProgramaVerif','2018-12-19 12:00:00','A',1,1,0,1),('CV2                ','frmRenovacionTarjetC','2018-12-19 12:00:00','A',1,1,0,1),('CV2                ','frmReparacionVehic','2018-12-19 12:00:00','A',1,1,0,1),('CV2                ','frmResguardoPropio','2018-12-19 12:00:00','A',1,1,1,1),('CV2                ','frmRevistaVehiculo','2018-12-19 12:00:00','A',1,1,0,1),('CV2                ','frmServicioEjecutado','2018-12-19 12:00:00','A',1,1,0,1),('CV2                ','frmServPresup','2018-12-19 12:00:00','A',1,1,0,1),('CV2                ','frmTicket','2018-12-19 12:00:00','A',1,1,0,1),('CV2                ','frmVehiculoS','2018-12-19 12:00:00','A',1,1,0,1),('CV2                ','frmVehiculosBaja','2018-12-19 12:00:00','A',1,1,0,1),('CV2                ','frmVerificacionVehi','2018-12-19 12:00:00','A',1,1,0,1),('CV4                ','frmFlotilla','2017-12-04 00:12:00','A',0,0,0,1),('E1','FrmCatConcesionarias','2017-09-12 00:09:00','A',1,1,0,1),('E1','FrmCatDedRet','2017-09-12 00:09:00','A',1,1,0,1),('E1','FrmCatProced','2017-09-12 11:21:41','A',1,1,1,1),('E1','FrmCatTipCon','2017-09-12 11:21:41','A',1,1,1,1),('E1','FrmContratos','2017-09-12 16:17:49','A',1,1,1,1),('E1','FrmEstimaciones','2017-09-12 11:21:41','A',1,1,1,1),('E2                 ','FrmCatConcesionarias','2017-10-02 00:10:00','A',0,0,0,1),('E2                 ','FrmCatDedRet','2017-10-02 00:10:00','A',0,0,0,1),('E2                 ','FrmCatTipCon','2017-10-02 00:10:00','A',0,0,0,1),('E2                 ','FrmContratos','2017-10-02 00:10:00','A',0,0,0,1),('E2                 ','FrmEstimaciones','2017-10-02 00:10:00','A',0,0,0,1);
/*!40000 ALTER TABLE `general_aplicacion_rol` ENABLE KEYS */;
UNLOCK TABLES;

--
-- Table structure for table `general_area`
--

DROP TABLE IF EXISTS `general_area`;
/*!40101 SET @saved_cs_client     = @@character_set_client */;
/*!40101 SET character_set_client = utf8 */;
CREATE TABLE `general_area` (
  `IdArea` varchar(10) COLLATE utf8mb4_unicode_ci NOT NULL,
  `Area` varchar(100) COLLATE utf8mb4_unicode_ci DEFAULT NULL,
  `Fecha` datetime DEFAULT NULL,
  `Estatus` char(1) COLLATE utf8mb4_unicode_ci DEFAULT NULL,
  `Orden` int(11) NOT NULL,
  `Nivel` int(11) NOT NULL,
  PRIMARY KEY (`IdArea`)
) ENGINE=InnoDB DEFAULT CHARSET=utf8mb4 COLLATE=utf8mb4_unicode_ci;
/*!40101 SET character_set_client = @saved_cs_client */;

--
-- Dumping data for table `general_area`
--

LOCK TABLES `general_area` WRITE;
/*!40000 ALTER TABLE `general_area` DISABLE KEYS */;
INSERT INTO `general_area` VALUES ('ASIMADMCOM','ASIM-ADMINISTRACIÓN Y COMUNICACION','2017-07-20 12:07:40','A',7,3),('ASIMADMCON','ASIM-ADMINISTRACION Y CONTROL','2017-07-17 12:31:40','A',6,3),('ASIMCOMU','ASIM-COMUNICACIONES','2017-07-17 12:31:40','A',8,3),('ASIMDIRGEN','ASIM-DIRECCIÓN GENERAL','2017-07-17 12:31:40','A',3,2),('ASIMJURID','ASIM-JURIDICO','2017-07-17 12:31:40','A',5,3),('DIRADMFIN','DIRECCION ADMINISTRACION Y FINANZAS','2017-07-17 12:31:40','A',9,3),('DIRCOM','Direccion Comercial','2018-07-05 09:47:03','A',10,3),('DIRCONC','Direccion de Concesionarias','2018-07-05 09:47:03','A',11,3),('DIRFIN','Direccion de Finanzas','2018-07-04 19:04:16','A',12,3),('DIRGEN','DIRECCION GENERAL','2017-07-17 12:31:40','A',2,1),('DIRGENOPER','DIRECCION GENERAL DE OPERACIONES','2017-07-17 12:31:40','A',13,3),('DIRGENSUEZ','DIRECCION GENERAL','2018-07-05 00:00:00','A',1,1),('DIRING','Direccion de Ingenieria','2018-07-05 09:47:03','A',14,3),('DIRJUR','DIRECCION JURIDICA','2018-07-05 09:47:03','A',15,3),('DIROFER','Direccion de Ofertas','2018-07-05 09:47:03','A',16,3),('DIROPER','Direccion de Operación','2018-07-05 09:47:03','A',17,3),('DIRPROD','Direccion de Produccion','2018-07-05 09:47:03','A',18,3),('DIRPROP','Direccion de Propuestas','2018-07-05 09:47:03','A',19,3),('DIRRRHH','Direccion de Recursos Humanos','2018-07-05 09:47:03','A',20,3),('DIRSUMLOG','Direccion de Suministros y Logistica','2018-07-05 09:47:03','A',21,3),('GASGRAL','GASTOS GENERALES','2018-07-05 09:47:03','A',22,4),('IT','IT INFORMATICA','2018-07-05 09:47:03','A',23,5),('JURIDICO','JURIDICO','2017-07-17 12:31:40','A',24,5),('LEGCONGENM','Legal y Consejo General México','2018-07-05 09:47:03','A',25,5),('OBRAS','SUBDIRECCION DE INFRAESTRUCTURA','2017-07-17 00:07:00','A',26,2),('OMMINMEX','O&M MINERA MEXICO','2018-07-05 09:47:03','A',27,3),('OMPTATANGA','O&M PTARS RIEGO TANGAMANGA','2018-07-05 09:47:03','A',28,3),('OPERCOM','OPERACION COMERCIAL','2017-07-17 12:31:40','A',29,3),('PEMEX','NUEVO PEMEX','2018-07-05 09:47:03','A',30,3),('PLANCONT','PLANEACION Y CONTROL','2017-07-17 12:31:40','A',31,3),('PTA.CUL','PTA. Culiacan','2018-07-05 09:47:03','A',32,3),('PTACUL','PTA Culiacan','2018-07-05 09:47:03','A',33,3),('PTAJUA','PTA Juárez','2018-07-05 09:47:03','A',34,3),('PTAPUE','PTA Puebla','2018-07-05 09:47:03','A',35,3),('PTASC','PTA Salina Cruz','2018-07-05 09:47:03','A',36,3),('PTASLIMMSA','PTA San Luis Potosi IMMSA','2018-07-05 09:47:03','A',37,3),('PTASLP','PTA San Luis Potosi','2018-07-05 09:47:03','A',38,3),('PTASLTANGA','PLANTA SLP TANGAMANGA','2018-07-05 09:47:03','A',39,3),('PTATIJ','PTA Tijuana','2018-07-05 09:47:03','A',40,3),('PTAVJ','PTA VALLE DE JUAREZ','2018-07-05 09:47:03','A',41,3),('QUERETARO','QUERETARO','2018-07-12 08:52:50','A',42,3),('RH','RECURSOS HUMANOS','2017-07-17 12:31:40','A',43,3),('SEGINDUST','SEGURIDAD INDUSTRIAL','2018-07-12 08:52:50','A',44,3),('SEGURIDAD','SEGURIDAD','2018-07-05 09:47:03','A',45,3),('SERCAMPO','SERVICIOS DE CAMPO','2017-10-18 00:00:00','A',46,3),('SERGENSUEZ','SERVICIOS GENERALES','2018-07-05 09:47:03','A',47,3),('SOLAVANZA','SOLUCIONES AVANZADAS','2018-07-12 08:52:50','A',48,3),('SUBDIRCOM','SUBDIRECCION COMERCIAL','2017-07-17 12:31:40','A',49,2),('SUBDIRINF','SUBDIRECCION DE INFORMATICA','2017-07-17 00:07:00','A',4,2);
/*!40000 ALTER TABLE `general_area` ENABLE KEYS */;
UNLOCK TABLES;

--
-- Table structure for table `general_centrocosto`
--

DROP TABLE IF EXISTS `general_centrocosto`;
/*!40101 SET @saved_cs_client     = @@character_set_client */;
/*!40101 SET character_set_client = utf8 */;
CREATE TABLE `general_centrocosto` (
  `IdCCosto` varchar(15) COLLATE utf8mb4_unicode_ci NOT NULL,
  `Descripcion` varchar(50) COLLATE utf8mb4_unicode_ci DEFAULT NULL,
  `Estatus` char(1) COLLATE utf8mb4_unicode_ci DEFAULT NULL,
  PRIMARY KEY (`IdCCosto`)
) ENGINE=InnoDB DEFAULT CHARSET=utf8mb4 COLLATE=utf8mb4_unicode_ci;
/*!40101 SET character_set_client = @saved_cs_client */;

--
-- Dumping data for table `general_centrocosto`
--

LOCK TABLES `general_centrocosto` WRITE;
/*!40000 ALTER TABLE `general_centrocosto` DISABLE KEYS */;
INSERT INTO `general_centrocosto` VALUES ('035-99','Centro Operativo Santa Cruz','A'),('036-99','Centro Operativo Año de Juarez','A'),('037-99','Estacionamiento Calle 8','A'),('055-99','Dirección de Administración y Finanzas','A'),('056-99','Dirección de Operaciones Técnicas','A'),('057-99','Dirección de Operaciones Comerciales','A'),('072-99','Dirección General de Operaciones','A'),('100','DIRECCION GENERAL','A'),('100-00','Actividades Principales','A'),('100-99','Desarrollo de Nuevos Proyectos','A'),('100C305300','Direccion General','A'),('110','RECURSOS HUMANOS','A'),('170C305300','Direccion de Finanzas','A'),('20','SERVICIOS IACMEX/TECSA','A'),('200','DIRECCION DE ADMINISTRACION Y FINANZAS','A'),('205','PEOPLESOFT','A'),('210','CONTRALORIA','A'),('220','TESORERIA','A'),('230','JURIDICO','A'),('230C305300','Legal y Consejo General México','A'),('240','ABASTECIMIENTO','A'),('250B305300','Direccion de Concesionarias','A'),('300','DIRECCION GENERAL DE OPERACIONES','A'),('300C305300','Direccion de Recursos Humanos','A'),('310','OBRAS','A'),('320','ESTIMACIONES Y CONTRATOS','A'),('330','POZOS','A'),('340','REFORZAMIENTO','A'),('350','SECTORIZACION','A'),('350C305300','Direccion Comercial','A'),('360','REHABILITACION','A'),('360C435300','Direccion de Ofertas','A'),('370','SEGURIDAD INDUSTRIAL','A'),('380','ALMACEN GENERAL','A'),('390','GERENCIA DE PLANEACION Y CONTROL DE OBRA','A'),('391','MAQUINARIA Y CONTROL VEHICULAR','A'),('395','SERVICIOS GENERALES','A'),('400','SUBDIRECCION DE INFORMATICA','A'),('410','SISTEMAS','A'),('420','INFORMATICA','A'),('500','SUBDIRECCION COMERCIAL','A'),('511','OAP AÑO DE JUAREZ','A'),('512','OAP XOCHIMILCO','A'),('513','OAP MILPA ALTA','A'),('514','OAP TLAHUAC','A'),('515','OAP SANTA CRUZ MEYAHUALCO','A'),('516','OAP LOMAS ESTRELLA','A'),('520','OAP COYOACAN','A'),('521','OAP CHURUBUSCO','A'),('522','OAP IZTACALCO','A'),('523','OAP BENITO JUAREZ','A'),('524','OAP VENUSTIANO CARRANZA','A'),('530','GERENCIA DE OPERACION COMERCIAL','A'),('540','CENTRO DE ATENCION TELEFONICA','A'),('550','PROMOCIONES Y TRAMITES ESPECIALES','A'),('560','GERENCIA DE PLANEACION Y CONTROL','A'),('560C555300','Direccion de Ingenieria','A'),('561','FACTURACION','A'),('563','PADRONES','A'),('564','COBRANZA','A'),('570','GERENCIA DE SERVICIOS DE CAMPO','A'),('571','CSC AÑO DE JUAREZ','A'),('572','CSC LOMAS ESTRELLA','A'),('575','CSC TLAHUAC','A'),('576','CSC XOCHIMILCO','A'),('577','CSC LONDRES','A'),('578','CSC VENUSTIANO CARRANZA','A'),('579','CSC CEDA(JAMAIQUITA)','A'),('583','CSC CEDA','A'),('584','INSTALACION Y MANTENIMIENTO','A'),('585','CONEXIONES','A'),('590','CENTRALIZACION DEL SISTEMA COMERCIAL','A'),('591','INVERSIONES SACMEX','A'),('601D305300\r\n','Direccion de Ejecución','A'),('601D305300','Direccion de Produccion','A'),('602X305300','Direccion de Operación','A'),('670C465300','Direccion de Suministros y Logistica','A'),('800C305300','IT INFORMATICA','A'),('831C305300','SEGURIDAD','A'),('832C305300','GASTOS GENERALES','A'),('860C305300','SERVICIOS GENERALES','A'),('900','ASIM DIRECCION GENERAL','A'),('901','ASIM COMUNICACIONES','A'),('902','DESARROLLO COMERCIAL','A'),('903','ASIM ADMINISTRACION Y CONTROL','A'),('904','ASIM JURIDICO','A'),('905','SOLUCIUONES AVANZADAS','A'),('906','QUERETARO','A'),('910','PLANTA DE MATAMOROS','A'),('920','PLANTA DE TORREON','A'),('921','PLANTA CLARIFICADORA DE TORREON-ECOAGUA','A'),('930','DIRECCION DE BOT´S Y OPERACIONES','A'),('950','PROYECTO HERMOSILLO','A'),('960','CANCUN','A'),('970','PROYECTO JALAPA','A'),('999-00','Reexpresión','A'),('CU9X305300','CU9X305300','A'),('JU9X305300','JU9X305300','A'),('MM9X305300','O&M MINERA MEXICO','A'),('SC9Y305300','SC9Y305300','A'),('SL9X305300','SL9X305300','A'),('TA9Y305300','PLANTA SLP TANGAMANGA','A'),('TI9X305300','PTA Tijuana','A'),('TR9X305300','O&M PTARS RIEGO TANGAMANGA','A'),('VJ9X305300','PTA VALLE DE JUAREZ','A'),('X-000093','PTA Puebla','A');
/*!40000 ALTER TABLE `general_centrocosto` ENABLE KEYS */;
UNLOCK TABLES;

--
-- Table structure for table `general_centrocosto_empresa`
--

DROP TABLE IF EXISTS `general_centrocosto_empresa`;
/*!40101 SET @saved_cs_client     = @@character_set_client */;
/*!40101 SET character_set_client = utf8 */;
CREATE TABLE `general_centrocosto_empresa` (
  `idCCosto` varchar(15) COLLATE utf8mb4_unicode_ci DEFAULT NULL,
  `IdEmpresa` varchar(10) COLLATE utf8mb4_unicode_ci DEFAULT NULL,
  KEY `FK_CCE_CENTROCOSTO` (`idCCosto`),
  KEY `FK_CCE_EMPRESA` (`IdEmpresa`),
  CONSTRAINT `FK_CCE_CENTROCOSTO` FOREIGN KEY (`idCCosto`) REFERENCES `general_centrocosto` (`IdCCosto`),
  CONSTRAINT `FK_CCE_EMPRESA` FOREIGN KEY (`IdEmpresa`) REFERENCES `general_empresa` (`IdEmpresa`)
) ENGINE=InnoDB DEFAULT CHARSET=utf8mb4 COLLATE=utf8mb4_unicode_ci;
/*!40101 SET character_set_client = @saved_cs_client */;

--
-- Dumping data for table `general_centrocosto_empresa`
--

LOCK TABLES `general_centrocosto_empresa` WRITE;
/*!40000 ALTER TABLE `general_centrocosto_empresa` DISABLE KEYS */;
INSERT INTO `general_centrocosto_empresa` VALUES ('035-99','IACSA'),('036-99','IACSA'),('037-99','IACSA'),('055-99','IACSA'),('056-99','IACSA'),('057-99','IACSA'),('072-99','IACSA'),('100','SECOI'),('100-00','IACSA'),('100-99','IACSA'),('100C305300','ASIM'),('100C305300','DEGRE'),('110','IACSA'),('110','SECOI'),('170C305300','DEGRE'),('200','SECOI'),('210','SECOI'),('220','IACSA'),('220','SECOI'),('230','IACSA'),('230C305300','DEGRE'),('240','SECOI'),('250B305300','DEGRE'),('300','IACSA'),('300C305300','DEGRE'),('310','IACSA'),('310','SECOI'),('320','IACSA'),('320','SECOI'),('330       ','IACSA     '),('330       ','SECOI'),('340       ','IACSA     '),('350       ','IACSA     '),('350C305300','DEGRE'),('360       ','IACSA     '),('360C435300','DEGRE'),('370','IACSA'),('370','SECOI'),('380','IACSA'),('390','SECOI'),('391','IACSA'),('391','SECOI'),('395       ','IACSA     '),('395','SECOI'),('400','SECOI'),('410','IACME'),('410','SECOI'),('420       ','IACSA     '),('500','SECOI'),('511','IACSA'),('511       ','SECOI     '),('512','IACSA'),('512       ','SECOI     '),('513','IACSA'),('513       ','SECOI     '),('514','IACSA'),('514       ','SECOI     '),('515','IACSA'),('515       ','SECOI     '),('516','IACSA'),('516       ','SECOI     '),('520','IACSA'),('520       ','SECOI     '),('521','IACSA'),('521       ','SECOI     '),('522','IACSA'),('522       ','SECOI     '),('523','IACSA'),('523       ','SECOI     '),('524','IACSA'),('524       ','SECOI     '),('530','IACME'),('530       ','IACSA     '),('530','SECOI'),('540','IACSA'),('550','IACSA'),('560','SECOI'),('560C555300','DEGRE'),('561','IACSA'),('563','IACSA'),('564','IACSA'),('570','SECOI'),('571','IACSA'),('572','IACSA'),('575','IACSA'),('576','IACSA'),('577       ','IACSA     '),('577','SECOI'),('578','IACSA'),('579','IACSA'),('579','SECOI'),('583       ','IACSA     '),('584       ','IACSA     '),('585       ','IACSA     '),('601D305300','DEGRE'),('602X305300','DEGRE'),('670C465300','DEGRE'),('800C305300','DEGRE'),('831C305300','DEGRE'),('832C305300','DEGRE'),('860C305300','DEGRE'),('900       ','ASIM      '),('900','SECOI'),('901','SECOI'),('903','SECOI'),('904','SECOI'),('905','SECOI'),('906','SECOI'),('999-00','IACSA'),('CU9X305300','DEGRE'),('JU9X305300','DEGRE'),('MM9X305300','DEGRE'),('SC9Y305300','DEGRE'),('SL9X305300','DEGRE'),('TA9Y305300','DEGRE'),('TI9X305300','DEGRE'),('TR9X305300','DEGRE'),('VJ9X305300','DEGRE'),('X-000093','DEGRE'),('035-99','IACSA'),('036-99','IACSA'),('037-99','IACSA'),('055-99','IACSA'),('056-99','IACSA'),('057-99','IACSA'),('072-99','IACSA'),('100','SECOI'),('100-00','IACSA'),('100-99','IACSA'),('100C305300','ASIM'),('100C305300','DEGRE'),('110','IACSA'),('110','SECOI'),('170C305300','DEGRE'),('200','SECOI'),('210','SECOI'),('220','IACSA'),('220','SECOI'),('230','IACSA'),('230C305300','DEGRE'),('240','SECOI'),('250B305300','DEGRE'),('300','IACSA'),('300C305300','DEGRE'),('310','IACSA'),('310','SECOI'),('320','IACSA'),('320','SECOI'),('330       ','IACSA     '),('330       ','SECOI'),('340       ','IACSA     '),('350       ','IACSA     '),('350C305300','DEGRE'),('360       ','IACSA     '),('360C435300','DEGRE'),('370','IACSA'),('370','SECOI'),('380','IACSA'),('390','SECOI'),('391','IACSA'),('391','SECOI'),('395       ','IACSA     '),('395','SECOI'),('400','SECOI'),('410','IACME'),('410','SECOI'),('420       ','IACSA     '),('500','SECOI'),('511','IACSA'),('511       ','SECOI     '),('512','IACSA'),('512       ','SECOI     '),('513','IACSA'),('513       ','SECOI     '),('514','IACSA'),('514       ','SECOI     '),('515','IACSA'),('515       ','SECOI     '),('516','IACSA'),('516       ','SECOI     '),('520','IACSA'),('520       ','SECOI     '),('521','IACSA'),('521       ','SECOI     '),('522','IACSA'),('522       ','SECOI     '),('523','IACSA'),('523       ','SECOI     '),('524','IACSA'),('524       ','SECOI     '),('530','IACME'),('530       ','IACSA     '),('530','SECOI'),('540','IACSA'),('550','IACSA'),('560','SECOI'),('560C555300','DEGRE'),('561','IACSA'),('563','IACSA'),('564','IACSA'),('570','SECOI'),('571','IACSA'),('572','IACSA'),('575','IACSA'),('576','IACSA'),('577       ','IACSA     '),('577','SECOI'),('578','IACSA'),('579','IACSA'),('579','SECOI'),('583       ','IACSA     '),('584       ','IACSA     '),('585       ','IACSA     '),('601D305300','DEGRE'),('602X305300','DEGRE'),('670C465300','DEGRE'),('800C305300','DEGRE'),('831C305300','DEGRE'),('832C305300','DEGRE'),('860C305300','DEGRE'),('900       ','ASIM      '),('900','SECOI'),('901','SECOI'),('903','SECOI'),('904','SECOI'),('905','SECOI'),('906','SECOI'),('999-00','IACSA'),('CU9X305300','DEGRE'),('JU9X305300','DEGRE'),('MM9X305300','DEGRE'),('SC9Y305300','DEGRE'),('SL9X305300','DEGRE'),('TA9Y305300','DEGRE'),('TI9X305300','DEGRE'),('TR9X305300','DEGRE'),('VJ9X305300','DEGRE'),('X-000093','DEGRE');
/*!40000 ALTER TABLE `general_centrocosto_empresa` ENABLE KEYS */;
UNLOCK TABLES;

--
-- Table structure for table `general_departamento`
--

DROP TABLE IF EXISTS `general_departamento`;
/*!40101 SET @saved_cs_client     = @@character_set_client */;
/*!40101 SET character_set_client = utf8 */;
CREATE TABLE `general_departamento` (
  `IdDepto` varchar(10) COLLATE utf8mb4_unicode_ci NOT NULL,
  `IdArea` varchar(10) COLLATE utf8mb4_unicode_ci DEFAULT NULL,
  `CCosto` varchar(15) COLLATE utf8mb4_unicode_ci DEFAULT NULL,
  `Departamento` varchar(80) COLLATE utf8mb4_unicode_ci DEFAULT NULL,
  `Estatus` char(1) COLLATE utf8mb4_unicode_ci DEFAULT NULL,
  PRIMARY KEY (`IdDepto`),
  KEY `FK_DEPARTAMENTO_AREA` (`IdArea`),
  CONSTRAINT `FK_DEPARTAMENTO_AREA` FOREIGN KEY (`IdArea`) REFERENCES `general_area` (`IdArea`)
) ENGINE=InnoDB DEFAULT CHARSET=utf8mb4 COLLATE=utf8mb4_unicode_ci;
/*!40101 SET character_set_client = @saved_cs_client */;

--
-- Dumping data for table `general_departamento`
--

LOCK TABLES `general_departamento` WRITE;
/*!40000 ALTER TABLE `general_departamento` DISABLE KEYS */;
INSERT INTO `general_departamento` VALUES ('ABASTECI','DIRADMFIN','240','ABASTECIMIENTO','A'),('ALMACEN','DIRADMFIN','380','ALMACEN','A'),('ASIMADMCON','ASIMADMCON','903','ASIM  ADMINISTRACION Y CONTROL','A'),('ASIMCOMU','ASIMCOMU','901','ASIM-COMUNICACIONES','A'),('ASIMDIRGEN','ASIMDIRGEN','900','ASIM  DIRECCION GENERAL','A'),('ASIMJURID','ASIMJURID','904','ASIM-JURIDICO','A'),('CAT','OPERCOM','540','CENTRO DE ATENCION TELEFONICA','A'),('COBRANZA','PLANCONT','564','COBRANZA Y RECAUDACION','A'),('COBRANZA58','PLANCONT','583','COBRANZA Y RECAUDACION','A'),('CONTRALORI','DIRADMFIN','210','CONTRALORIA','A'),('CSCAJ','SERCAMPO','571','CSC AÑO DE JUAREZ','A'),('CSCAJ583','SERCAMPO','583','CSC AÑO DE JUAREZ','A'),('CSCCEDA','SERCAMPO','579','CSC CEDA','A'),('CSCCEDA583','SERCAMPO','583','CSC CEDA','A'),('CSCCN','SERCAMPO','583','CSC CANAL NACIONAL','A'),('CSCLE','SERCAMPO','572','CSC LOMAS ESTRELLA','A'),('CSCLE583','SERCAMPO','583','CSC LOMAS ESTRELLA','A'),('CSCLON','SERCAMPO','577','CSC LONDRES','A'),('CSCLON583','SERCAMPO','583','CSC LONDRES','A'),('CSCTL','SERCAMPO','575','CSC TLAHUAC','A'),('CSCVC','SERCAMPO','578','CSC VENUSTIANO CARRANZA','A'),('CSCXO','SERCAMPO','576','CSC XOCHIMILCO','A'),('CSCXO583','SERCAMPO','583','CSC XOCHIMILCO','A'),('DIRADMFIN','DIRADMFIN','200','DIRECCION ADMINISTRACION Y FINANZAS','A'),('DIRCOM','DIRCOM','350C305300','Direccion Comercial','A'),('DIRCONC','DIRCONC','250B305300','Direccion de Concesionarias','A'),('DIRFIN','DIRFIN','170C305300','Direccion de Finanzas','A'),('DIRGEN','DIRGEN','100','DIRECCION GENERAL','A'),('DIRGENOPER','DIRGENOPER','300','DIRECCION GENERAL DE OPERACION','A'),('DIRGENSUEZ','DIRGENSUEZ','100C305300','Direccion General','A'),('DIRING','DIRING','560C555300','Direccion de Ingenieria','A'),('DIRJUR','DIRJUR','170C305300','DIRECCION JURIDICA','A'),('DIROFER','DIROFER','360C435300','Direccion de Ofertas','A'),('DIROPER','DIROPER','602X305300','Direccion de Operación','A'),('DIRPROD','DIRPROD','601D305300','Direccion de Produccion','A'),('DIRPROP','DIRPROP','360C435300','Direccion de Propuestas','A'),('DIRRRHH','DIRRRHH','300C305300','Direccion de Recursos Humanos','A'),('DIRSUMLOG','DIRSUMLOG','670C465300','Direccion de Suministros y Logistica','A'),('ESTCONT','OBRAS','320','ESTIMACIONES Y CONTRATOS','A'),('FACTURA','PLANCONT','561','FACTURACION','A'),('GASGRAL','GASGRAL','860C305300','GASTOS GENERALES','A'),('INCENTIVOS','OBRAS','583','INCENTIVOS','A'),('INFORMATI','SUBDIRINF','420','INFORMATICA','A'),('IT','IT','800C305300','IT INFORMATICA','A'),('JURIDICO','JURIDICO','230','JURIDICO','A'),('LEGCONGENM','LEGCONGENM','230C305300','Legal y Consejo General México','A'),('MAQCONVEH','OBRAS','391','MAQUINARIA Y CONTROL VEHICULAR','A'),('METYPROC','DIRGEN','300','METODOS Y PROCEDIMIENTOS','A'),('OAPAJ','OPERCOM','511','O A P AÑO DE JUAREZ','A'),('OAPBJ','OPERCOM','523','O A P  BENITO JUAREZ','A'),('OAPCH','OPERCOM','521','O A P  CHURUBUSCO','A'),('OAPCO','OPERCOM','520','O A P  COYOACAN','A'),('OAPIZ','OPERCOM','522','O A P  IZTACALCO','A'),('OAPLE','OPERCOM','516','O A P LOMAS ESTRELLA','A'),('OAPMA','OPERCOM','513','O A P MILPA ALTA','A'),('OAPSC','OPERCOM','515','O A P SANTA CRUZ','A'),('OAPTL','OPERCOM','514','O A P TLAHUAC','A'),('OAPVC','OPERCOM','524','O A P  VENUSTIANO CARRANZA','A'),('OAPXO','OPERCOM','512','O A P XOCHIMILCO','A'),('OBRAS','OBRAS','310','OBRAS','A'),('OMMINMEX','OMMINMEX','MM9X305300','O&M MINERA MEXICO','A'),('OMPTATANGA','OMPTATANGA','TR9X305300','O&M PTARS RIEGO TANGAMANGA','A'),('OPERCOM','OPERCOM','530','OPERACION COMERCIAL','A'),('PADRONES','PLANCONT','563','PADRON DE USUARIOS','A'),('PEMEX','PEMEX','601D305300','NUEVO PEMEX','A'),('PLANCONT','PLANCONT','560','PLANEACION Y CONTROL','A'),('PROMTRAESP','OPERCOM','550','PROMOCIONES Y TRAMITES ESPECIALES','A'),('PTA.CUL','PTA.CUL','CU9X305300','PTA. Culiacan','A'),('PTACUL','PTACUL','CU9X305300','PTA Culiacan','A'),('PTAJUA','PTAJUA','JU9X305300','PTA Juárez','A'),('PTAPUE','PTAPUE','X-000093','PTA Puebla','A'),('PTASC','PTASC','SC9Y305300','PTA Salina Cruz','A'),('PTASLIMMSA','PTASLIMMSA','MM9X305300','PTA San Luis Potosi IMMSA','A'),('PTASLP','PTASLP','SL9X305300','PTA San Luis Potosi','A'),('PTASLTANTA','PTASLTANGA','TA9Y305300','PLANTA SLP TANGAMANGA','A'),('PTASLTANTR','PTASLTANGA','TR9X305300','PLANTA SLP TANGAMANGA','A'),('PTATIJ','PTATIJ','TI9X305300','PTA Tijuana','A'),('PTAVJ','PTAVJ','VJ9X305300','PTA VALLE DE JUAREZ','A'),('PYCOBRA','OBRAS','390','P  Y C  DE OBRA','A'),('QUERETARO','QUERETARO','906','QUERETARO','A'),('RH','RH','110','RECURSOS HUMANOS','A'),('SEGIND','RH','370','SEGURIDAD INDUSTRIAL','I'),('SEGINDUST','SEGINDUST','370','SEGURIDAD INDUSTRIAL','A'),('SEGURIDAD','SEGURIDAD','831C305300','SEGURIDAD','A'),('SERCAMPO','SERCAMPO','570','SERVICIOS DE CAMPO','A'),('SERGEN','RH','395','SERVICIOS GENERALES','A'),('SERGENS35','SERGENSUEZ','350C305300','SERVICIOS GENERALES','A'),('SERGENS86','SERGENSUEZ','860C305300','SERVICIOS GENERALES','A'),('SISTEMAS','SUBDIRCOM','410','SISTEMAS','A'),('SOLAVANZA','SOLAVANZA','905','SOLUCIONES AVANZADAS','A'),('SUBDIRCOM','SUBDIRCOM','500','SUBDIRECCION COMERCIAL','A'),('SUBDIRINF','SUBDIRINF','400','SUBDIRECCION DE INFORMATICA','A'),('TESORERIA','DIRADMFIN','220','TESORERIA','A');
/*!40000 ALTER TABLE `general_departamento` ENABLE KEYS */;
UNLOCK TABLES;

--
-- Table structure for table `general_empleado`
--

DROP TABLE IF EXISTS `general_empleado`;
/*!40101 SET @saved_cs_client     = @@character_set_client */;
/*!40101 SET character_set_client = utf8 */;
CREATE TABLE `general_empleado` (
  `IdEmpleado` int(11) NOT NULL,
  `IdPuesto` varchar(10) COLLATE utf8mb4_unicode_ci DEFAULT NULL,
  `IdDepto` varchar(10) COLLATE utf8mb4_unicode_ci DEFAULT NULL,
  `Nombre` varchar(80) COLLATE utf8mb4_unicode_ci DEFAULT NULL,
  `ApellidoP` varchar(50) COLLATE utf8mb4_unicode_ci DEFAULT NULL,
  `ApellidoM` varchar(50) COLLATE utf8mb4_unicode_ci DEFAULT NULL,
  `Fecha` datetime DEFAULT NULL,
  `UserName` varchar(15) COLLATE utf8mb4_unicode_ci DEFAULT NULL,
  `Password` varchar(15) COLLATE utf8mb4_unicode_ci DEFAULT NULL,
  `Estatus` char(1) COLLATE utf8mb4_unicode_ci DEFAULT NULL,
  `Correo` varchar(100) COLLATE utf8mb4_unicode_ci DEFAULT NULL,
  `IdEmpresa` varchar(10) COLLATE utf8mb4_unicode_ci DEFAULT NULL,
  `IdFoto` varchar(18) COLLATE utf8mb4_unicode_ci DEFAULT NULL,
  `CscFoto` varchar(10) COLLATE utf8mb4_unicode_ci DEFAULT NULL,
  `cookie` text COLLATE utf8mb4_unicode_ci NOT NULL,
  PRIMARY KEY (`IdEmpleado`),
  KEY `FK_EMPLEADO_PUESTO` (`IdPuesto`),
  KEY `FK_EMPLEADO_DEPTO` (`IdDepto`),
  CONSTRAINT `FK_EMPLEADO_DEPTO` FOREIGN KEY (`IdDepto`) REFERENCES `general_departamento` (`IdDepto`),
  CONSTRAINT `FK_EMPLEADO_PUESTO` FOREIGN KEY (`IdPuesto`) REFERENCES `general_puesto` (`IdPuesto`)
) ENGINE=InnoDB DEFAULT CHARSET=utf8mb4 COLLATE=utf8mb4_unicode_ci;
/*!40101 SET character_set_client = @saved_cs_client */;

--
-- Dumping data for table `general_empleado`
--

LOCK TABLES `general_empleado` WRITE;
/*!40000 ALTER TABLE `general_empleado` DISABLE KEYS */;
INSERT INTO `general_empleado` VALUES (2006,'SUPERIOBRA','PYCOBRA','GUSTAVO','FUENTES','MONTAÑO','2017-10-25 00:00:00',NULL,NULL,'A',NULL,'SECOI',NULL,'0',''),(2007,'GERESTCONT','ESTCONT','ROBERTO','GALVAN','RAMIREZ','2017-10-25 00:00:00','RGALVAN','RGALVAN','A',NULL,'SECOI',NULL,'0',''),(2015,'SUPERINT','SERCAMPO','SALVADOR ALFONSO','GARCIA','GODINEZ','2017-10-25 00:00:00','SGARCIA','SGARCIA','A',NULL,'SECOI',NULL,'0',''),(2017,'PROGRAMA','SISTEMAS','JOSE LUIS','GARCIA','FLORES','1998-01-18 00:01:00','JLGARCIA','JLGARCIA','I','jlgarcia@acuatic.com.mx','SECOI',NULL,'0',''),(2020,'JEFEOFI','OAPTL','VICTOR MAURICIO','GONZALEZ','TORRES','2017-10-25 00:00:00','VGONZALEZ','VGONZALEZ','A',NULL,'SECOI',NULL,'0',''),(2027,'COORSISCOM','SISTEMAS','JOSE','OSORIO','GOMEZ','2017-07-17 12:54:09','JOSORIO','JOSORIO','I','josorio@acuatic.com.mx','SECOI',NULL,'0',''),(2028,'SUBDIROBRA','OBRAS','LAURO AGUSTIN','BECERRIL','MARTINEZ','2017-10-25 00:00:00','LABECERRIL','LABECERRIL','A',NULL,'SECOI',NULL,'0',''),(2032,'PROGRAMA','SISTEMAS','DARIO','ACEVEDO','GARCIA','1998-01-13 00:01:00','DACEVEDO','DACEVEDO','A','dacevedo@acuatic.com.mx','SECOI',NULL,'0',''),(2034,'JEFEPROY','PYCOBRA','JUAN JESUS','CARRILLO','MONDRAGON','2017-10-25 00:00:00','JJCARRILLO','JJCARRILLO','A',NULL,'SECOI',NULL,'0',''),(2036,'COORINFFIS','CONTRALORI','JOSE HECTOR','YAÑEZ','CASTILLO','2017-10-25 00:00:00','JHYAÑEZ','JHYAÑEZ','A',NULL,'SECOI',NULL,'0',''),(2041,'PROGRAMA','SISTEMAS','JESUS','LUA','GARCIA','2017-07-17 12:51:44','JLUA','JLUA','A','jlua@acuatic.com.mx','SECOI',NULL,'0',''),(2043,'SUPERIEST','ESTCONT','FERNANDO','MALDONADO','CRUZ','2017-10-25 00:00:00','FMALDONADO','FMALDONADO','A',NULL,'SECOI',NULL,'0',''),(2054,'JEFEOFI','OAPBJ','VERONICA MARGARITA','DIAZ','DIAZ','2017-10-25 00:00:00','VMDIAZ','VMDIAZ','A',NULL,'SECOI',NULL,'0',''),(2059,'JEFEOFI','OAPCH','EDGAR','GONZALEZ','CHAVEZ','2017-10-25 00:00:00','EGONZALEZ','EGONZALEZ','A',NULL,'SECOI',NULL,'0',''),(2062,'ANAESTB','ESTCONT','ALMA ROSA','REYES','MADRIGAL','2017-10-25 00:00:00','ARREYES','ARREYES','A',NULL,'SECOI',NULL,'0',''),(2063,'SUBDIRINF','SUBDIRINF','SERGIO','RUBIO','RODRIGUEZ','2017-10-25 00:00:00','SRUBIO','SRUBIO','I',NULL,'SECOI',NULL,'0',''),(2070,'GERCOMER','OPERCOM','ANSELMO','LOPEZ','ESCOBAR','2017-10-25 00:00:00','ALOPEZ','ALOPEZ','A',NULL,'SECOI',NULL,'0',''),(2072,'DIRGEN','DIRGEN','JOSE LUIS','TORRES','ACOSTA','2017-10-25 00:00:00','JLTORRES','JLTORRES','I',NULL,'SECOI',NULL,'0','0b3ddcc5a55e0a043ae4fcea8beeea403e51d733'),(2074,'GERPLANCON','PLANCONT','AGUSTIN ALEJANDRO','CHAVEZ','ARREDON','2017-10-25 00:00:00','AACHAVEZ','AACHAVEZ','A',NULL,'SECOI',NULL,'0',''),(2076,'SUBDIRCOM','SUBDIRCOM','FRANCISCO JAVIER','RAMIREZ','MANDUJANO','2017-07-17 13:02:57','FRAMIREZ','FRAMIREZ','A','framirez@acuatic.com.mx','SECOI',NULL,'0',''),(2080,'DIRFINAN','ASIMCOMU','FERNANDO DANIEL','CHAMAS',NULL,'2017-10-25 00:00:00','FDCHAMAS','FDCHAMAS','I',NULL,'ASIM',NULL,'0',''),(2085,'SUPERIRMYS','ABASTECI','MANUEL ANTONIO','TORRES','ROMERO','2017-10-25 00:00:00','MATORRES','MATORRES','A',NULL,'SECOI',NULL,'0',''),(2087,'JEFEOFI','OAPLE','ADRIANA','PINEDA','MELENDEZ','2017-10-25 00:00:00','APINEDA','APINEDA','A',NULL,'SECOI',NULL,'0',''),(2088,'JEFEOFI','OAPSC','SILBESTRE','CARLOS','MENDOZA','2017-10-25 00:00:00','SCMENDOZA','SCMENDOZA','A',NULL,'SECOI',NULL,'0',''),(2089,'JEFEOFI','OAPCO','MARIA CRISTINA','RAMOS','CHAPARRO','2017-10-25 00:00:00','MARAMOS','MARAMOS','A',NULL,'SECOI',NULL,'0',''),(2091,'JEFEOFI','OAPVC','FRANCISCO','CERRILLO','SANTAMARIA','2017-10-25 00:00:00','FCERRILLO','FCERRILLO','A',NULL,'SECOI',NULL,'0',''),(2092,'JEFEOFI','OAPAJ','IGNACIO','FONSECA','RENDON','2017-10-25 00:00:00','IFONSECA','IFONSECA','A',NULL,'SECOI',NULL,'0',''),(2095,'SUBCONCYC','ASIMADMCON','CHRISTIAN','VAZQUEZ','VILLA','2017-10-25 00:00:00','CHVAZQUEZ','CHVAZQUEZ','A',NULL,'SECOI',NULL,'0',''),(2099,'CONSULTOR','ASIMDIRGEN','JACQUES CHRISTOPHE','LETONDOT',NULL,'2018-07-13 17:33:58','JLETONDOT','JLETONDOT','I',NULL,'SECOI',NULL,'0',''),(2110,'CHOFERDIR','ASIMDIRGEN','JOSE ALONSO','GONZALEZ','CARDOSO','2017-10-25 00:00:00','JAGONZALEZ','JAGONZALEZ','A',NULL,'ASIM',NULL,'0',''),(2111,'SECDIR','ASIMCOMU','LETICIA','GUZMAN','TAMAYO','2017-10-25 00:00:00','LGUZMAN','LGUZMAN','I',NULL,'SECOI',NULL,'0',''),(2113,'GERSERV','SERCAMPO','MARCO ANTONIO','MUNDO','FLORES','2017-10-25 00:00:00','MAMUNDO','MAMUNDO','A',NULL,'SECOI',NULL,'0',''),(2114,'COORAMDPER','RH','JUAN FRANCISCO','CRUZ','AVILA','2017-10-25 00:00:00','JFCRUZ','JFCRUZ','A',NULL,'SECOI',NULL,'0',''),(2116,'SUPERIJUR','ASIMJURID','LEON','VELASCO','BOTELLO','2017-10-25 00:00:00','LVELASCO','LVELASCO','I',NULL,'SECOI',NULL,'0',''),(2117,'SUBDIRRH','RH','JOSE','GARRIDO','GUZMAN','2017-10-25 00:00:00','JGARRIDO','JGARRIDO','A',NULL,'SECOI',NULL,'0',''),(2119,'GERCOMCION','ASIMCOMU','ILEANA','MAYA','RIVERO','2017-10-25 00:00:00','IMAYA','IMAYA','I',NULL,'SECOI',NULL,'0',''),(2120,'DIRGEN','DIRGEN','JESUS','TORRES','ROLDAN','2018-07-16 16:53:11','JTORRESR','JTORRESR','A',NULL,'SECOI',NULL,'0',''),(2121,'SUBSOLAVAN','SOLAVANZA','ADRIAN','GIBERT','GRACIA','2018-07-13 17:33:58','ASOLAVANZA','ASOLAVANZA','A',NULL,'ASIM',NULL,'0',''),(2122,'JEFEPROY','QUERETARO','ZULEMA LIZETH','BARRERA','BARRERA','2018-07-13 17:33:58','ZBARRERA','ZBARRERA','A',NULL,'SECOI',NULL,'0',''),(2123,'JEFEPROY','QUERETARO','ELENA GUADALUPE','AGUILLON','VELAZQUEZ','2018-07-13 17:33:58','EAGUILLON','EAGUILLON','A',NULL,'SECOI',NULL,'0',''),(2124,'SUPERSG','SERGEN','JULIA EUGENIA DEL PERPETUO SOC','URRUTIA','BRACAMONTES','2018-07-13 16:48:56','JURRUTIA','JURRUTIA','A',NULL,'SECOI',NULL,'0',''),(2125,'GERSEG','SEGINDUST','DAVID','RODRIGUEZ','BUENDIA','2018-10-05 00:00:00','DRODRIGUEZ',NULL,'A',NULL,'SECOI',NULL,'0',''),(2999,'DIRGEN','DIRGENSUEZ','JORDI','VALL',NULL,'2018-07-16 16:53:11','JVALLS','JVALLS','A',NULL,'ASIM','SECOI','0',''),(4005,'OFICINISTA','OAPCH','MARIO ALBERTO','AGUILAR','GUEVARA','2017-10-25 00:00:00','MAAGUILAR','MAAGUILAR','I',NULL,'IACSA',NULL,'0',''),(4006,'TECCAMPOB','CSCVC','VICENTE','ALBA','YAÑEZ','2017-10-25 00:00:00','VALBA','VALBA','A',NULL,'IACSA',NULL,'0',''),(4013,'OPERCAT','CAT','ELIAS','AMADO','QUIROZ','2017-10-25 00:00:00','EAMADO','EAMADO','A',NULL,'IACSA',NULL,'0',''),(4020,'TECCAMPOA','CSCCEDA','JUAN CARLOS','BANDA','HERNANDEZ','2017-10-25 00:00:00','JCBANDA','JCBANDA','A',NULL,'IACSA',NULL,'0',''),(4028,'SUPERIOBRA','OBRAS','RAFAEL','CADENA','SOTO','2017-10-25 00:00:00','RCADENA','RCADENA','A',NULL,'IACSA',NULL,'0',''),(4038,'OFICINISTA','CAT','LILIAN OLIVIA','CHON','MERINO','2017-10-25 00:00:00','LOCHON','LOCHON','A',NULL,'IACSA',NULL,'0',''),(4043,'OFICINISTA','OAPIZ','RUBEN','CORTES','SANDOVAL','2017-10-25 00:00:00','RCORTES','RCORTES','A',NULL,'IACSA',NULL,'0',''),(4045,'JEFEFREPRY','OBRAS','ALEJANDRO','CRUZ','GARCIA','2018-07-16 16:53:11','ALCRUZG','ALCRUZG','I',NULL,'IACSA',NULL,'0',''),(4058,'TECCAMPOB','CSCVC','JOSE ANDRES','FIGUEROA','GARCIA','2017-10-25 00:00:00','JAFIGUEROA','JAFIGUEROA','A',NULL,'IACSA',NULL,'0',''),(4061,'SUPATNUSUA','OAPVC','MARIA IVONNE','FLORES','ZAMUDIO','2017-10-25 00:00:00','MAFLORES','MAFLORES','A',NULL,'IACSA',NULL,'0',''),(4063,'JEFEFREPRY','OBRAS','JOSE ADRIAN','FUENTES','HERNANDEZ','2018-07-13 17:33:58','JAFUENTES','JAFUENTES','I',NULL,'IACSA',NULL,'0',''),(4065,'ANACOMB','FACTURA','JOSE LUIS','FUENTES','MORENO','2017-10-25 00:10:00','JLFUENTES','JLFUENTES','A','jfuentes@acuatic.com.mx','IACSA',NULL,'0',''),(4068,'ANACOMB','ESTCONT','RAUL','GARCES','MARIN','2017-10-25 00:00:00','RGARCES','RGARCES','A',NULL,'IACSA',NULL,'0',''),(4077,'OFICINISTA','OAPBJ','MARGARITA DELIA','GARCIA','DE LA O','2017-10-25 00:00:00','MDGARCIA','MDGARCIA','A',NULL,'IACSA',NULL,'0',''),(4082,'SUPATNUSUA','OAPBJ','OSCAR','GOMEZ','RAMIREZ','2017-10-25 00:00:00','OGOMEZ','OGOMEZ','A',NULL,'IACSA',NULL,'0',''),(4084,'SUPFACTA','FACTURA','MARIA DE LOS ANGELES','GONZALEZ','GARCIA','2017-10-25 00:00:00','MAGONZALEZ','MAGONZALEZ','I',NULL,'IACSA',NULL,'0',''),(4088,'TECCAMPOB','CSCLON','CASIMIRO GERARDO','GRANADOS','LUNA','2017-10-25 00:00:00','CGGRANADOS','CGGRANADOS','A',NULL,'IACSA',NULL,'0',''),(4095,'OFICINISTA','OAPCH','PATRICIA','GUZMAN','NUÑEZ','2017-10-25 00:00:00','PGUZMAN','PGUZMAN','A',NULL,'IACSA',NULL,'0',''),(4096,'ANACOMB','FACTURA','RODOLFO','GUZMAN','ESQUIVEL','2017-10-25 00:00:00','RGUZAMAN','RGUZAMAN','A',NULL,'IACSA',NULL,'0',''),(4102,'JEFEFREPRY','OBRAS','LUIS JOSE','HERNANDEZ','PALACIOS','2018-07-13 17:33:58','LJHERNANDEZ','LJHERNANDEZ','I',NULL,'IACSA',NULL,'0',''),(4107,'JEFEFREN','SERCAMPO','LUIS ARTURO','HERRERA','HERNANDEZ','2018-07-16 17:04:10','LAHERRERAH','LAHERRERAH','I',NULL,'IACSA',NULL,'0',''),(4108,'JEFEFREPRY','OBRAS','MARTIN','HIBERT','BASILIO','2018-07-13 17:33:58','MHIBERT','MHIBERT','I',NULL,'IACSA',NULL,'0',''),(4115,'OFICINISTA','OAPAJ','JUAN','LARA','MARTINEZ','2017-10-25 00:00:00','JLARA','JLARA','A',NULL,'IACSA',NULL,'0',''),(4121,'COORCAPDSA','RH','JUAN MANUEL','LOPEZ','ESPINDOLA','2017-10-25 00:00:00','JMLOPEZ','JMLOPEZ','A',NULL,'IACSA',NULL,'0',''),(4124,'SUPATNUSUA','OAPLE','DANIEL ISAAC','LOZANO','LUNA','2017-10-25 00:00:00','DILOZANO','DILOZANO','A',NULL,'IACSA',NULL,'0',''),(4125,'TECCAMPOB','CSCVC','VICTOR ARMANDO','MANCERA','CHAVEZ','2017-10-25 00:00:00','VAMANCERA','VAMANCERA','I',NULL,'IACSA',NULL,'0',''),(4126,'JEFEFREN','OBRAS','ALEJANDRO','MANZO','ESPARZA','2018-07-13 17:33:58','AMANZO','AMANZO','I',NULL,'IACSA',NULL,'0',''),(4129,'ENCCATA','CAT','CARLOS DANIEL','MARTINEZ','FERNANDEZ','2017-10-25 00:00:00','CDMARTINEZ','CDMARTINEZ','A',NULL,'IACSA',NULL,'0',''),(4130,'SUPATNUSUA','PROMTRAESP','SILVIA','MARTINEZ','HERNANDEZ','2017-10-25 00:00:00','SMARTINEZ','SMARTINEZ','A',NULL,'IACSA',NULL,'0',''),(4141,'ANACOMB','PROMTRAESP','MARIA DEL ROCIO','MILLAN','GONZALEZ','2017-10-25 00:00:00','MRMILLAN','MRMILLAN','A',NULL,'IACSA',NULL,'0',''),(4150,'TECMANINM','SERGEN','SANTIAGO','MORALES','INFANTE','2017-10-25 00:00:00','SMORALES','SMORALES','A',NULL,'IACSA',NULL,'0',''),(4159,'TECCENSO','CSCLON','EDUARDO JAVIER','NOGUERON','MENDOZA','2017-10-25 00:00:00','EJNOGUERON','EJNOGUERON','A',NULL,'IACSA',NULL,'0',''),(4174,'TECCAMPOA','CSCCEDA','JUAN','PAZ','RAMOS','2017-10-25 00:00:00','JPAZ','JPAZ','A',NULL,'IACSA',NULL,'0',''),(4181,'OFICINISTA','OAPAJ','CARLOS ALBERTO','PEREZ','LIMA','2017-10-25 00:00:00','CAPEREZ','CAPEREZ','A',NULL,'IACSA',NULL,'0',''),(4182,'TECCAMPOB','CSCLON','FRANCISCO','PEREZ','CRUZ','2017-10-25 00:00:00','FPEREZ','FPEREZ','A',NULL,'IACSA',NULL,'0',''),(4184,'COMPRADOR','ABASTECI','RUTH','PEREZ','HERRERA','2017-10-25 00:00:00','RPEREZ','RPEREZ','A',NULL,'IACSA',NULL,'0',''),(4186,'SUPLECB','CSCAJ','ELIAS','PIÑA','BARRIENTOS','2017-10-25 00:00:00','EPIÑA','EPIÑA','A',NULL,'IACSA',NULL,'0',''),(4191,'TECCAMPOA','CSCCEDA','JORGE','QUIROZ','JUAREZ','2017-10-25 00:00:00','JQUIROZ','JQUIROZ','A',NULL,'IACSA',NULL,'0',''),(4193,'OFICINISTA','OAPBJ','SUSANA','RAMIREZ','TECILLOS','2017-10-25 00:00:00','SRAMIREZ','SRAMIREZ','A',NULL,'IACSA',NULL,'0',''),(4195,'ANACOMB','PADRONES','ANDRES','RAMIREZ','HERNANDEZ','2017-10-25 00:00:00','ARAMIREZ','ARAMIREZ','A',NULL,'IACSA',NULL,'0',''),(4196,'SUPLECB','CSCVC','JAVIER','RAMIRES','GONZALEZ','2017-10-25 00:00:00','JRAMIRES','JRAMIRES','A',NULL,'IACSA',NULL,'0',''),(4197,'TECCAMPOB','CSCVC','MANUEL','REYES','RAMIREZ','2017-10-25 00:00:00','MREYES','MREYES','A',NULL,'IACSA',NULL,'0',''),(4224,'OPERCAT','CAT','JAIME ENRIQUE','SANTIAGO','SANCHEZ','2017-10-25 00:00:00','JESANTIAGO','JESANTIAGO','A',NULL,'IACSA',NULL,'0',''),(4225,'OFICINISTA','OAPXO','ANABEL','SANTILLAN','ALBA','2017-10-25 00:00:00','ASANTILLAN','ASANTILLAN','A',NULL,'IACSA',NULL,'0',''),(4227,'SUPATNUSUA','OAPTL','LETICIA PATRICIA','SERNA','YLLESCAS','2017-10-25 00:00:00','LPSERNA','LPSERNA','A',NULL,'IACSA',NULL,'0',''),(4228,'OPERCAT','OAPCH','OCTAVIO','SILVA','RODEA','2017-10-25 00:00:00','OSILVA','OSILVA','A',NULL,'IACSA',NULL,'0',''),(4236,'TECCAMPOA','CSCCEDA','ADOLFO','VAZQUEZ','OLAYA','2017-10-25 00:00:00','AVAZQUEZ','AVAZQUEZ','A',NULL,'IACSA',NULL,'0',''),(4242,'OFICINISTA','OAPBJ','FELIX','VILLAGRAN','SALAZAR','2017-10-25 00:00:00','FVILLAGRAN','FVILLAGRAN','A',NULL,'IACSA',NULL,'0',''),(4244,'SUPLECB','CSCAJ','ALEJANDRO','ZAVALA','BUCIO','2017-10-25 00:00:00','AZAVALA','AZAVALA','A',NULL,'IACSA',NULL,'0',''),(4251,'CHOFER','ALMACEN','EFREN','ESTRADA','GARCIA','2018-07-13 17:33:58','EESTRADA','EESTRADA','I',NULL,'IACSA',NULL,'0',''),(4266,'MECANESP','SERGEN','GREGORIO','CASTAÑEDA','CHIRINOS','2017-10-25 00:00:00','GCASTAÑEDA','GCASTAÑEDA','A',NULL,'IACSA',NULL,'0',''),(4279,'OFICINISTA','OAPLE','ANNA YURHIVIA','VILLARRUEL','RAZO','2017-10-25 00:00:00','AYVILLARUEL','AYVILLARUEL','A',NULL,'IACSA',NULL,'0',''),(4282,'SUPATNUSUA','OAPAJ','BLANCA MARCELA','CARRILLO','HERNANDEZ','2017-10-25 00:00:00','BMCARRILLO','BMCARRILLO','A',NULL,'IACSA',NULL,'0',''),(4315,'SUPATNUSUA','OAPCO','MARTIN','SOLORZANO','GUEVARA','2017-10-25 00:00:00','MSOLORZANO','MSOLORZANO','A',NULL,'IACSA',NULL,'0',''),(4317,'CHOFERDIR','DIRGEN','RICARDO','GONZALEZ','LOBERA','2018-07-16 17:04:10','RGONZALEZL','RGONZALEZL','I',NULL,'IACSA',NULL,'0',''),(4318,'ENCTESOA','TESORERIA','ARACELI','HURTADO','ORTIZ','2017-10-25 00:00:00','AHURTADO','AHURTADO','A',NULL,'IACSA',NULL,'0',''),(4320,'TECPROEQCM','INFORMATI','JOSE JUAN','HERRERA','FLORES','2017-10-25 00:00:00','JJHERRERA','JJHERRERA','A',NULL,'IACSA',NULL,'0',''),(4321,'COORSISCOM','SISTEMAS','ELEUTERIO','SANTANDER','RAMIREZ','2017-07-17 00:07:00','ESANTANDER','ESANTANDER','A','esantander@acuatic.com.mx','IACSA',NULL,'0',''),(4324,'SUPLECB','CSCVC','DANIEL','HERNANDEZ','ROMERO','2017-10-25 00:00:00','DHERNANDEZ','DHERNANDEZ','A',NULL,'IACSA',NULL,'0',''),(4327,'SUPERIOBRA','OBRAS','MANUEL ANTONIO','TORRES','ROMERO','2018-07-16 17:04:10','MATORRESR','MATORRESR','I',NULL,'IACSA',NULL,'0',''),(4329,'SUPMEDB','CSCCEDA','ERNESTO','HERNANDEZ','LOPEZ','2017-10-25 00:00:00','EHERNANDEZ',NULL,'A',NULL,'IACSA',NULL,'0',''),(4337,'SUPLECB','CSCLON','ALBERTO','LEZAMA','HERNANDEZ','2017-10-25 00:00:00','ALEZAMA',NULL,'A',NULL,'IACSA',NULL,'0',''),(4338,'ENCARCHB','CONTRALORI','EDUARDO','PIEDRAS','MACIAS','2017-10-25 00:00:00','EPIEDRAS',NULL,'A',NULL,'IACSA',NULL,'0',''),(4341,'SUPERICYM','INFORMATI','GERARDO ANGEL','MARTINEZ','GARCIA','2017-10-25 00:00:00','GAMARTINEZ',NULL,'A',NULL,'IACSA',NULL,'0',''),(4342,'TECCAMPOA','CSCCEDA','FRANCISCO ARTEMIO','CARRILLO','SARABIA','2017-10-25 00:00:00','FACARRILLO',NULL,'I',NULL,'IACSA',NULL,'0',''),(4346,'SECDIR','SUBDIRCOM','PAZ JOSEFINA','PINEDA','GOMEZ','2017-10-25 00:00:00','PJPINEDA',NULL,'A',NULL,'IACSA',NULL,'0',''),(4349,'COORPAD','PADRONES','ERIKA GUADALUPE','GUEVARA','ZUÑIGA','2017-10-25 00:00:00','EGGUEVARA','EGGUEVARA','A',NULL,'IACSA',NULL,'0',''),(4351,'SUPATNUSUA','OAPAJ','REBECA','HERNANDEZ','GARCIA','2017-10-25 00:00:00','RHERNANDEZ',NULL,'A',NULL,'IACSA',NULL,'0',''),(4352,'SUPLECB','CSCAJ','NOE RAUL','PINEDA','GOMEZ','2017-10-25 00:00:00','NRPINEDA',NULL,'A',NULL,'IACSA',NULL,'0',''),(4353,'SUPLECB','CSCCEDA','LUIS','REYES','GARDUÑO','2017-10-25 00:00:00','LREYES',NULL,'A',NULL,'IACSA',NULL,'0',''),(4354,'ANACOMB','PADRONES','JESUS OLIMPO','ANAYA','GOMEZ','2017-10-25 00:00:00','JOANAYA',NULL,'A',NULL,'IACSA',NULL,'0',''),(4356,'JEFELEC','CSCLON','LUIS','ORIHUELA','MORALES','2017-10-25 12:00:00','LORIHUELA',NULL,'A','-','IACSA',NULL,'0',''),(4357,'JEFELEC','CSCLON','FRANCISCO EDUARDO','BARCENA','GOMEZ','2017-10-25 00:00:00','FCBARCENA',NULL,'A',NULL,'IACSA',NULL,'0',''),(4365,'ANACOMB','PADRONES','SILVIA GISELA','ENGRANDEZ','QUIROZ','2017-10-25 00:00:00','SGENGRANDEZ',NULL,'A',NULL,'IACSA',NULL,'0',''),(4366,'SUPERINT','CSCCEDA583','ANTONIO ENRIQUE','FERNANDEZ','FERNANDEZ','2017-10-25 00:10:00','AEFERNANDEZ','AEFERNANDEZ','A','afernandez@acuatic.com.mx','IACSA',NULL,'0',''),(4367,'ENCTESOA','TESORERIA','MARIA DE LOS ANGELES','CANO','GARCIA','2017-10-25 00:00:00','MACANO',NULL,'A',NULL,'IACSA',NULL,'0',''),(4368,'SUPATNUSUA','OAPMA','HILDA','BECERRIL','CHAVEZ','2017-10-25 00:00:00','HBECERRIL',NULL,'A',NULL,'IACSA',NULL,'0',''),(4373,'SUPERIOBRA','OBRAS','VICTOR','CRUZ','DELGADO','2018-07-13 17:33:58','VCRUZD','VCRUZD','I',NULL,'IACSA',NULL,'0',''),(4375,'SUPATNUSUA','OAPCO','GUADALUPE','DE HARO','HERNANDEZ','2017-10-25 00:00:00','GDEHARO',NULL,'A',NULL,'IACSA',NULL,'0',''),(4378,'JEFELEC','CSCVC','ALEJANDRO','GALLARDO','ALCANTAR','2017-10-25 00:00:00','AGALLARDO',NULL,'A',NULL,'IACSA',NULL,'0',''),(4379,'SUPLECB','CSCLON','CARLOS JORGE','OLMEDO','VILLANUEVA','2017-10-25 00:00:00','CJOLMEDO',NULL,'A',NULL,'IACSA',NULL,'0',''),(4380,'OFICINISTA','OAPAJ','CLAUDIA GABRIELA','SALGADO','SALAZAR','2017-10-25 00:00:00','CGSALGADO',NULL,'A',NULL,'IACSA',NULL,'0',''),(4383,'TECCAMPOA','CSCCEDA','JAIME','GOMEZ','MIRANDA','2017-10-25 00:00:00','JGOMEZ',NULL,'A',NULL,'IACSA',NULL,'0',''),(4391,'ANACOMB','PADRONES','MARIA ISABEL','MATURANO','OLIVARES','2017-10-25 00:00:00','MIMATURANO',NULL,'A',NULL,'IACSA',NULL,'0',''),(4392,'SUPLECB','CSCLON','RUFINO','BARCENA','ZENDEJAS','2017-10-25 00:00:00','RBARCENA',NULL,'A',NULL,'IACSA',NULL,'0',''),(4394,'SUPCENSOB','CSCCEDA583','JOSE CARMEN','ORTEGA','HERNANDEZ','2017-10-25 00:00:00','JCORTEGA',NULL,'A',NULL,'IACSA',NULL,'0',''),(4395,'COORPYTESP','PROMTRAESP','AGUSTIN','GONZALEZ','CONTRERAS','2017-10-25 00:00:00','AGONZALEZ',NULL,'A',NULL,'IACSA',NULL,'0',''),(4403,'SUPCOMA','INFORMATI','JUAN','BRITO','ALDAY','2017-10-25 00:00:00','JBRITO',NULL,'A',NULL,'IACSA',NULL,'0',''),(4408,'TECCAMPOA','CSCCEDA583','MARCOS DE JESUS','OLVERA','PEREZ','2017-10-25 00:00:00','MJOLVERA',NULL,'A',NULL,'IACSA',NULL,'0',''),(4410,'OFICINISTA','OAPLE','RICARDO','SORIANO','MEDINA','2017-10-25 00:00:00','RMEDINA',NULL,'A',NULL,'IACSA',NULL,'0',''),(4411,'JEFELEC','CSCAJ','OSCAR','HERNANDEZ','MARTINEZ','2017-10-25 12:00:00','OHERNANDEZ',NULL,'A','-','IACSA',NULL,'0',''),(4414,'SUPMEDB','CSCCEDA','PEDRO','CRUZ','ALVARADO','2017-10-25 00:00:00','PCRUZ',NULL,'A',NULL,'IACSA',NULL,'0',''),(4418,'TECCAMPOB','CSCVC','ALFREDO','ARREDONDO','AGUIRRE','2017-10-25 00:00:00','AARREDONDO',NULL,'A',NULL,'IACSA',NULL,'0',''),(4420,'SUPLECB','CSCCEDA','RAFAEL','MORALES','ESCOBAR','2017-10-25 00:00:00','RMORALES',NULL,'A',NULL,'IACSA',NULL,'0',''),(4422,'TECCAMPOB','CSCAJ','REYES','BOBADILLA','CHAVARRIA','2017-10-25 00:00:00','RBOBADILLA',NULL,'I',NULL,'IACSA',NULL,'0',''),(4424,'TECCAMPOA','CSCCEDA','RODOLFO ULISES','COBOS','RAMIREZ','2017-10-25 00:00:00','RUCOBOS',NULL,'A',NULL,'IACSA',NULL,'0',''),(4425,'TECCAMPOB','CSCVC','DAVID','CALDERON','TREJO','2017-10-25 00:00:00','DCALDERON',NULL,'A',NULL,'IACSA',NULL,'0',''),(4429,'TECCAMPOB','CSCLE','SERGIO','ZAYAGO','HERRERA','2017-10-25 00:00:00','SZAGAYO',NULL,'A',NULL,'IACSA',NULL,'0',''),(4430,'SUPATNUSUA','OAPXO','LUIS','BARRIOS','GUEVARA','2017-10-25 00:00:00','LBARRIOS',NULL,'A',NULL,'IACSA',NULL,'0',''),(4432,'ANACOMB','PADRONES','GUILLERMO','CASTELLANOS','FRAGOSO','2017-10-25 00:00:00','GCASTELLANOS',NULL,'I',NULL,'IACSA',NULL,'0',''),(4435,'TECCAMPOB','CSCAJ','HUMBERTO','RODRIGUEZ','OROZCO','2017-10-25 00:00:00','HRODRIGUEZ',NULL,'A',NULL,'IACSA',NULL,'0',''),(4438,'PROGRAMA','SISTEMAS','CLAUDIA','CARDENAS','HERNANDEZ','2017-07-17 00:07:00','CCARDENAS','1808','A','ccardenas@acuatic.com.mx','IACSA',NULL,'0',''),(4439,'TECCAMPOB','CSCAJ','FRANCISCO','PEREZ','SAN JUAN','2017-10-25 00:00:00','FPEREZSJ',NULL,'A',NULL,'IACSA',NULL,'0',''),(4446,'ENCMANEQCA','INFORMATI','OSCAR','ESPINOSA','BAUTISTA','2017-10-25 00:00:00','OESPINOSA',NULL,'A',NULL,'IACSA',NULL,'0',''),(4447,'SUPATNUSUA','OAPIZ','JOSE ANTONIO','MUÑIZ','CASTILLO','2017-10-25 00:00:00','JAMUÑIZ',NULL,'A',NULL,'IACSA',NULL,'0',''),(4448,'ANACOMB','PROMTRAESP','MIGUEL','CASTILLO','SOLARES','2017-10-25 00:00:00','MCASTILLO',NULL,'A',NULL,'IACSA',NULL,'0',''),(4451,'TECCAMPOB','CSCLE','EFREN','ACOSTA','REGALADO','2017-10-25 00:00:00','EACOSTA',NULL,'A',NULL,'IACSA',NULL,'0',''),(4453,'TECCAMPOB','CSCLE','RODOLFO','XOSPA','PADILLA','2017-10-25 00:00:00','RXOSPA',NULL,'A',NULL,'IACSA',NULL,'0',''),(4454,'OFICINISTA','OAPLE','RAFAEL ESTEBAN','GALICIA','VEGA','2017-10-25 00:00:00','REGALICIA',NULL,'A',NULL,'IACSA',NULL,'0',''),(4455,'OFICINISTA','OAPXO','RAFAEL','RIVERA','JIMENEZ','2017-10-25 00:00:00','RRIVERA',NULL,'A',NULL,'IACSA',NULL,'0',''),(4457,'JEFEFREN','OBRAS','DANIEL','TAPIA','ARELLANO','2018-07-13 17:33:58','DTAPIA','DTAPIA','I',NULL,'IACSA',NULL,'0',''),(4460,'OFICINISTA','OAPSC','ABIEL RAUL','MEZA','BRANSFORD','2017-10-25 00:00:00','AMEZA',NULL,'A',NULL,'IACSA',NULL,'0',''),(4461,'TECCENSO','CSCLON','EMILIO','BERNAL','JIMENEZ','2017-10-25 00:00:00','EBERNAL',NULL,'A',NULL,'IACSA',NULL,'0',''),(4469,'SUPATNUSUA','OAPSC','NEMECIO','MARTINEZ','MACIAS','2017-10-25 00:00:00','NMARTINEZ',NULL,'A',NULL,'IACSA',NULL,'0',''),(4471,'ANACOMB','FACTURA','ISABEL','SABANILLA','GONZALEZ','2017-10-25 00:00:00','ISABANILLA',NULL,'A',NULL,'IACSA',NULL,'0',''),(4474,'SUPLECB','CSCXO','GERARDO','SANTIAGO','RODRIGUEZ','2017-10-25 00:00:00','GSANTIAGO',NULL,'A',NULL,'IACSA',NULL,'0',''),(4477,'SUPCENSOB','SERCAMPO','HERIBERTO','ROMANO','POZOS','2017-10-25 00:00:00','HROMANO',NULL,'A',NULL,'IACSA',NULL,'0',''),(4478,'COORCONVEH','SERGEN','JULIA EUGENIA DEL PERPETU','URRUTIA','BRACAMONTES','2017-10-25 00:10:00','JEURRUTIA','JEURRUTIA','I','jurrutia@acuatic.com.mx','IACSA',NULL,'0',''),(4486,'TECCAMPOB','CSCLE','ENRIQUE ALONSO','FRAGOSO','AVILA','2017-10-25 00:00:00','EAFRAGOSO',NULL,'A',NULL,'IACSA',NULL,'0',''),(4493,'TECCAMPOB','CSCLE','SERGIO','NOXPANCO','VILLARRUEL','2017-10-25 00:00:00','SNOXPANCO',NULL,'A',NULL,'IACSA',NULL,'0',''),(4499,'ANACUEPAGA','CONTRALORI','MARCOS MARTIN','PEREZ','CONDE','2017-10-25 00:00:00','MMCONDE',NULL,'A',NULL,'IACSA',NULL,'0',''),(4507,'SUPCENSOB','CSCLON','VICTOR ISAIAS','ZARATE','MONROY','2017-10-25 00:00:00','VIZARATE',NULL,'A',NULL,'IACSA',NULL,'0',''),(4510,'SUPATNUSUA','OAPSC','MARIA DE LA LUZ','GARCIA','HERNANDEZ','2017-10-25 00:00:00','MLGARCIA',NULL,'A',NULL,'IACSA',NULL,'0',''),(4511,'ANACOMB','FACTURA','EFREN','MARTINEZ','SANCHEZ','2017-10-25 00:00:00','EMARTINEZ',NULL,'A',NULL,'IACSA',NULL,'0',''),(4514,'OFICINISTA','OAPBJ','SAMUEL','MORALES','VALLE','2017-10-25 00:00:00','SMORALESV',NULL,'A',NULL,'IACSA',NULL,'0',''),(4517,'TECCAMBPRY','CSCAJ','JORGE ALBERTO','PEREZ','VELAZQUEZ','2017-10-25 00:00:00','JAPEREZ',NULL,'A',NULL,'IACSA',NULL,'0',''),(4518,'OFICINISTA','OAPLE','DAVID FERNANDO','RODRIGUEZ','VENTURA','2017-10-25 00:00:00','DFRODRIGUEZ',NULL,'A',NULL,'IACSA',NULL,'0',''),(4520,'TECCAMPOB','CSCXO','ANGEL','LAVANA',NULL,'2017-10-25 00:00:00','ALAVANA',NULL,'A',NULL,'IACSA',NULL,'0',''),(4524,'ANACOMB','PROMTRAESP','CRISTIAN','BLANCAS','MEZA','2017-10-25 00:00:00','CBLANCAS',NULL,'A',NULL,'IACSA',NULL,'0',''),(4531,'SUPCONTB','CONTRALORI','ROLANDO','AVENDAÑO','GONZALEZ','2017-10-25 00:00:00','RAVENDAÑO',NULL,'A',NULL,'IACSA',NULL,'0',''),(4535,'COORCOBRA','COBRANZA58','EDITH ARACELI','MORENO','MENDOZA','2017-10-25 00:00:00','EAMORENO',NULL,'A',NULL,'IACSA',NULL,'0',''),(4538,'TECCAMPOB','CSCVC','MARCOS EDMUNDO','VARGAS','AVILA','2017-10-25 00:00:00','MEVARGAS',NULL,'A',NULL,'IACSA',NULL,'0',''),(4540,'ENCMANINMB','SERGEN','MAXIMILIANO','CISNEROS','PEREZ','2017-10-25 00:00:00','MCISNEROS',NULL,'A',NULL,'IACSA',NULL,'0',''),(4541,'SUPATNUSUA','OAPCH','JUAN CARLOS','GARCIA','RODRIGUEZ','2017-10-25 00:00:00','JCGARCIA',NULL,'A',NULL,'IACSA',NULL,'0',''),(4547,'TECCAMPOB','CSCXO','JOSE MANUEL','MELESIO',NULL,'2017-10-25 00:00:00','JMMELESIO',NULL,'A',NULL,'IACSA',NULL,'0',''),(4552,'AUXSERV','SERGEN','JORGE','VERA','NOVA','2017-10-25 00:00:00','JVERA',NULL,'A',NULL,'IACSA',NULL,'0',''),(4553,'TECCAMPOB','CSCAJ','RAUL','RODRIGUEZ','ALBERTO','2017-10-25 00:00:00','RRODRIGUEZ',NULL,'A',NULL,'IACSA',NULL,'0',''),(4561,'TECCAMPOB','CSCLE','JORGE','ALBA','AGUIRRE','2017-10-25 00:00:00','JALBA',NULL,'A',NULL,'IACSA',NULL,'0',''),(4563,'SUPATNUSUA','PROMTRAESP','MARIA GUADALUPE','MALDONADO','GONZALEZ','2017-10-25 00:00:00','MGMALDONADO',NULL,'A',NULL,'IACSA',NULL,'0',''),(4566,'ANAFACTA','CONTRALORI','HERIBERTO','GOMEZ','MERLOS','2017-10-25 00:00:00','HGOMEZ',NULL,'A',NULL,'IACSA',NULL,'0',''),(4572,'TECCAMPOB','CSCAJ','ALEJANDRO','GUERRERO','MARTINEZ','2017-10-25 00:00:00','AGUERREROM',NULL,'A',NULL,'IACSA',NULL,'0',''),(4575,'TECCAMPOB','CSCVC','GENARO','ORTIZ','GONZALEZ','2017-10-25 00:00:00','GORTIZ',NULL,'A',NULL,'IACSA',NULL,'0',''),(4577,'TECCAMPOB','CSCLE','JAVIER','HERNANDEZ','ALCANTARA','2017-10-25 00:00:00','JHERNANDEZ',NULL,'A',NULL,'IACSA',NULL,'0',''),(4578,'ANACONTA','CONTRALORI','ABELARDO','HERNANDEZ','ALCARAZ','2017-10-25 00:00:00','AHERNANDEZ',NULL,'A',NULL,'IACSA',NULL,'0',''),(4581,'TECCAMPOB','CSCVC','JESUS MANUEL','ORTIZ','FLORES','2017-10-25 00:00:00','JMORTIZ',NULL,'A',NULL,'IACSA',NULL,'0',''),(4584,'SUBCONTRA','CONTRALORI','ROBERTO','CERVANTES','ORIZABA','2017-10-25 00:00:00','RCERVANTES',NULL,'A',NULL,'IACSA',NULL,'0',''),(4585,'TECCAMPOA','CSCCEDA583','CARLOS','CAMARGO','LOPEZ','2017-10-25 00:00:00','CCAMARGO',NULL,'A',NULL,'IACSA',NULL,'0',''),(4589,'CHOFERDIR','SERGEN','IGNACIO','SIERRA','JIMENEZ','2017-10-25 12:00:00','ISIERRA','ISIERRA','A','isierra@acuatic.com.mx','IACSA',NULL,'0',''),(4591,'ANACOMB','PROMTRAESP','ERIKA IZTACCIHUATL','RAMOS','CRUZ','2017-10-25 00:00:00','EIRAMOS',NULL,'A',NULL,'IACSA',NULL,'0',''),(4599,'CHOFERDIR','ASIMDIRGEN','ARISTEO','RODRIGUEZ','SANTILLAN','2018-07-13 17:33:58','ARODRIGUEZ','ARODRIGUEZ','I',NULL,'IACSA',NULL,'0',''),(4606,'SUPPADA','PADRONES','ARMANDO','PLASCENCIA','SEGUNDO','2017-10-25 00:00:00','APLASCENCIA',NULL,'A',NULL,'IACSA',NULL,'0',''),(4608,'OFICINISTA','OAPLE','SILVIA MARTINA','NOGUEDA','AVILES','2017-10-25 00:00:00','SMNOGUEDA',NULL,'A',NULL,'IACSA',NULL,'0',''),(4612,'JEFEORGSER','RH','MARIA DEL CARMEN','ANGELES','MORALES','2017-10-25 00:00:00','MCANGELES',NULL,'A',NULL,'IACSA',NULL,'0',''),(4615,'JEFEFREN','OBRAS','GABRIELA CLARA LUZ','TORRES','ZERMEÑO','2018-07-13 17:33:58','GCTORRES','GCTORRES','I',NULL,'IACSA',NULL,'0',''),(4618,'TECCAMPOB','CSCAJ','OSCAR','RODRIGUEZ','AGUILERA','2017-10-25 00:00:00','ORODRIGUEZ',NULL,'A',NULL,'IACSA',NULL,'0',''),(4621,'ANACOMB','PADRONES','SANDRA','SANTACRUZ','PEÑALOZA','2017-10-25 00:00:00','SSANTACRUZ',NULL,'A',NULL,'IACSA',NULL,'0',''),(4632,'TECCAMPOB','CSCAJ','LUIS FELIPE','PEREZ','VALVERDE','2017-10-25 00:00:00','LFPEREZ',NULL,'I',NULL,'IACSA',NULL,'0',''),(4642,'TECCAMPOB','CSCAJ','JOSE DE JESUS','SALDAÑA','TAPIA','2017-10-25 00:00:00','JJSALDAÑA',NULL,'A',NULL,'IACSA',NULL,'0',''),(4662,'TECCAMPOB','CSCXO','ARMANDO','FUENLEAL','TORRES','2017-10-25 00:00:00','AFUENLEAL',NULL,'A',NULL,'IACSA',NULL,'0',''),(4676,'TECCAMPOB','CSCXO','RAUL','ALVARADO','SALAS','2017-10-25 00:00:00','RALVARADO',NULL,'A',NULL,'IACSA',NULL,'0',''),(4677,'TECCAMPOB','CSCLON','ROMUALDO MIGUEL','PEREZ','AGUADO','2017-10-25 00:00:00','RMPEREZ',NULL,'A',NULL,'IACSA',NULL,'0',''),(4681,'ANACOMB','COBRANZA58','JUAN SALVADOR','RUIZ','AMBRIZ','2017-10-25 00:00:00','JSRUIZ',NULL,'A',NULL,'IACSA',NULL,'0',''),(4686,'TECCAMBPRY','CSCAJ','RAUL','ORTEGA','ELIAS','2017-10-25 00:00:00','RORTEGA',NULL,'A',NULL,'IACSA',NULL,'0',''),(4692,'TECCAMPOB','CSCXO','JOSE ALBERTO','CALDERON','PEREZ','2017-10-25 00:00:00','JACALDERON',NULL,'A',NULL,'IACSA',NULL,'0',''),(4696,'SUPATNUSUA','OAPIZ','EVA ISELA','MARTINEZ','ELIZONDO','2017-10-25 00:00:00','IMARTINEZ',NULL,'I',NULL,'IACSA',NULL,'0',''),(4717,'TECCAMPOB','CSCVC','JORGE RAUL','FONSECA','PEREZ','2017-10-25 00:00:00','JRFONSECA',NULL,'I',NULL,'IACSA',NULL,'0',''),(4722,'SUPATNUSUA','CAT','JOSE LUIS','RAMIREZ','SANCHEZ','2017-10-25 00:00:00','JLRAMIREZ',NULL,'A',NULL,'IACSA',NULL,'0',''),(4723,'ABOGADO','JURIDICO','EMILIO RENE','PEREZ','ESPINOSA','2018-07-13 17:33:58','ERPEREZ','ERPEREZ','I',NULL,'IACSA',NULL,'0',''),(4724,'SUPERIGESC','JURIDICO','RICARDO','TOVAR','BELTRAN','2017-10-25 00:00:00','RTOVAR',NULL,'A',NULL,'IACSA',NULL,'0',''),(4725,'ANASEGFIAB','TESORERIA','ALEJANDRO','TIOL','LOPEZ','2017-10-25 00:00:00','ATIOL',NULL,'I',NULL,'IACSA',NULL,'0',''),(4730,'TECCAMPOB','CSCLE','JORGE ARTURO','RENTERIA','GIL','2017-10-25 00:00:00','JARENTERIA',NULL,'A',NULL,'IACSA',NULL,'0',''),(4731,'OFICINISTA','OAPVC','MONICA MANUELA','OLGUIN','CLETO','2017-10-25 00:00:00','MMOLGUIN',NULL,'I',NULL,'IACSA',NULL,'0',''),(4737,'TECCENSO','SERCAMPO','JORGE','CRISPIN','MATEOS','2017-10-25 00:00:00','JCRISPIN',NULL,'A',NULL,'IACSA',NULL,'0',''),(4746,'TECCAMPOB','CSCVC','CARLOS','RODRIGUEZ','ESTRADA','2017-10-25 00:00:00','CRODRIGUEZ',NULL,'A',NULL,'IACSA',NULL,'0',''),(4782,'JEFEFREPRY','OBRAS','ANDRES','VAZQUEZ','FLORES','2017-10-25 00:00:00','AVAZQUEZF',NULL,'I',NULL,'IACSA',NULL,'0',''),(4783,'JEFEFREN','OBRAS','GERMAN','TREJO','SAYER','2018-07-13 17:33:58','GTREJO','GTREJO','I',NULL,'IACSA',NULL,'0',''),(4785,'JEFEFREPRY','OBRAS','JUAN JOSE','GARRIDO','URBINA','2018-07-13 17:33:58','JJGARRIDO','JJGARRIDO','I',NULL,'IACSA',NULL,'0',''),(4792,'TECCAMPOB','CSCAJ','MIGUEL ANGEL','MENDEZ','PALMA','2017-10-25 00:00:00','MAMENDEZ',NULL,'I',NULL,'IACSA',NULL,'0',''),(4810,'TECCENSO','SERCAMPO','ALFONSO','MORALES','AGUILAR','2017-10-25 00:00:00','AMORALES',NULL,'A',NULL,'IACSA',NULL,'0',''),(4820,'TECCAMPOB','CSCAJ','VICTOR FRANCISCO','SAN JUAN','GOMEZ','2017-10-25 00:00:00','VFSANJUAN',NULL,'A',NULL,'IACSA',NULL,'0',''),(4829,'JEFEFREPRY','OBRAS','JOSE ALBERTO','PICHARDO','HERNANDEZ','2018-07-13 17:33:58','JAPICHARDO','JAPICHARDO','I',NULL,'IACSA',NULL,'0',''),(4834,'ANAB','OBRAS','ANDRES','GARCIA','PASCUAL','2017-10-25 00:00:00','AGARCIA',NULL,'A',NULL,'IACSA',NULL,'0',''),(4836,'TECCAMAPRY','CSCCEDA583','WALBERTO','ROSAS','DE LA PEÑA','2017-10-25 00:00:00','WROSAS',NULL,'A',NULL,'IACSA',NULL,'0',''),(4840,'AYUDALMA','ALMACEN','MARCO ANTONIO','ALARCON','LOPEZ','2017-10-25 00:00:00','MAALARCON',NULL,'A',NULL,'IACSA',NULL,'0',''),(4847,'SECDIR','SERGEN','MARIA CRUZ','GONZALEZ','MEDINA','2017-10-25 00:00:00','MCGONZALEZ',NULL,'A',NULL,'IACSA',NULL,'0',''),(4850,'SUPCOBA','COBRANZA58','SOCORRO JESSICA','ZAMORA','BONILLA','2017-10-25 00:00:00','SJZAMORA',NULL,'A',NULL,'IACSA',NULL,'0',''),(4857,'TECCAMPOB','CSCLON','ROBERTO','YAÑEZ','CORTES','2017-10-25 00:00:00','RYAÑEZ',NULL,'A',NULL,'IACSA',NULL,'0',''),(4890,'OFICINISTA','OAPVC','ELIZABETH','SAN JUAN','VALENZUELA','2017-10-25 00:00:00','ESANJUAN',NULL,'A',NULL,'IACSA',NULL,'0',''),(4895,'TECCAMAPRY','CSCCEDA','ALBERTO SALVADOR','CORTES','SALINAS','2017-10-25 00:00:00','ASCORTES',NULL,'A',NULL,'IACSA',NULL,'0',''),(4899,'SUPATNUSUA','OAPIZ','GUADALUPE ELVIA','TREJO','ARRIOLA','2017-10-25 00:00:00','GETREJO',NULL,'A',NULL,'IACSA',NULL,'0',''),(4911,'TECCAMAPRY','CSCCEDA583','GASTON ARMANDO','SANCHEZ','BENITEZ','2017-10-25 00:00:00','GASANCHEZ',NULL,'A',NULL,'IACSA',NULL,'0',''),(4914,'JEFEFREN','OBRAS','BALFRE','MAYO','REYES','2018-07-13 17:33:58','BMAYO','BMAYO','I',NULL,'IACSA',NULL,'0',''),(4922,'TECCAMPOA','CSCCEDA','JOEL DE JESUS','SANCHEZ','DOMINGUEZ','2017-10-25 00:00:00','JJSANCHEZ',NULL,'A',NULL,'IACSA',NULL,'0',''),(4925,'JEFEFREPRY','OBRAS','LEONARDO','MARTINEZ','HUERTA','2018-07-13 17:33:58','LMARTINEZ','LMARTINEZ','I',NULL,'IACSA',NULL,'0',''),(4926,'JEFEFREPRY','OBRAS','JOSE GUADALUPE','RODRIGUEZ','RODRIGUEZ','2018-07-13 17:33:58','JGRODRIGUEZ','JGRODRIGUEZ','I',NULL,'IACSA',NULL,'0',''),(4928,'JEFEFREN','SERCAMPO','MIGUEL ANGEL','CRISANTOS','NAVA','2018-07-13 17:33:58','MACRISANTOS','MACRISANTOS','I',NULL,'IACSA',NULL,'0',''),(4931,'JEFEFREPRY','OBRAS','GABRIEL','ALEJANDRE','DE LA ROSA','2018-07-13 17:33:58','GALEJANDRE','GALEJANDRE','I',NULL,'IACSA',NULL,'0',''),(4935,'SPERISEGIN','SEGIND','JOSE ANDRES','LOPEZ','SANCHEZ','2017-10-25 00:00:00','JALOPEZ',NULL,'A',NULL,'IACSA',NULL,'0',''),(4950,'OFICINISTA','OAPXO','JENNY GENOVEVA','PEREZ','HORTA','2017-10-25 00:00:00','JGPEREZ',NULL,'A',NULL,'IACSA',NULL,'0',''),(4951,'OPERCAT','CAT','DIEGO','PALMA','TAPIA','2017-10-25 00:00:00','DPALMA',NULL,'A',NULL,'IACSA',NULL,'0',''),(4952,'AUXADMON','CSCCEDA','ALEJANDRO SALVADOR','REYES','GARIBALDI','2017-10-25 00:00:00','ASREYES',NULL,'I',NULL,'IACSA',NULL,'0',''),(4954,'TECCAMPOB','CSCAJ','JORGE','LOPEZ','VALTIERRA','2017-10-25 00:00:00','JLOPEZ',NULL,'A',NULL,'IACSA',NULL,'0',''),(4958,'AUXADMPRY','CSCCEDA583','VERONICA LILIAN','BALDERAS','RODRIGUEZ','2018-07-13 17:33:59','VLBALDERAS','VLBALDERAS','A',NULL,'IACSA',NULL,'0',''),(4960,'OFICINISTA','OAPTL','NACHIELY ZURISADAI','ORDOÑEZ','HERNANDEZ','2017-10-25 00:00:00','NZORDOÑEZ',NULL,'A',NULL,'IACSA',NULL,'0',''),(4980,'OFICINISTA','OAPLE','ARACELI','MOSQUEDA','MORALES','2017-10-25 00:00:00','AMOSQUEDA',NULL,'A',NULL,'IACSA',NULL,'0',''),(4983,'ANACOMB','COBRANZA58','EMMANUEL','GONZALEZ','GONZALEZ','2017-10-25 00:00:00','EGONZALEZG',NULL,'A',NULL,'IACSA',NULL,'0',''),(4990,'CHOFER','ALMACEN','AMAURI','ALTAMIRANO','GARCIA','2018-07-13 17:33:59','AALTAMIRANO','AALTAMIRANO','I',NULL,'IACSA',NULL,'0',''),(4992,'ANACOMB','COBRANZA58','CLAUDIA','GUILLEN','MEZA','2017-10-25 00:00:00','CGUILLEN',NULL,'A',NULL,'IACSA',NULL,'0',''),(5000,'OFICINISTA','OAPVC','JOSE FRANCISCO','GARCIA','RAMIREZ','2017-10-25 00:00:00','JFGARCIA',NULL,'A',NULL,'IACSA',NULL,'0',''),(5001,'SUBDIRCOM','SUBDIRCOM','MARCO ','MUNDO','FLORES','2017-09-12 13:31:33','MMUNDO','MMUNDO','I','MMUNDO@ACUTIC.COM.MX','IACSA',NULL,'0',''),(5074,'TECCAMPOB','CSCLON','ROQUE ARMANDO','RUIZ','LOPEZ','2017-10-25 00:00:00','RARUIZ',NULL,'A',NULL,'IACSA',NULL,'0',''),(5078,'OFICINISTA','OAPVC','RUBEN','FLORES','ROMERO','2017-10-25 00:00:00','RFLORES',NULL,'A',NULL,'IACSA',NULL,'0',''),(5082,'TECCAMAPRY','CSCCEDA','CESAR','SANCHEZ','VELAZQUEZ','2017-10-25 00:00:00','CSANCHEZ',NULL,'A',NULL,'IACSA',NULL,'0',''),(5098,'AUXADMON','OPERCOM','ARTURO','MALDONADO','GONZALEZ','2017-10-25 00:10:00','AMALDONADO','AMALDONADO','A','amaldonado@acuatic.com.mx','IACSA',NULL,'0',''),(5143,'ANACOMB','PROMTRAESP','EDER ANTONIO','OLMEDO','JIMENEZ','2017-10-25 00:00:00','EAOLMEDO',NULL,'A',NULL,'IACSA',NULL,'0',''),(5146,'OFICINISTA','OAPVC','MARICELA','AGUILAR','DOMINGUEZ','2017-10-25 00:00:00','MAGUILAR',NULL,'A',NULL,'IACSA',NULL,'0',''),(5156,'COORFACR','FACTURA','EDITH','CRUZ','MEJIA','2017-10-25 00:00:00','ECRUZ',NULL,'A',NULL,'IACSA',NULL,'0',''),(5159,'ANACOMB','COBRANZA58','MARIA DE LA LUZ','ROSAS','VALLEJO','2017-10-25 00:00:00','MAROSAS',NULL,'A',NULL,'IACSA',NULL,'0',''),(5170,'SUPERIOBRA','OBRAS','LUIS MANUEL','NAVA','VELAZQUEZ','2018-07-13 17:33:59','LMNAVA','LMNAVA','I',NULL,'IACSA',NULL,'0',''),(5173,'JEFEFREPRY','OBRAS','JOSAFATH ARTURO','OLVERA','SOLIS','2018-07-13 17:33:59','JAOLVERA','JAOLVERA','I',NULL,'IACSA',NULL,'0',''),(5177,'OPERCAT','CAT','LETICIA','SANTAMARIA','FERNANDEZ','2017-10-25 00:00:00','LSANTMARIA',NULL,'A',NULL,'IACSA',NULL,'0',''),(5184,'JEFEFREPRY','OBRAS','ARTURO','CRUZ','HERNANDEZ','2018-07-13 17:33:59','ACRUZH','ACRUZH','I',NULL,'IACSA',NULL,'0',''),(5194,'SUPLECPRYB','CSCLE583','ISABEL','GARCIA','PEREZ','2017-10-25 00:00:00','IGARCIA',NULL,'A',NULL,'IACSA',NULL,'0',''),(5195,'SUPLECB','CSCLE','ALEJANDRO','PEREZ','GANTE','2017-10-25 00:00:00','APEREZG',NULL,'A',NULL,'IACSA',NULL,'0',''),(5196,'TECCAMPOB','CSCLE','ALBERTO RAFAEL','RAMIREZ','BAUTISTA','2017-10-25 00:00:00','ARRAMIREZ',NULL,'A',NULL,'IACSA',NULL,'0',''),(5204,'TECCAMPOB','CSCLE','GERARDO ARTURO','LOPEZ','CASTRO','2017-10-25 00:00:00','GALOPEZ',NULL,'A',NULL,'IACSA',NULL,'0',''),(5213,'COOROBRA','OBRAS','FRANCISCO','ROMERO','FABIAN','2017-10-25 00:00:00','FROMERO',NULL,'A',NULL,'IACSA',NULL,'0',''),(5214,'TECCAMPOB','CSCAJ','JOSE LUIS','ENRIQUEZ','JIMENEZ','2017-10-25 00:00:00','JLENRIQUEZ',NULL,'A',NULL,'IACSA',NULL,'0',''),(5221,'OFICINISTA','OAPIZ','MARIA ANABEL','DOMINGUEZ','GARCIA','2017-10-25 00:00:00','MADOMINGUEZ',NULL,'A',NULL,'IACSA',NULL,'0',''),(5230,'JEFEFREPRY','OBRAS','JOSE ARTURO','SALINAS','MAYORGA','2018-07-13 17:33:59','JASALINAS','JASALINAS','I',NULL,'IACSA',NULL,'0',''),(5252,'ANACONVEHB','SERGEN','MIGUEL ANGEL','GARCIA','DURAN','2017-10-25 12:00:00','MIGARCIA','MIGARCIA','A','migarcia@acuatic.com.mx','IACSA',NULL,'0',''),(5266,'ANACOMB','FACTURA','JORGE CARLOS','OLMEDO','JIMENEZ','2017-10-25 00:00:00','JCOLMEDOJ',NULL,'A',NULL,'IACSA',NULL,'0',''),(5281,'JEFEFREPRY','OBRAS','HUGO SERGIO','DOMINGUEZ','TRIGUEROS','2018-07-13 17:33:59','HSDOMINGUEZ','HSDOMINGUEZ','I',NULL,'IACSA',NULL,'0',''),(5285,'JEFEFREPRY','OBRAS','GERARDO','ALDAY','SEGURA','2018-07-13 17:33:59','GALDAY','GALDAY','I',NULL,'IACSA',NULL,'0',''),(5288,'TECCAMAPRY','CSCCEDA','TOMAS ALBERTO','FRAUSTO','ARIAS','2018-11-20 00:00:00',NULL,NULL,'A',NULL,'IACSA',NULL,NULL,''),(5290,'TECCAMAPRY','CSCCEDA583','JOSE ANTONIO','RODRIGUEZ','MANCERA','2018-07-16 17:43:59','JARODRIGUEZM','JARODRIGUEZM','A',NULL,'IACSA',NULL,'0',''),(5291,'TECCAMAPRY','CSCCEDA','MARTIN ALEJANDRO','DIAZ','ORTEGA','2017-10-25 00:00:00','MADIAZ',NULL,'A',NULL,'IACSA',NULL,'0',''),(5297,'TECCAMAPRY','CSCCEDA','MARIO','ZAMORATEGUI','LOPEZ','2017-10-25 00:00:00','MZAMORATEGUI',NULL,'A',NULL,'IACSA',NULL,'0',''),(5316,'OFICINISTA','OAPIZ','MARIA DEL CARMEN','GONZALEZ','GRANADOS','2017-10-25 00:00:00','MAGONZALEZG',NULL,'A',NULL,'IACSA',NULL,'0',''),(5359,'SECDIR','DIRGEN','MARIA DE LOS ANGELES','ORTEGA','SANTILLAN','2017-10-25 00:00:00','MAORTEGA',NULL,'A',NULL,'IACSA',NULL,'0',''),(5365,'ANACONTA','CONTRALORI','VERONICA','HERNANDEZ','TERAN','2017-10-25 00:00:00','VHERNANDEZ',NULL,'A',NULL,'IACSA',NULL,'0',''),(5371,'JEFEFREPRY','OBRAS','DAVID','LOPEZ','GARCIA','2018-07-13 17:33:59','DLOPEZG','DLOPEZG','I',NULL,'IACSA',NULL,'0',''),(5372,'JEFEFREPRY','OBRAS','VICTOR MANUEL','RIVERA','ACEVEDO','2018-07-13 17:33:59','VMRIVERA','VMRIVERA','I',NULL,'IACSA',NULL,'0',''),(5373,'JEFEFREPRY','OBRAS','JOSE MANUEL','RIOS','CAMARGO','2018-07-13 17:33:59','JMRIOS','JMRIOS','I',NULL,'IACSA',NULL,'0',''),(5374,'JEFEFREPRY','OBRAS','MARIO','BARRERA','JARDINEZ','2018-07-13 17:33:59','MBARRERA','MBARRERA','I',NULL,'IACSA',NULL,'0',''),(5375,'JEFEFREPRY','OBRAS','OMAR ALEJANDRO','ZAMORA','ARROYO','2018-07-13 17:33:59','OAZAMORA','OAZAMORA','I',NULL,'IACSA',NULL,'0',''),(5376,'JEFEFREPRY','OBRAS','JESUS HUMBERTO','AVILA','GUIZAR','2018-07-13 17:33:59','JHAVILA','JHAVILA','I',NULL,'IACSA',NULL,'0',''),(5380,'JEFEFREPRY','OBRAS','RAUL','LOSOYO','SIERRA','2018-07-13 17:33:59','RLOSOYO','RLOSOYO','I',NULL,'IACSA',NULL,'0',''),(5381,'JEFEFREPRY','OBRAS','JOSE GONZALO','SOLIS','ALVAREZ','2018-07-13 17:33:59','JGSOLIS','JGSOLIS','I',NULL,'IACSA',NULL,'0',''),(5382,'JEFEFREPRY','OBRAS','ODIN ISRAEL','BASILIO','GOMEZ','2018-07-13 17:33:59','OIBASILIO','OIBASILIO','I',NULL,'IACSA',NULL,'0',''),(5393,'ANACOMB','PROMTRAESP','LAURA','OLVERA','ESCOBAR','2017-10-25 00:00:00','LOLVERA',NULL,'A',NULL,'IACSA',NULL,'0',''),(5397,'OFICINISTA','OAPCH','RITA','OLVERA','MARTINEZ','2017-10-25 00:00:00','ROLVERA',NULL,'A',NULL,'IACSA',NULL,'0',''),(5403,'SUPMEDB','SERCAMPO','LUIS ANGEL','MORALES','MUNGUIA','2017-10-25 00:00:00','LAMORALES','LAMORALES','A',NULL,'IACSA',NULL,'0',''),(5411,'AUXVEHI','SERGEN','RAMIRO','BAUTISTA','ZEPEDA','2017-10-25 12:00:00','RBAUTISTA','rbautista','A','rbautista@acuatic.com.mx','IACSA',NULL,'0',''),(5426,'SUPRECAA','COBRANZA','CLAUDIA','MEJIA','GODINEZ','2017-10-25 00:00:00','CMEJIA',NULL,'A',NULL,'IACSA',NULL,'0',''),(5443,'TECCAMBPRY','CSCLON','JESUS','MONFEDA','HERNANDEZ','2018-07-13 17:33:59','JMONFEDA','JMONFEDA','A',NULL,'IACSA',NULL,'0',''),(5450,'TECCAMPOB','CSCVC','CRISTIAN BARUCHS','RODRIGUEZ','RODRIGUEZ','2017-10-25 00:00:00','CBRODRIGUEZ',NULL,'I',NULL,'IACSA',NULL,'0',''),(5455,'TECCAMPOB','CSCAJ','HECTOR HUGO','PEÑA','SAMBRANO','2017-10-25 00:00:00','HHPEÑA',NULL,'I',NULL,'IACSA',NULL,'0',''),(5471,'TECCAMPOB','CSCXO','ANTONIO','VILLAGOMEZ','JIMENEZ','2017-10-25 00:00:00','AVILLAGOMEZ',NULL,'A',NULL,'IACSA',NULL,'0',''),(5476,'TECCAMBPRY','CSCLON','JOSE MARIANO','CAMACHO','MARTINEZ','2017-10-25 00:00:00','JMCAMACHO',NULL,'A',NULL,'IACSA',NULL,'0',''),(5480,'TECCAMPOB','CSCVC','DAVID','CONDE','HERNANDEZ','2017-10-25 00:00:00','DCONDE',NULL,'A',NULL,'IACSA',NULL,'0',''),(5484,'TECCAMPOB','CSCLE','IVAN GABRIEL','PUGA','CHAVARRIA','2017-10-25 00:00:00','IGPUGA',NULL,'A',NULL,'IACSA',NULL,'0',''),(5518,'OFICINISTA','OAPMA','MARIA DOLORES','GARCIA','ZAMORA','2017-10-25 00:00:00','MDGARCIAZ',NULL,'A',NULL,'IACSA',NULL,'0',''),(5532,'TECCAMPOB','CSCAJ','RAZIEL','CHAVOLLA','ORTEGA','2017-10-25 00:00:00','RCHAVOLLA',NULL,'A',NULL,'IACSA',NULL,'0',''),(5569,'ANAPROCAL','SERGEN','ALEJANDRO','SALINAS','ESQUIVEL','2017-10-25 00:00:00','ASALINAS',NULL,'A',NULL,'IACSA',NULL,'0',''),(5595,'SECRETARIA','PLANCONT','MARIA ANGELICA','LOPEZ','LEAÑOS','2017-10-25 00:00:00','MALOPEZ',NULL,'A',NULL,'IACSA',NULL,'0',''),(5608,'OFICINISTA','OAPVC','LIDIA','GONZALEZ','AISPURO','2017-10-25 00:00:00','LGONZALEZ',NULL,'A',NULL,'IACSA',NULL,'0',''),(5626,'TECCAMPOA','CSCCEDA','ALVARO','VERA','ALBOR','2018-07-16 16:53:11','AVERAA','AVERAA','A',NULL,'IACSA',NULL,'0',''),(5654,'TECCAMAPRY','CSCCEDA','PEDRO','MAGAÑA','GUZMAN','2018-07-13 17:33:59','PMAGAÑA','PMAGAÑA','A',NULL,'IACSA',NULL,'0',''),(5657,'TECCAMPOB','CSCLON','GUILLERMO','PACHECO','MARTINEZ','2017-10-25 00:00:00','GPACHECO',NULL,'A',NULL,'IACSA',NULL,'0',''),(5665,'TECCAMAPRY','CSCCEDA','HECTOR IVAN','GASSIER','TEACALCO','2018-11-20 00:00:00',NULL,NULL,'A',NULL,'IACSA',NULL,NULL,''),(5666,'TECCAMAPRY','CSCCEDA','ALFREDO','SALINAS','MEDINA','2018-11-20 00:00:00',NULL,NULL,'A',NULL,'IACSA',NULL,NULL,''),(5682,'TECCAMAPRY','CSCCEDA583','ALBERTO MAURICIO','MENESES','LARA','2017-10-25 00:00:00','AMMENESES',NULL,'A',NULL,'IACSA',NULL,'0',''),(5735,'TECCAMAPRY','CSCCEDA','JESUS DAVID','HERNANDEZ','MORENO','2017-10-25 00:00:00','JDHERNANDEZ',NULL,'A',NULL,'IACSA',NULL,'0',''),(5745,'TECCAMAPRY','CSCCEDA583','ISMAEL','MORALES','BALDERAS','2017-10-25 00:00:00','IMORALES',NULL,'A',NULL,'IACSA',NULL,'0',''),(5775,'TECCAMAPRY','CSCCEDA','LUIS ALBERTO','MENDEZ','ORTIZ','2018-07-13 17:33:59','LAMENDEZ','LAMENDEZ','A',NULL,'IACSA',NULL,'0',''),(5777,'TECCAMAPRY','CSCCEDA583','JOSE CARLOS','MONDRAGON','FLORES','2017-10-25 00:00:00','JCMONDRAGON',NULL,'A',NULL,'IACSA',NULL,'0',''),(5780,'TECCAMAPRY','CSCCEDA','CARLOS ALBERTO','GALLARDO','LOPEZ','2017-10-25 00:00:00','CAGALLARDO',NULL,'A',NULL,'IACSA',NULL,'0',''),(5790,'SUPADMPERA','RH','ROCIO','LOPEZ','GARCIA','2017-10-25 00:00:00','RLOPEZG',NULL,'A',NULL,'IACSA',NULL,'0',''),(5795,'TECCAMAPRY','CSCCEDA','ABEL SALVADOR','RIVAS','HOYOS','2017-10-25 00:00:00','ASRIVAS',NULL,'A',NULL,'IACSA',NULL,'0',''),(5814,'OFICINISTA','OAPTL','MARIA TERESA','JIMENEZ','ARIZMENDI','2017-10-25 00:00:00','MTJIMENEZ',NULL,'A',NULL,'IACSA',NULL,'0',''),(5818,'TECCAMAPRY','CSCCEDA','ROBERTO','GONZALEZ','CASTILLO','2017-10-25 00:00:00','RGONZALEZC',NULL,'A',NULL,'IACSA',NULL,'0',''),(5831,'TECCAMAPRY','CSCCEDA','JONATHAN GABRIEL','LARA','CHAVEZ','2018-11-20 00:00:00',NULL,NULL,'A',NULL,'IACSA',NULL,NULL,''),(5836,'TECCAMAPRY','CSCCEDA583','MIGUEL ANGEL','ESPINOSA','GARCIA','2017-10-25 00:00:00','MAESPINOSA',NULL,'A',NULL,'IACSA',NULL,'0',''),(5876,'OPERCAT','OAPCH','CLAUDIA IRAIS','MENDOZA','SALAS','2017-10-25 00:00:00','CIMENDOZA',NULL,'A',NULL,'IACSA',NULL,'0',''),(5893,'TECCAMAPRY','CSCCEDA','ISMAEL','PEREZ','VELAZQUEZ','2017-10-25 00:00:00','IPEREZV',NULL,'A',NULL,'IACSA',NULL,'0',''),(5894,'TECCAMAPRY','CSCCEDA583','LUIS ENRIQUE','MAGNO','VALENCIA','2017-10-25 00:00:00','LEMAGNO',NULL,'A',NULL,'IACSA',NULL,'0',''),(5915,'TECCAMPOB','CSCLON','JESUS','RAMIREZ','JACOBO','2017-10-25 00:00:00','JRAMIREZJ',NULL,'A',NULL,'IACSA',NULL,'0',''),(5936,'TECCAMPOB','CSCLON','MANUEL','ALEMAN','TADEO','2017-10-25 00:00:00','MALEMANT',NULL,'A',NULL,'IACSA',NULL,'0',''),(5941,'TECCAMAPRY','CSCCEDA','NOE','ORTEGA','HEREDIA','2017-10-25 00:00:00','NORTEGA',NULL,'A',NULL,'IACSA',NULL,'0',''),(5946,'TECCAMPOB','CSCLON','OLEGARIO','SANTIAGO','BERNABE','2017-10-25 00:00:00','OSANTIAGO',NULL,'A',NULL,'IACSA',NULL,'0',''),(5960,'TECCAMBPRY','CSCVC','VICTOR MANUEL','MENDOZA','REYES','2017-10-25 00:00:00','VMMENDOZA',NULL,'A',NULL,'IACSA',NULL,'0',''),(5967,'TECCAMPOB','CSCVC','CLAUDIA IVONNE','ELIAS','PADILLA','2017-10-25 00:00:00','CIELIAS',NULL,'A',NULL,'IACSA',NULL,'0',''),(5982,'ANACOMB','FACTURA','CLAUDIA','LOPEZ','SALAZAR','2017-10-25 00:00:00','CLOPEZ',NULL,'A',NULL,'IACSA',NULL,'0',''),(5985,'AUXADMPRY','OAPXO','OLGA MARLEM','JUAREZ','SOTO','2017-10-25 00:00:00','OMJUAREZ',NULL,'A',NULL,'IACSA',NULL,'0',''),(5990,'OFICINISTA','OAPBJ','MARISELA','HERNANDEZ','RODRIGUEZ','2017-10-25 00:00:00','MHERNANDEZ',NULL,'A',NULL,'IACSA',NULL,'0',''),(5991,'SUPADMONA','CONTRALORI','ENRIQUE','JIMENEZ','VAZQUEZ','2017-10-25 00:00:00','EJIMENEZ',NULL,'A',NULL,'IACSA',NULL,'0',''),(6004,'ANACOMB','OAPCH','JAIME ALFONSO','ALVAREZ','CANO','2017-10-25 00:00:00','JAALVAREZ',NULL,'A',NULL,'IACSA',NULL,'0',''),(6016,'TECCAMAPRY','CSCCEDA583','GABRIEL','CANO','RAMIREZ','2017-10-25 00:00:00','GCANO',NULL,'A',NULL,'IACSA',NULL,'0',''),(6023,'COORPREUNI','ESTCONT','ROSA MARIA','PINAL','HUERTA','2017-10-25 00:00:00','RMPINAL',NULL,'A',NULL,'IACSA',NULL,'0',''),(6030,'ENCOBRA','PYCOBRA','TERESA','CALDERON','PEREZ','2017-10-25 00:00:00','TCALDERON',NULL,'I',NULL,'IACSA',NULL,'0',''),(6034,'OFICINISTA','OAPSC','YAZMIN GUADALUPE','MARQUEZ','CEDILLO','2017-10-25 00:00:00','YGMARQUEZ',NULL,'A',NULL,'IACSA',NULL,'0',''),(6036,'ANACOMB','PROMTRAESP','EDUARDO GUADALUPE','SANCHEZ','RIVERA','2017-10-25 00:00:00','EGSANCHEZ',NULL,'A',NULL,'IACSA',NULL,'0',''),(6047,'AUXILIAR','RH','SILVIA','GARCIA','HERNANDEZ','2017-10-25 00:00:00','SGARCIAH',NULL,'A',NULL,'IACSA',NULL,'0',''),(6049,'ANACOMB','PROMTRAESP','ALDO','DANIEL','GARDUÑO','2017-10-25 00:00:00','ADANIEL',NULL,'A',NULL,'IACSA',NULL,'0',''),(6063,'SUPLECB','CSCLON583','ALEJANDRO','RIVERA','SALGADO','2017-10-25 00:00:00','ARIVERA',NULL,'A',NULL,'IACSA',NULL,'0',''),(6065,'OFICINISTA','OAPCH','GLORIA STEPHANIE','CAMACHO','HONORATO','2017-10-25 00:00:00','GSCAMACHO',NULL,'A',NULL,'IACSA',NULL,'0',''),(6077,'TECCAMAPRY','CSCCEDA','MARCOS AURELIO','RAMOS','CISNEROS','2018-11-20 00:00:00',NULL,NULL,'A',NULL,'IACSA',NULL,NULL,''),(6081,'TECCAMAPRY','CSCCEDA','OSCAR JOAQUIN','JIMENEZ','OLVERA','2018-11-20 00:00:00',NULL,NULL,'A',NULL,'IACSA',NULL,NULL,''),(6095,'TECCAMAPRY','CSCCEDA','JUAN','GARCIA','SARABIA','2018-07-13 17:33:59','JGARCIAS','JGARCIAS','A',NULL,'IACSA',NULL,'0',''),(6114,'TECCAMAPRY','CSCCEDA','JOSE AGUSTIN','FIGUEROA','ALBAVERA','2017-10-25 00:00:00','JAFIGUEROAL',NULL,'A',NULL,'IACSA',NULL,'0',''),(6115,'TECCAMAPRY','CSCCEDA','ARMANDO','FIGUEROA','ALBAVERA','2017-10-25 00:00:00','AFIGUEROA',NULL,'A',NULL,'IACSA',NULL,'0',''),(6123,'OFICINISTA','OAPIZ','AURORA','ALONSO','BECERRIL','2017-10-25 00:00:00','AALONSO',NULL,'I',NULL,'IACSA',NULL,'0',''),(6126,'OFICINISTA','OAPAJ','YOLANDA','LOPEZ','RAMIREZ','2017-10-25 00:00:00','YLOPEZ',NULL,'A',NULL,'IACSA',NULL,'0',''),(6127,'TESORERO','TESORERIA','JUAN ENRIQUE','HURTADO','HERNANDEZ','2017-10-25 00:00:00','JEHURTADO',NULL,'A',NULL,'IACSA',NULL,'0',''),(6130,'ANACOMB','COBRANZA58','FRANCISCO','MARTINEZ','BALDERAS','2017-10-25 00:00:00','FMARTINEZB',NULL,'A',NULL,'IACSA',NULL,'0',''),(6131,'ANACOMB','PROMTRAESP','LETICIA','VALENTIN','FLORES','2017-10-25 00:00:00','LVALENTIN',NULL,'A',NULL,'IACSA',NULL,'0',''),(6145,'TECCAMAPRY','CSCCEDA','GERARDO','ROMERO','SEBASTIAN','2017-10-25 00:00:00','GROMERO',NULL,'A',NULL,'IACSA',NULL,'0',''),(6149,'TECCAMAPRY','CSCCEDA583','JOSE PASCUAL','VARGAS','CARO','2017-10-25 00:00:00','JPVARGAS',NULL,'A',NULL,'IACSA',NULL,'0',''),(6158,'TECCAMPOB','CSCXO','ABDIEL','ROSAS','FLORES','2017-10-25 00:00:00','AROSAS',NULL,'A',NULL,'IACSA',NULL,'0',''),(6168,'TECCAMBPRY','CSCLE','MARIO EDUARDO','DE LA ROSA','IBARRA','2017-10-25 00:00:00','MEDELAROSA',NULL,'A',NULL,'IACSA',NULL,'0',''),(6176,'TECCAMPOB','CSCLE','ARTURO','CABADILLA','PEREZ','2017-10-25 00:00:00','ACABADILLA',NULL,'A',NULL,'IACSA',NULL,'0',''),(6195,'OFICINISTA','OAPBJ','TLALLIA YULIVANI','HERNANDEZ','CORTES','2017-10-25 00:00:00','TYHERNANDEZ',NULL,'A',NULL,'IACSA',NULL,'0',''),(6212,'OFICINISTA','OAPCH','MATILDE ANGELES','EUROZA','ORNELAS','2017-10-25 00:00:00','MAEUROZA',NULL,'A',NULL,'IACSA',NULL,'0',''),(6219,'OFICINISTA','OAPAJ','JESSICA MARLEN','LUNA','GALICIA','2017-10-25 00:00:00','JMLUNA',NULL,'A',NULL,'IACSA',NULL,'0',''),(6235,'AUXADMPRY','CSCCEDA','DIANA','MIRANDA','FLORES','2017-10-25 00:00:00','DMIRANDA',NULL,'A',NULL,'IACSA',NULL,'0',''),(6236,'OFICINISTA','OAPMA','LUIS ANGEL','SIL','CASTRO','2017-10-25 00:00:00','LSIL',NULL,'A',NULL,'IACSA',NULL,'0',''),(6250,'ANACOMB','COBRANZA58','ITZEL','FERNANDEZ','ARIAS','2017-10-25 00:00:00','IFERNANDEZ',NULL,'A',NULL,'IACSA',NULL,'0',''),(6252,'TECCAMBPRY','CSCVC','RICARDO','ALVARADO','ESCAREÑO','2017-10-25 00:00:00','RALVARADOE',NULL,'I',NULL,'IACSA',NULL,'0',''),(6255,'OFICINISTA','OAPCH','JUAN ANDRES','GALLARDO','CASTRILLON','2017-10-25 00:00:00','JAGALLARDO',NULL,'A',NULL,'IACSA',NULL,'0',''),(6262,'SUPMANPRYB','CSCCEDA583','VICENTE VALENTIN','JIMENEZ','RIVERA','2017-10-25 00:00:00','VVJIMENEZ',NULL,'A',NULL,'IACSA',NULL,'0',''),(6280,'OFICINISTA','OAPLE','OSCAR ARMANDO','FLORES','HERRERA','2017-10-25 00:00:00','OAFLORES',NULL,'I',NULL,'IACSA',NULL,'0',''),(6291,'ANAFIS','CONTRALORI','HORACIO','GARCIA','MARTINEZ','2017-10-25 00:00:00','HGARCIAM',NULL,'A',NULL,'IACSA',NULL,'0',''),(6307,'OPERCAT','OAPTL','ELIZABETH','RAMIREZ','RODRIGUEZ','2017-10-25 00:00:00','ERAMIREZ',NULL,'A',NULL,'IACSA',NULL,'0',''),(6315,'TECCAMBPRY','CSCCEDA583','GERARDO','NARVAES','MACIAS','2017-10-25 00:00:00','GNARVAES',NULL,'A',NULL,'IACSA',NULL,'0',''),(6316,'OFICINISTA','OAPCH','JOSE EDUARDO','RESENDIZ','LAGUNAS','2017-10-25 00:00:00','JERESENDIZ',NULL,'A',NULL,'IACSA',NULL,'0',''),(6317,'TECCAMBPRY','CSCVC','FELIPE','GOMEZ','GARCIA','2017-10-25 00:00:00','FGOMEZ',NULL,'I',NULL,'IACSA',NULL,'0',''),(6319,'OFICINISTA','OAPMA','SARA','JIMENEZ','JIMENEZ','2017-10-25 00:00:00','SJIMENEZJ',NULL,'I',NULL,'IACSA',NULL,'0',''),(6329,'SUPMEDB','CSCCEDA','FILIBERTO','JIMENEZ','MONROY','2017-10-25 00:00:00','FJIMENEZM',NULL,'A',NULL,'IACSA',NULL,'0',''),(6367,'OFICINISTA','OAPCO','AMAURY FARID','PEREZ','DAVILA','2017-10-25 00:00:00','AFPEREZ',NULL,'A',NULL,'IACSA',NULL,'0',''),(6368,'ANACOMB','SERCAMPO','ANDREA GENOVEVA','GARCIA','MARTINEZ','2017-10-25 00:00:00','AGGARCIAM',NULL,'A',NULL,'IACSA',NULL,'0',''),(6374,'OFICINISTA','OAPIZ','MARIA LIDIA','MATA','VILLAFUERTE','2017-10-25 00:00:00','MLMATA',NULL,'A',NULL,'IACSA',NULL,'0',''),(6385,'OFICINISTA','OAPLE','JUANA','MOLOTLA','GALICIA','2017-10-25 00:00:00','JMOLOTLA',NULL,'A',NULL,'IACSA',NULL,'0',''),(6403,'TECCENPRY','CSCLON','CESAR','OLIVEROS','VICTOR','2017-10-25 00:00:00','COLIVEROS',NULL,'A',NULL,'IACSA',NULL,'0',''),(6407,'OFICINISTA','OAPVC','CASANDRA','FRIAS','SANCHEZ','2017-10-25 00:00:00','CFRIAS',NULL,'A',NULL,'IACSA',NULL,'0',''),(6408,'TECCAMBPRY','CSCXO','LUIS ENRIQUE','GUTIERREZ','CASTAÑON','2017-10-25 00:00:00','LEGUTIERREZ',NULL,'A',NULL,'IACSA',NULL,'0',''),(6410,'OFICINISTA','OAPLE','CINTHYA BERENICE','VILLEDA','LUNA','2017-10-25 00:00:00','CBVILLEDA',NULL,'A',NULL,'IACSA',NULL,'0',''),(6413,'TECCAMAPRY','CSCCEDA','VICTOR MANUEL','NERI','CARRILLO','2018-07-13 17:33:59','VMNERI','VMNERI','A',NULL,'IACSA',NULL,'0',''),(6416,'TECCAMAPRY','CSCCEDA','HUGO','FRANCISCO','MENDEZ','2018-07-13 17:33:59','HFRANCISCO','HFRANCISCO','A',NULL,'IACSA',NULL,'0',''),(6443,'TECCAMAPRY','CSCCEDA','DAVID','MARTINEZ','BETANZOS','2018-07-13 17:33:59','DMARTINEZB','DMARTINEZB','A',NULL,'IACSA',NULL,'0',''),(6450,'TECCAMAPRY','CSCCEDA','ARMANDO','JIMENEZ','NARANJO','2017-10-25 00:00:00','AJIMENEZN',NULL,'A',NULL,'IACSA',NULL,'0',''),(6455,'TECCAMAPRY','CSCCEDA','ANDRES','FRANCISCO','MENDEZ','2018-11-20 00:00:00',NULL,NULL,'A',NULL,'IACSA',NULL,NULL,''),(6460,'OFICINISTA','OAPVC','MARISOL','ISIDRO','CURIEL','2017-10-25 00:00:00','MISIDRO',NULL,'A',NULL,'IACSA',NULL,'0',''),(6469,'TECCAMAPRY','CSCCEDA','RAFAEL','MENDOZA','HERNANDEZ','2018-07-13 17:33:59','RMENDOZAH','RMENDOZAH','A',NULL,'IACSA',NULL,'0',''),(6480,'TECCAMAPRY','CSCCEDA583','CARLOS ALBERTO','GOMEZ','MARTINEZ','2017-10-25 00:00:00','CAGOMEZ',NULL,'A',NULL,'IACSA',NULL,'0',''),(6481,'OPERCAT','CAT','DIONISIO','OLAYA','PEREZ','2017-10-25 00:00:00','DOLAYA',NULL,'A',NULL,'IACSA',NULL,'0',''),(6514,'OFICINISTA','OAPSC','JOSE ANTONIO','CARMONA','TAPIA','2017-10-25 00:00:00','JACARMONA',NULL,'A',NULL,'IACSA',NULL,'0',''),(6526,'SUPMANPRYB','CSCCEDA','SARA ROSARIO','LOPEZ','LOPEZ','2017-10-25 00:00:00','SRLOPEZ',NULL,'A',NULL,'IACSA',NULL,'0',''),(6545,'OFICINISTA','CAT','YARED MARIANA','DE LUCIO','AGUILAR','2017-10-25 00:00:00','YMDELUCIO',NULL,'A',NULL,'IACSA',NULL,'0',''),(6557,'TECCAMBPRY','CSCAJ','RUBEN','OLIVARES','ROMERO','2017-10-25 00:00:00','ROLIVARES',NULL,'A',NULL,'IACSA',NULL,'0',''),(6564,'TECCAMBPRY','CSCXO','JOSE ANTONIO','OLIVARES','ROMERO','2017-10-25 00:00:00','JAOLIVARES',NULL,'I',NULL,'IACSA',NULL,'0',''),(6588,'AUXADMPRY','CSCCEDA','MINERVA IMELDA','ESTRADA','GONZALEZ','2018-11-20 00:00:00',NULL,NULL,'A',NULL,'IACSA',NULL,NULL,''),(6591,'OPERCAT','CAT','CLAUDIA LISSETTE','RODRIGUEZ','AGUILAR','2017-10-25 00:00:00','CLRODRIGUEZ',NULL,'A',NULL,'IACSA',NULL,'0',''),(6596,'TECCAMAPRY','CSCCEDA','VICENTE','SANCHEZ','MURILLO','2017-10-25 00:00:00','VSANCHEZ',NULL,'I',NULL,'IACSA',NULL,'0',''),(6608,'TECCAMAPRY','CSCCEDA','JAVIER','MARTINEZ','CORONA','2018-07-13 17:33:59','JMARTINEZC','JMARTINEZC','A',NULL,'IACSA',NULL,'0',''),(6627,'TECCAMAPRY','CSCCEDA583','GONZALO','LOPEZ','SALAS','2017-10-25 00:00:00','GLOPEZS',NULL,'A',NULL,'IACSA',NULL,'0',''),(6632,'SUPMEDB','CSCCEDA','JORGE ARTURO','BARBA','GUTIERREZ','2017-10-25 00:00:00','JABARBA',NULL,'A',NULL,'IACSA',NULL,'0',''),(6637,'OFICINISTA','OAPIZ','HECTOR LEONARDO','SANTIBAÑEZ','SOLIS','2017-10-25 00:00:00','HLSANTIBAÑEZ',NULL,'I',NULL,'IACSA',NULL,'0',''),(6638,'SUPATNUSUA','OAPLE','NAYELI GABRIELA','CORENO','GUTIERREZ','2017-10-25 00:00:00','NGCORENO',NULL,'A',NULL,'IACSA',NULL,'0',''),(6640,'OFICINISTA','OAPXO','ATREYU','CASTELLANOS','RAMIREZ','2017-10-25 00:00:00','ACASTELLANOS',NULL,'A',NULL,'IACSA',NULL,'0',''),(6657,'TECCAMAPRY','CSCCEDA','ANTONIO','MEJIA','NERI','2017-10-25 00:00:00','AMEJIAN',NULL,'A',NULL,'IACSA',NULL,'0',''),(6663,'OFICINISTA','OAPCO','MARIO ALBERTO','VIDALES','SANCHEZ','2017-10-25 00:00:00','MAVIDALES',NULL,'A',NULL,'IACSA',NULL,'0',''),(6670,'OFICINISTA','OAPAJ','NANCY PATRICIA','ALVAREZ','LOPEZ','2017-10-25 00:00:00','NPALVAREZ',NULL,'A',NULL,'IACSA',NULL,'0',''),(6675,'ANACOMPRYB','CSCCEDA','YESSICA','BAUTISTA','ZEPEDA','2017-10-25 00:00:00','YBAUTISTA',NULL,'I',NULL,'IACSA',NULL,'0',''),(6680,'ENCADMPERA','RH','JUAN JULIAN','LUCIO','LUNA','2017-10-25 00:00:00','JJLUCIO',NULL,'A',NULL,'IACSA',NULL,'0',''),(6691,'TECCAMAPRY','CSCCEDA','GERMAN','JAIMES','CAMACHO','2017-10-25 00:00:00','GJAIMES',NULL,'I',NULL,'IACSA',NULL,'0',''),(6692,'SUPMANPRYB','CSCCEDA583','JULIO','NEYRA','MARQUEZ','2017-10-25 00:00:00','JNEYRA',NULL,'A',NULL,'IACSA',NULL,'0',''),(6693,'TECCAMAPRY','CSCCEDA','RICARDO','MARTINEZ','HERNANDEZ','2017-10-25 00:00:00','RMARTINEZH',NULL,'A',NULL,'IACSA',NULL,'0',''),(6706,'AUXADMON','COBRANZA','AZUCENA CITLALI','JIMENEZ','NERIA','2017-10-25 00:00:00','ACJIMENEZ',NULL,'I',NULL,'IACSA',NULL,'0',''),(6720,'OPERCAT','CAT','GILDA','TORRES','FLORES','2017-10-25 00:00:00','GTORRES',NULL,'A',NULL,'IACSA',NULL,'0',''),(6739,'TECCAMAPRY','CSCCEDA','IGNACIO','VAZQUEZ','AGUILAR','2017-10-25 00:00:00','IVAZQUEZA',NULL,'A',NULL,'IACSA',NULL,'0',''),(6752,'TECCAMAPRY','CSCCEDA','MARTIN','SANCHEZ','HERNANDEZ','2018-11-20 00:00:00',NULL,NULL,'A',NULL,'IACSA',NULL,NULL,''),(6763,'TECCAMAPRY','CSCCEDA583','JOAQUIN','TORRES','MARTINEZ','2017-10-25 00:00:00','JTORRES',NULL,'A',NULL,'IACSA',NULL,'0',''),(6764,'ANACOMPRYB','CSCCEDA','EDER MIGUEL','JURADO','HERNANDEZ','2017-10-25 00:00:00','EMJURADO',NULL,'A',NULL,'IACSA',NULL,'0',''),(6786,'TECCENSO','SERCAMPO','ISRAEL','MIRANDA','CRUZ','2017-10-25 00:00:00','IMIRANDA',NULL,'A',NULL,'IACSA',NULL,'0',''),(6787,'AUXADMPRY','CSCCEDA','MARIA JOSE','RIO','FABELA','2017-10-25 00:00:00','MJRIO',NULL,'A',NULL,'IACSA',NULL,'0',''),(6797,'TECCAMBPRY','CSCAJ','MODESTO','GONZALEZ','GONZALEZ','2017-10-25 00:00:00','MGONZALEZG',NULL,'A',NULL,'IACSA',NULL,'0',''),(6814,'TECCAMAPRY','CSCCEDA','JUAN','OLMOS','DELGADILLO','2017-10-25 00:00:00','JOLMOSD',NULL,'A',NULL,'IACSA',NULL,'0',''),(6819,'TECCAMBPRY','CSCVC','JOSE ALBERTO','RODRIGUEZ','GODOY','2017-10-25 00:00:00','JARODRIGUEZ',NULL,'A',NULL,'IACSA',NULL,'0',''),(6820,'TECCAMBPRY','CSCVC','JUAN JAVIER','REYES','LUNA','2017-10-25 00:00:00','JJREYES',NULL,'A',NULL,'IACSA',NULL,'0',''),(6838,'TECCAMBPRY','CSCXO','SERGIO','GALICIA','ALVARADO','2017-10-25 00:00:00','SGALICIA',NULL,'A',NULL,'IACSA',NULL,'0',''),(6850,'TECCENPRY','CSCLON','JONATHAN','PEREZ','RAMIREZ','2017-10-25 00:00:00','JPEREZR',NULL,'A',NULL,'IACSA',NULL,'0',''),(6865,'TECCAMAPRY','CSCCEDA583','JOSE EDUARDO','TABARES','RODRIGUEZ','2017-10-25 00:00:00','JETABARES',NULL,'A',NULL,'IACSA',NULL,'0',''),(6866,'TECCAMBPRY','CSCCEDA583','CARLOS','SANCHEZ','DE LA PAZ','2017-10-25 00:00:00','CSANCHEZDP',NULL,'A',NULL,'IACSA',NULL,'0',''),(6877,'TECCAMAPRY','CSCCEDA','AGUSTIN','VALADEZ','ROMERO','2018-11-20 00:00:00',NULL,NULL,'A',NULL,'IACSA',NULL,NULL,''),(6886,'AUXADMPRY','CSCCEDA','BELEN','MARTINEZ','ORTIZ','2017-10-25 00:00:00','BMARTINEZO',NULL,'I',NULL,'IACSA',NULL,'0',''),(6893,'AUXADMPRY','CSCCEDA','JOSE ALBERTO','LOPEZ','SOLIS','2018-11-20 00:00:00',NULL,NULL,'A',NULL,'IACSA',NULL,NULL,''),(6911,'SUPERIRMYS','ABASTECI','JEANNETE','BERNAL','RODRIGUEZ','2018-07-13 17:33:59','JBERNAL','JBERNAL','I',NULL,'IACSA',NULL,'0',''),(6914,'TECCAMBPRY','CSCCEDA583','LUIS MIGUEL','SANDOVAL','SANCHEZ','2017-10-25 00:00:00','LMSANDOVAL',NULL,'A',NULL,'IACSA',NULL,'0',''),(6936,'TECCAMAPRY','CSCCEDA583','JUAN CARLOS','LORENZANO','NEPAMUCENO','2017-10-25 00:00:00','JCLORENZANO',NULL,'A',NULL,'IACSA',NULL,'0',''),(6941,'TECCAMAPRY','CSCCEDA583','JOEL','QUINTANA','BECERRA','2017-10-25 00:00:00','JQUINTANA',NULL,'A',NULL,'IACSA',NULL,'0',''),(6942,'TECCAMBPRY','CSCLE','SANTIAGO','MARTINEZ','TORRES','2017-10-25 00:00:00','SMARTINEZT',NULL,'A',NULL,'IACSA',NULL,'0',''),(6955,'TECCAMAPRY','CSCCEDA','LUIS MIGUEL','HERNANDEZ','LUNA','2017-10-25 00:00:00','LMLUNA',NULL,'I',NULL,'IACSA',NULL,'0',''),(6962,'JEFELEC','CSCLE','ADRIAN ROBERTO','GOMEZ','PALACIOS','2017-10-25 00:00:00','ARGOMEZ','ARGOMEZ','A',NULL,'IACSA',NULL,'0',''),(6969,'TECCAMAPRY','CSCCEDA583','RAUL','MARTINEZ','TLALOLINI','2017-10-25 00:00:00','RMARTINEZT',NULL,'A',NULL,'IACSA',NULL,'0',''),(6970,'OFICINISTA','OAPVC','DIANA','HERNANDEZ','HERNANDEZ','2017-10-25 00:00:00','DHERNANDEZH',NULL,'A',NULL,'IACSA',NULL,'0',''),(7002,'SUPOPER','PTATIJ','ARTURO','FIGUEROA','GONZALEZ','2018-07-16 17:04:10','AFIGUEROAG','AFIGUEROAG','I',NULL,'DEGRE',NULL,'0',''),(7003,'SUPOPER','PTATIJ','MARIA DE LOS ANGELES','LOPEZ','LEYVA','2018-07-16 17:43:59','MDALOPEZL','MDALOPEZL','I',NULL,'DEGRE',NULL,'0',''),(7019,'TECCAMAPRY','CSCCEDA583','JORGE ABELARDO','MARIN','GUZMAN','2017-10-25 00:00:00','JAMARIN',NULL,'I',NULL,'IACSA',NULL,'0',''),(7025,'TECCENSO','CSCLON','FERNANDO','PEREZ','HERNANDEZ','2017-10-25 00:00:00','FPEREZH',NULL,'A',NULL,'IACSA',NULL,'0',''),(7031,'TECCENPRY','CSCLON','MIGUEL IVAN','GUTIERREZ','SILVESTRE','2017-10-25 00:00:00','MIGUTIERREZ',NULL,'I',NULL,'IACSA',NULL,'0',''),(7048,'COOROPER','PTATIJ','AIDA','VALLE','DELGADO','2018-07-16 16:53:11','AVALLE','AVALLE','I',NULL,'DEGRE',NULL,'0',''),(7055,'TECCAMAPRY','CSCCEDA','ROMAN','RAMIREZ','MOTA','2017-10-25 00:00:00','RRAMIREZ',NULL,'I',NULL,'IACSA',NULL,'0',''),(7066,'ANACOMB','FACTURA','HUGO','HURTADO','PINEDA','2017-10-25 00:00:00','HHURTADO',NULL,'A',NULL,'IACSA',NULL,'0',''),(7073,'TECCAMAPRY','CSCCEDA','DIEGO','MORA','FRAGOSO','2018-11-20 00:00:00',NULL,NULL,'A',NULL,'IACSA',NULL,NULL,''),(7088,'SUPMANPRYB','CSCCEDA583','JUANA TEODORA','MORALES','SALCEDO','2017-10-25 00:00:00','JTMORALES',NULL,'I',NULL,'IACSA',NULL,'0',''),(7109,'OPERCAT','CAT','STEPHANIE VIRIDIANA','HUERTA','GUZMAN','2017-10-25 00:00:00','SVHUERTA',NULL,'A',NULL,'IACSA',NULL,'0',''),(7126,'TECCENPRY','CSCLON','NOE','RODRIGUEZ','GALEANA','2017-10-25 00:00:00','NRODRIGUEZG',NULL,'I',NULL,'IACSA',NULL,'0',''),(7128,'OFICINISTA','OAPIZ','JUAN CARLOS','SANDOVAL','BLANCAS','2017-10-25 00:00:00','JCSANDOVAL',NULL,'I',NULL,'IACSA',NULL,'0',''),(7130,'ENCCAPA','RH','LAURA ALEJANDRA','PERALES','CORONA','2017-10-25 00:00:00','LAPERALES',NULL,'A',NULL,'IACSA',NULL,'0',''),(7140,'TECCENPRY','SERCAMPO','FRANCISCO JAVIER','CUEVAS','MARTINEZ','2017-10-25 00:00:00','FJCUEVAS',NULL,'A',NULL,'IACSA',NULL,'0',''),(7151,'SECDIR','DIRGEN','LINDA ISABEL','HERNANDEZ','SOSA','2017-10-25 00:00:00','LIHERNANDEZ',NULL,'I',NULL,'IACSA',NULL,'0',''),(7161,'TECCENPRY','SERCAMPO','RICHARD JAVIER','MUÑOZ','MORALES','2017-10-25 00:00:00','RJMUÑOZ',NULL,'A',NULL,'IACSA',NULL,'0',''),(7167,'OFICINISTA','OAPCO','NOEMI','DURAN','SABANILLA','2017-10-25 00:00:00','NDURAN',NULL,'A',NULL,'IACSA',NULL,'0',''),(7168,'OFICINISTA','OAPCH','MARIA DEL CARMEN','ALVAREZ','RAMOS','2017-10-25 00:00:00','MCALVAREZ',NULL,'A',NULL,'IACSA',NULL,'0',''),(7169,'OFICINISTA','OAPBJ','LUIS FERNANDO','CONTRERAS','AGUILAR','2017-10-25 00:00:00','LFCONTRERAS',NULL,'A',NULL,'IACSA',NULL,'0',''),(7182,'ANACOMB','COBRANZA58','ROCIO MAYTE','SALGADO','BOTELLO','2017-10-25 00:00:00','RMSALGADO',NULL,'A',NULL,'IACSA',NULL,'0',''),(7184,'TECPROEQCM','INFORMATI','MARCO ANTONIO','FABIAN','ENRIQUEZ','2017-10-25 00:00:00','MAFABIAN',NULL,'A',NULL,'IACSA',NULL,'0',''),(7185,'OFICINISTA','OAPVC','JACQUELINE','JUAREZ','RAMIREZ','2017-10-25 00:00:00','JJUAREZ',NULL,'A',NULL,'IACSA',NULL,'0',''),(7188,'ANACOMB','COBRANZA','MILTON BRAYAN','GENIS','ROSAS','2017-10-25 00:00:00','MBGENIS',NULL,'I',NULL,'IACSA',NULL,'0',''),(7189,'OFICINISTA','OAPSC','LUIS FELIPE','SANDOVAL','GONZALEZ','2017-10-25 00:00:00','LFSANDOVAL',NULL,'A',NULL,'IACSA',NULL,'0',''),(7194,'TECCAMAPRY','CSCCEDA','LUIS','SUSTAITA','ESPINDOLA','2017-10-25 00:00:00','LSUSTAITA',NULL,'A',NULL,'IACSA',NULL,'0',''),(7208,'TECCAMAPRY','CSCCEDA','JESUS ALBERTO','CALZADA','FUENTES','2017-10-25 00:00:00','JACALZADA',NULL,'A',NULL,'IACSA',NULL,'0',''),(7218,'AUXADMON','CSCCEDA','LUIS ENRIQUE','SANCHEZ','GAETA','2017-10-25 00:00:00','LESANCHEZG',NULL,'A',NULL,'IACSA',NULL,'0',''),(7219,'AUXADMPRY','ABASTECI','MARTHA PATRICIA','CHAVEZ','MENDOZA','2017-10-25 00:00:00','MPCHAVEZ',NULL,'A',NULL,'IACSA',NULL,'0',''),(7221,'TECCENPRY','CSCLON','CRISTIAN ROBERTO','RINCON','CASTILLO','2017-10-25 00:00:00','CRRINCON',NULL,'A',NULL,'IACSA',NULL,'0',''),(7226,'TECCAMBPRY','CSCLON','ARTURO ISRAEL','RAMIREZ','GUTIERREZ','2017-10-25 00:00:00','AIRAMIREZ',NULL,'A',NULL,'IACSA',NULL,'0',''),(7230,'TECCAMBPRY','CSCLON','PEDRO LUIS','GARCIA','SANCHEZ','2017-10-25 00:00:00','PLGARCIA',NULL,'A',NULL,'IACSA',NULL,'0',''),(7236,'TECCAMBPRY','CSCAJ','RICARDO','GONZALEZ','MORENO','2017-10-25 00:00:00','RGONZALEZ',NULL,'I',NULL,'IACSA',NULL,'0',''),(7240,'TECCAMBPRY','CSCLE','ERICK','RUIZ','ALVAREZ','2017-10-25 00:00:00','ERUIZA',NULL,'I',NULL,'IACSA',NULL,'0',''),(7241,'TECCAMBPRY','CSCLE','MAXIMO','BARRALES','GARCIA','2017-10-25 00:00:00','MBARRALES',NULL,'I',NULL,'IACSA',NULL,'0',''),(7244,'TECCAMBPRY','CSCLON','EDUARDO','OLIVERA','ESCOBAR','2017-10-25 00:00:00','EOLIVERA',NULL,'I',NULL,'IACSA',NULL,'0',''),(7249,'ANACOMB','COBRANZA','REBECA YADIRA','JUAREZ','FLORES','2017-10-25 00:00:00','RYJUAREZ',NULL,'I',NULL,'IACSA',NULL,'0',''),(7251,'COORCENSO','CSCLON','YURDI','MENDOZA','RODRIGUEZ','2017-10-25 00:00:00','YMENDOZA',NULL,'I',NULL,'IACSA',NULL,'0',''),(7253,'TECCAMAPRY','CSCCEDA','JUAN','TELLO','TELLO','2017-10-25 00:00:00','JTELLO',NULL,'A',NULL,'IACSA',NULL,'0',''),(7256,'TECCAMPOB','CSCLON','JORGE ALBERTO','FORTUNA','VALADEZ','2017-10-25 00:00:00','JAFORTUNA',NULL,'A',NULL,'IACSA',NULL,'0',''),(7261,'TECCAMAPRY','CSCCEDA','ALVARO','MEDINA','CASTILLO','2017-10-25 00:00:00','AMEDINA',NULL,'A',NULL,'IACSA',NULL,'0',''),(7262,'TECCAMAPRY','CSCCEDA','FRANCISCO OMAR','JUAREZ','GARCIA','2018-11-20 00:00:00',NULL,NULL,'A',NULL,'IACSA',NULL,NULL,''),(7266,'TECCAMBPRY','CSCVC','RICARDO','MANCERA','GARCIA','2017-10-25 00:00:00','RMANCERA',NULL,'A',NULL,'IACSA',NULL,'0',''),(7274,'TECCAMBPRY','CSCCEDA583','CARLOS ANTONIO','FLORES','HERNANDEZ','2017-10-25 00:00:00','CAFLORES',NULL,'A',NULL,'IACSA',NULL,'0',''),(7277,'TECCAMBPRY','CSCLON','ESTEBAN JAFET','LOPEZ','ANTONIO','2017-10-25 00:00:00','EJLOPEZ',NULL,'A',NULL,'IACSA',NULL,'0',''),(7281,'TECCAMBPRY','CSCCEDA583','ABRAHAM','TUFIÑO','AGUILAR','2017-10-25 00:00:00','ATUFIÑO',NULL,'A',NULL,'IACSA',NULL,'0',''),(7293,'TECCAMBPRY','CSCAJ','JESUS','ENDAÑU','CERON','2017-10-25 00:00:00','JENDAÑU',NULL,'A',NULL,'IACSA',NULL,'0',''),(7295,'TECCAMBPRY','CSCCEDA583','JAVIER','HERNANDEZ','MARTINEZ','2017-10-25 00:00:00','JHERNANDEZM',NULL,'A',NULL,'IACSA',NULL,'0',''),(7329,'TECCAMBPRY','CSCXO','JOSE LUIS','FRAGOSO','AVILA','2017-10-25 00:00:00','JLFRAGOSO',NULL,'A',NULL,'IACSA',NULL,'0',''),(7330,'AUXADMPRY','CSCCEDA','MARISELA','GUTIERREZ','CABRERA','2017-10-25 00:00:00','MGUTIERREZ',NULL,'A',NULL,'IACSA',NULL,'0',''),(7331,'TECCAMBPRY','CSCXO','WALTER','LANDA','VAZQUEZ','2017-10-25 00:00:00','WLANDA',NULL,'A',NULL,'IACSA',NULL,'0',''),(7340,'TECCAMBPRY','CSCLON','HIPOLITO','LUNA','HERNANDEZ','2017-10-25 00:00:00','HLUNAH',NULL,'A',NULL,'IACSA',NULL,'0',''),(7344,'TECCENPRY','CSCLON','JORGE LUIS','VIDAL','BARDALES','2017-10-25 00:00:00','JLVIDAL',NULL,'A',NULL,'IACSA',NULL,'0',''),(7386,'TECCAMBPRY','CSCVC','OSWALDO','BARCENAS','ALVAREZ','2017-10-25 00:00:00','OBARCENAS',NULL,'A',NULL,'IACSA',NULL,'0',''),(7399,'TECCAMBPRY','CSCLON','HIGINIO','PEREZ','MAGAÑA','2017-10-25 00:00:00','HPEREZM',NULL,'A',NULL,'IACSA',NULL,'0',''),(7403,'ANACOMB','FACTURA','JOSEFINA','LANUZA','JASSO','2017-10-25 00:00:00','JLANUZA',NULL,'A',NULL,'IACSA',NULL,'0',''),(7421,'OFICINISTA','OAPIZ','VERONICA','CASTILLO','REYES','2017-10-25 00:00:00','VCASTILLO',NULL,'A',NULL,'IACSA',NULL,'0',''),(7423,'SUPLECB','CSCLE','GABRIEL','RUBIO','BENITEZ','2017-10-25 00:00:00','GRUBIO',NULL,'A',NULL,'IACSA',NULL,'0',''),(7428,'OFICINISTA','OAPCO','SERGIO','LAGUNA','HERRERA','2017-10-25 00:00:00','SLAGUNA',NULL,'A',NULL,'IACSA',NULL,'0',''),(7435,'TECCAMBPRY','CSCXO','HETZAEL','RAMOS','CARRILLO','2017-10-25 00:00:00','HRAMOS',NULL,'A',NULL,'IACSA',NULL,'0',''),(7446,'TECCAMAPRY','CSCCEDA','ANGEL SALVADOR','SANTOS','GARCIA','2018-11-20 00:00:00',NULL,NULL,'A',NULL,'IACSA',NULL,NULL,''),(7449,'OFICINISTA','OAPMA','MARIO','RODRIGUEZ','AMBRIZ','2017-10-25 00:00:00','MRODRIGUEZA',NULL,'A',NULL,'IACSA',NULL,'0',''),(7453,'OFICINISTA','OAPTL','KARINA','LARA','SOLANO','2018-07-16 16:53:11','KLARA','KLARA','A',NULL,'IACSA',NULL,'0',''),(7458,'TECCAMAPRY','CSCCEDA583','RAMON','REBOLLO','GARCIA','2017-10-25 00:00:00','RREBOLLO',NULL,'A',NULL,'IACSA',NULL,'0',''),(7468,'TECCAMBPRY','CSCCEDA583','JESUS ENRIQUE','GARRIDO','TORRES','2017-10-25 00:00:00','JEGARRIDO',NULL,'A',NULL,'IACSA',NULL,'0',''),(7484,'TECCAMAPRY','CSCCEDA','MISAEL','CAUDILLO','GUTIERREZ','2018-07-16 16:53:11','MCAUDILLO','MCAUDILLO','A',NULL,'IACSA',NULL,'0',''),(7485,'TECCAMAPRY','CSCCEDA','JUAN ANTONIO','MEDINA','CASTILLO','2017-10-25 00:00:00','JAMEDINA',NULL,'I',NULL,'IACSA',NULL,'0',''),(7491,'OFICINISTA','OAPIZ','ENRIQUE','RAMIREZ','CARDENAS','2017-10-25 00:00:00','ERAMIREZC',NULL,'I',NULL,'IACSA',NULL,'0',''),(7492,'TECCAMAPRY','CSCCEDA','JULIO CESAR','CABALLERO','CHAVEZ','2018-07-16 16:53:11','JLCABALLERO','JLCABALLERO','A',NULL,'IACSA',NULL,'0',''),(7517,'TECCAMAPRY','CSCCEDA583','MIGUEL','MATIAS','CASTRO','2017-10-25 00:00:00','MMATIAS',NULL,'A',NULL,'IACSA',NULL,'0',''),(7522,'TECCAMBPRY','CSCXO','FRANCISCO','DE LA CRUZ','RODRIGUEZ','2017-10-25 00:00:00','FDELACRUZ',NULL,'A',NULL,'IACSA',NULL,'0',''),(7525,'TECCAMAPRY','CSCCEDA583','ARTURO','PEREZ','ORTIZ','2018-07-16 16:53:11','APEREZO','APEREZO','A',NULL,'IACSA',NULL,'0',''),(7534,'AUXADMPRY','CSCLON','OSCAR DANIEL','GONZALEZ','MUÑOZ','2017-10-25 00:00:00','ODGONZALEZ',NULL,'I',NULL,'IACSA',NULL,'0',''),(7549,'TECCAMBPRY','CSCVC','OSWALDO','NAVA','CASTILLO','2017-10-25 00:00:00','ONAVA',NULL,'I',NULL,'IACSA',NULL,'0',''),(7550,'SUPLECB','CSCXO','EVARISTO DANIEL','GONZALEZ','LOPEZ','2017-10-25 00:00:00','EDGONZALEZL',NULL,'A',NULL,'IACSA',NULL,'0',''),(7562,'OFICINISTA','OAPCO','CHRISTIAN JAVIER','SARMIENTO','SOLIS','2017-10-25 00:00:00','CHJSARMIENTO',NULL,'I',NULL,'IACSA',NULL,'0',''),(7563,'ANARECSELA','RH','TANIA ELIZABETH','ROSAS','CRUZ','2017-10-25 00:00:00','TEROSAS',NULL,'A',NULL,'IACSA',NULL,'0',''),(7566,'JEFEFREN','OBRAS','EDUARDO','ARZATE','CUAUTLE','2017-10-25 00:00:00','EARZATE',NULL,'A',NULL,'IACSA',NULL,'0',''),(7567,'COORMAQEQU','SERGEN','LUIS ANTONIO','HERRERA','AGUILAR','2017-10-25 12:00:00','LAHERRERA','LAHERRERA','A','laherrera@acuatic.com.mx','IACSA',NULL,'0',''),(7569,'JEFEFREPRY','OBRAS','CESAR ALBERTO','VAZQUEZ','RAMIREZ','2017-10-25 00:00:00','CAVAZQUEZ',NULL,'A',NULL,'IACSA',NULL,'0',''),(7578,'ANACOMB','COBRANZA58','ROSA MARIA','MIRELES','MONDRAGON','2017-10-25 00:00:00','RMMIRELES',NULL,'A',NULL,'IACSA',NULL,'0',''),(7579,'TECCAMAPRY','CSCCEDA','TOMAS','JUAN','DE LA CRUZ','2017-10-25 00:00:00','TJUAN',NULL,'A',NULL,'IACSA',NULL,'0',''),(7581,'TECCAMAPRY','CSCCEDA','DAVID ARIEL','HUERTA','PRECIADO','2017-10-25 00:00:00','DAHUERTA',NULL,'A',NULL,'IACSA',NULL,'0',''),(7584,'TECCAMAPRY','CSCCEDA','OSCAR FRANCISCO','RUEDA','CRUZ','2018-07-16 16:53:11','OFRUEDA','OFRUEDA','A',NULL,'IACSA',NULL,'0',''),(7586,'SUPMANPRYB','CSCCEDA','IVAN JOSE','BARCENA','GOMEZ','2017-10-25 00:00:00','IJBARCENA',NULL,'A',NULL,'IACSA',NULL,'0',''),(7599,'TECCAMAPRY','CSCCEDA583','GERARDO ARTEMIO','SANCHEZ','MENDEZ','2017-10-25 00:00:00','GASANCHEZM',NULL,'A',NULL,'IACSA',NULL,'0',''),(7603,'MECANICO','SERGEN','GABRIEL','CEBADA','CASTAÑEDA','2017-10-25 00:00:00','GCEBADA',NULL,'A',NULL,'IACSA',NULL,'0',''),(7609,'TECCAMAPRY','CSCCEDA583','JESUS ISRAEL','ALDAMA','BONILLA','2018-07-16 16:53:11','JIALDAMA','JIALDAMA','A',NULL,'IACSA',NULL,'0',''),(7610,'TECCAMAPRY','CSCCEDA','JOSE JAIR','HERNANDEZ','RAMIREZ','2017-10-25 00:00:00','JJHERNANDEZR',NULL,'I',NULL,'IACSA',NULL,'0',''),(7627,'TECCAMAPRY','CSCCEDA583','ADOLFO','GARCIA','AVELINO','2017-10-25 00:00:00','AGARCIAA',NULL,'A',NULL,'IACSA',NULL,'0',''),(7632,'TECCAMAPRY','CSCCEDA583','SANTIAGO SILVIO','MORALES','ANGELES','2017-10-25 00:00:00','SSMORALES',NULL,'A',NULL,'IACSA',NULL,'0',''),(7634,'TECCAMAPRY','CSCCEDA','FABIAN','ROSAS','LAZARO','2017-10-25 00:00:00','FROSASL',NULL,'A',NULL,'IACSA',NULL,'0',''),(7635,'OFICINISTA','OAPXO','CYNTHIA NATALY','MORALES','BELMARES','2017-10-25 00:00:00','CNMORALES',NULL,'I',NULL,'IACSA',NULL,'0',''),(7639,'TECCAMBPRY','CSCCEDA583','FERNANDO','URZUA','DORADO','2017-10-25 00:00:00','FURZUA',NULL,'A',NULL,'IACSA',NULL,'0',''),(7650,'TECCAMBPRY','CSCCEDA583','ARMANDO','SANCHEZ','HERNANDEZ','2017-10-25 00:00:00','ASANCHEZH',NULL,'A',NULL,'IACSA',NULL,'0',''),(7654,'AUXADMON','COBRANZA58','CESAR','HERNANDEZ','LOPEZ','2017-10-25 00:00:00','CHERNANDEZL',NULL,'A',NULL,'IACSA',NULL,'0',''),(7660,'TECCAMBPRY','CSCCEDA','ALEJANDRO RAFAEL','GONZALEZ','HERNANDEZ','2017-10-25 00:00:00','ARGONZALEZ',NULL,'I',NULL,'IACSA',NULL,'0',''),(7662,'TECCAMAPRY','CSCCEDA','ANDRES','BARRERA','GOMEZ','2017-10-25 00:00:00','ABARRERA',NULL,'A',NULL,'IACSA',NULL,'0',''),(7663,'TECCAMAPRY','CSCCEDA','JOSE LUIS','BARRERA','HERNANDEZ','2017-10-25 00:00:00','JLBARRERA',NULL,'I',NULL,'IACSA',NULL,'0',''),(7670,'AUXADMPRY','CSCCEDA','VANESSA','HERNANDEZ','BERNAL','2017-10-25 00:00:00','VHERNANDEZB',NULL,'A',NULL,'IACSA',NULL,'0',''),(7675,'TECCAMAPRY','CSCCEDA','RENE ALBERTO','VENCES','GUERRERO','2017-10-25 00:00:00','RAVENCES',NULL,'A',NULL,'IACSA',NULL,'0',''),(7677,'TECCAMAPRY','CSCCEDA','EDGAR JESUS','CAMPOS','MEDINA','2017-10-25 00:00:00','EJCAMPOS',NULL,'I',NULL,'IACSA',NULL,'0',''),(7682,'SUPATNUSUA','OAPXO','CLAUDIA IVETTE','ZAVALA','AGUILERA','2017-10-25 00:00:00','CIZAVALA',NULL,'A',NULL,'IACSA',NULL,'0',''),(7691,'TECCAMBPRY','CSCVC','CESAR','HERNANDEZ','ZAMORA','2017-10-25 00:00:00','CHERNANDEZZ',NULL,'A',NULL,'IACSA',NULL,'0',''),(7700,'TECCAMAPRY','CSCCEDA583','CARLOS ADOLFO','MONTOYA','JIMENEZ','2017-10-25 00:00:00','CAMONTOYA',NULL,'A',NULL,'IACSA',NULL,'0',''),(7701,'TECCAMAPRY','CSCCEDA','HERNAN ENRIQUE','SANSORES','VALLEJO','2017-10-25 00:00:00','HESANSORES',NULL,'I',NULL,'IACSA',NULL,'0',''),(7703,'TECCAMAPRY','CSCCEDA583','NESTOR JORGE','ROSAS','ROJANO','2017-10-25 00:00:00','NJROSAS',NULL,'A',NULL,'IACSA',NULL,'0',''),(7712,'TECCAMAPRY','CSCCEDA583','JUAN MANUEL','HERNANDEZ','BERNAL','2017-10-25 00:00:00','JMHERNANDEZ',NULL,'A',NULL,'IACSA',NULL,'0',''),(7714,'ENCADMPERA','RH','GUADALUPE','GARCIA','LUCAS','2017-10-25 00:00:00','GGARCIAL',NULL,'A',NULL,'IACSA',NULL,'0',''),(7715,'TECCAMBPRY','CSCCEDA583','ALEJANDRO','GONZALEZ','PRADO','2017-10-25 00:00:00','AGONZALEZP',NULL,'A',NULL,'IACSA',NULL,'0',''),(7720,'TECCAMAPRY','CSCCEDA','MIGUEL ANGEL','CABALLERO','CHAVEZ','2018-11-20 00:00:00',NULL,NULL,'A',NULL,'IACSA',NULL,NULL,''),(7722,'OFICINISTA','OAPLE','LUIS ALBERTO','LEON','LEON','2017-10-25 00:00:00','LALEON',NULL,'A',NULL,'IACSA',NULL,'0',''),(7725,'ANACOMB','COBRANZA58','JUAN CARLOS','PEREZ','MORALES','2017-10-25 00:00:00','JCPEREZM',NULL,'A',NULL,'IACSA',NULL,'0',''),(7731,'OFICINISTA','OPERCOM','ANA KAREN','RESENOS','MARTINEZ','2018-07-16 16:53:11','AKRESENOS','AKRESENOS','I',NULL,'IACSA',NULL,'0',''),(7732,'OFICINISTA','OAPAJ','RENE','CALITL','MENDOZA','2017-10-25 00:00:00','RCALITL',NULL,'A',NULL,'IACSA',NULL,'0',''),(7733,'ANACOMB','PLANCONT','MARIA ISABEL','HUERTA','LOPEZ','2018-07-16 16:53:11','MIHUERTA','MIHUERTA','I',NULL,'IACSA',NULL,'0',''),(7744,'TECCAMBPRY','CSCCEDA','JAIME','CRUZ','MENDOZA','2017-10-25 00:00:00','JCRUZM',NULL,'I',NULL,'IACSA',NULL,'0',''),(7749,'ANACOMPRYB','PADRONES','EHIMY','CASTRO','ARIAS','2017-10-25 00:00:00','ECASTRO',NULL,'A',NULL,'IACSA',NULL,'0',''),(7750,'ANACOMB','CSCXO583','OSCAR ISAAC','GONZALEZ','ORTIZ','2017-10-25 00:00:00','OIGONZALEZ',NULL,'A',NULL,'IACSA',NULL,'0',''),(7751,'TECCAMBPRY','CSCCEDA583','ANDRES IGNACIO','RAMIREZ','CASTILLO','2017-10-25 00:00:00','AIRAMIREZC',NULL,'A',NULL,'IACSA',NULL,'0',''),(7753,'TECCAMBPRY','CSCCEDA583','JOSE GUILLERMO','ROJAS','MARTINEZ','2017-10-25 00:00:00','JGROJAS',NULL,'A',NULL,'IACSA',NULL,'0',''),(7759,'TECCAMBPRY','CSCCEDA583','ALBERTO','SANTANA','VILLEDA','2017-10-25 00:00:00','ASANTANA',NULL,'A',NULL,'IACSA',NULL,'0',''),(7764,'TECCAMBPRY','CSCLON','RAUL','AGUILAR','PADILLA','2017-10-25 00:00:00','RAGUILAR',NULL,'A',NULL,'IACSA',NULL,'0',''),(7766,'TECCAMBPRY','CSCCEDA583','RAUL','HERRERA','MENESES','2017-10-25 00:00:00','RHERRERA',NULL,'A',NULL,'IACSA',NULL,'0',''),(7767,'TECCAMBPRY','CSCCEDA583','ALEJANDRO','JIMENEZ','BRAVO','2017-10-25 00:00:00','AJIMENEZB',NULL,'A',NULL,'IACSA',NULL,'0',''),(7781,'OFICINISTA','OAPAJ','ERIK','FLON','TAPIA','2017-10-25 00:00:00','EFLON',NULL,'A',NULL,'IACSA',NULL,'0',''),(7783,'TECCAMBPRY','CSCCEDA','CARLOS','ALVAREZ','CABRERA','2017-10-25 00:00:00','CALVAREZC',NULL,'I',NULL,'IACSA',NULL,'0',''),(7785,'TECCENPRY','SERCAMPO','JOEL','VILLAFUERTE','CASTILLO','2017-10-25 00:00:00','JVILLAFUERTE',NULL,'A',NULL,'IACSA',NULL,'0',''),(7787,'TECCAMBPRY','CSCLE','CARLOS ISRAEL','NAVARRETE','FLORES','2017-10-25 00:00:00','CINAVARRETE',NULL,'A',NULL,'IACSA',NULL,'0',''),(7790,'SUPATNUSUA','OAPBJ','MARIA DE LOS ANGELES','GARCIA','OROCIO','2017-10-25 00:00:00','MAGARCIAO',NULL,'A',NULL,'IACSA',NULL,'0',''),(7795,'JEFEFREPRY','OBRAS','HERNAN','SILES','NAVARRETE','2018-07-16 16:53:11','HSILES','HSILES','I',NULL,'IACSA',NULL,'0',''),(7798,'ENCGENOBRA','PYCOBRA','ADRIAN LEONARDO','BARRIOS','GOMEZ','2017-10-25 00:00:00','ALBARRIOS',NULL,'I',NULL,'IACSA',NULL,'0',''),(7799,'COMPRADOR','ABASTECI','LUIS ALBERTO','BARAJAS','GARCIA','2017-10-25 00:00:00','LABARAJAS',NULL,'A',NULL,'IACSA',NULL,'0',''),(7800,'ANACOMB','FACTURA','MARIA LUISA','ALPIZAR','LOPEZ','2017-10-25 00:00:00','MLALPIZAR',NULL,'A',NULL,'IACSA',NULL,'0',''),(7802,'JEFEFREN','OBRAS','JOSE EDUARDO','RIVERA','HERNANDEZ','2017-10-25 00:00:00','JERIVERA',NULL,'A',NULL,'IACSA',NULL,'0',''),(7803,'AUXADMPRY','CSCCEDA583','VIANNEY GRETEL','GARIBAY','GALICIA','2017-10-25 00:00:00','VGGARIBAY',NULL,'A',NULL,'IACSA',NULL,'0',''),(7808,'JEFEFREPRY','OBRAS','GERARDO FRANCISCO','MONTOYA','RESENDIZ','2018-07-16 16:53:11','GFMONTOYA','GFMONTOYA','I',NULL,'IACSA',NULL,'0',''),(7809,'OFICINISTA','OAPSC','SANDRA JAZMIN','LOPEZ','RODRIGUEZ','2017-10-25 00:00:00','SJLOPEZ',NULL,'A',NULL,'IACSA',NULL,'0',''),(7810,'TECCAMBPRY','CSCVC','JESUS','GIRON','MARTINEZ','2017-10-25 00:00:00','JGIRON',NULL,'A',NULL,'IACSA',NULL,'0',''),(7811,'TECCAMBPRY','CSCVC','ARMANDO','VERA','FERNANDEZ','2017-10-25 00:00:00','AVERA',NULL,'A',NULL,'IACSA',NULL,'0',''),(7813,'TECCAMBPRY','CSCLON','ENRIQUE EDGAR','GARCIA','REZA','2017-10-25 00:00:00','EEGARCIA',NULL,'A',NULL,'IACSA',NULL,'0',''),(7814,'TECCAMBPRY','CSCXO','CASIMIRO','GRANADOS','FUENTES','2017-10-25 00:00:00','CGRANADOS',NULL,'A',NULL,'IACSA',NULL,'0',''),(7816,'TECCAMAPRY','CSCCEDA','LUIS LEOBARDO','MENDOZA','VEGA','2017-10-25 00:00:00','LLMENDOZA',NULL,'I',NULL,'IACSA',NULL,'0',''),(7821,'ANACOMB','COBRANZA58','FRANCISCO JAVIER','JASSO','MUÑOZ','2017-10-25 00:00:00','FJJASSO',NULL,'A',NULL,'IACSA',NULL,'0',''),(7826,'OFICINISTA','OAPTL','DANAE IVONNE','JIMENEZ','RAMOS','2017-10-25 00:00:00','DIJIMENEZ',NULL,'A',NULL,'IACSA',NULL,'0',''),(7833,'TECCAMAPRY','CSCCEDA','FRANCISCO JAVIER','HERNANDEZ','ZOMPANTZI','2017-10-25 00:00:00','FJHERNANDEZ',NULL,'A',NULL,'IACSA',NULL,'0',''),(7834,'TECCAMAPRY','CSCCEDA','SERGIO ISRAEL','QUIROZ','LLANOS','2017-10-25 00:00:00','SIQUIROZ',NULL,'A',NULL,'IACSA',NULL,'0',''),(7835,'AUXADMPRY','CSCCEDA583','MARTHA PATRICIA','BLANQUER','LARA','2017-10-25 00:00:00','MPBLANQUER',NULL,'A',NULL,'IACSA',NULL,'0',''),(7837,'TECCAMAPRY','CSCCEDA','FERNANDO','HERNANDEZ','MIRANDA','2018-07-16 16:53:11','FHERNANDEZ','FHERNANDEZ','A',NULL,'IACSA',NULL,'0',''),(7850,'TECCAMBPRY','CSCLON','EDGAR','HERNANDEZ','GONZALEZ','2017-10-25 00:00:00','EHERNANDEZG',NULL,'A',NULL,'IACSA',NULL,'0',''),(7852,'TECCAMAPRY','CSCCEDA','RAUL','GONZALEZ','MARTINEZ','2017-10-25 00:00:00','RGONZALEZM',NULL,'A',NULL,'IACSA',NULL,'0',''),(7856,'JEFEFREPRY','OBRAS','LUIS MIGUEL','MARTINEZ','NICACIO','2017-10-25 00:00:00','LMMARTINEZN',NULL,'A',NULL,'IACSA',NULL,'0',''),(7861,'TECCAMAPRY','CSCCEDA583','ALEJANDRO','CERVANTES','REYES','2017-10-25 00:00:00','ACERVANTES',NULL,'A',NULL,'IACSA',NULL,'0',''),(7863,'TECCAMAPRY','CSCCEDA','ELADIO','CALLEJA','HERNANDEZ','2017-10-25 00:00:00','ECALLEJA',NULL,'I',NULL,'IACSA',NULL,'0',''),(7864,'TECCAMAPRY','CSCCEDA','JOSE JUAN','GARDUÑO','SALAZAR','2018-11-20 00:00:00',NULL,NULL,'A',NULL,'IACSA',NULL,NULL,''),(7865,'TECCAMAPRY','CSCCEDA583','DAVID','TORRES','LAZARO','2017-10-25 00:00:00','DTORRES',NULL,'A',NULL,'IACSA',NULL,'0',''),(7866,'TECCAMAPRY','CSCCEDA583','HECTOR','BOLAÑOS','GONZALEZ','2017-10-25 00:00:00','HBOLAÑOS',NULL,'A',NULL,'IACSA',NULL,'0',''),(7873,'ANACOMB','COBRANZA','KAREN LILI','LEYVA','MARURI','2017-10-25 00:00:00','KLEYVA',NULL,'A',NULL,'IACSA',NULL,'0',''),(7876,'OPERCAT','OAPAJ','JOSE EDUARDO','IBARRA','PUEBLA','2017-10-25 00:00:00','JEIBARRA',NULL,'A',NULL,'IACSA',NULL,'0',''),(7880,'TECCAMAPRY','CSCCEDA','ALEJANDRO','VELAZQUEZ','SOTO','2017-10-25 00:00:00','AVELAZQUEZ',NULL,'A',NULL,'IACSA',NULL,'0',''),(7888,'TECCAMBPRY','CSCLE','JAVIER','CHAVEZ','CEBADA','2017-10-25 00:00:00','JCHAVEZ',NULL,'A',NULL,'IACSA',NULL,'0',''),(7891,'OFICINISTA','OAPAJ','MARIA DE LOS ANGELES','RAMOS','SANDOVAL','2017-10-25 00:00:00','MARAMOSS',NULL,'A',NULL,'IACSA',NULL,'0',''),(7893,'TECCAMBPRY','CSCCEDA','JUAN ADRIAN','RAMIREZ','VERA','2017-10-25 00:00:00','JARAMIREZ',NULL,'A',NULL,'IACSA',NULL,'0',''),(7898,'OFICINISTA','OAPAJ','KAREN LIZBETH','VELAZQUEZ','RODRIGUEZ','2017-10-25 00:00:00','KEVELAZQUEZ',NULL,'A',NULL,'IACSA',NULL,'0',''),(7900,'SUPMANPRYB','CSCCEDA','LUIS','VILLANUEVA','GARCIA','2017-10-25 00:00:00','LVILLANUEVA',NULL,'A',NULL,'IACSA',NULL,'0',''),(7901,'OFICINISTA','OAPIZ','EDUARDO','AGUILAR','MONTIEL','2017-10-25 00:00:00','EAGUILAR',NULL,'A',NULL,'IACSA',NULL,'0',''),(7909,'AUXADMON','COBRANZA58','ANGEL','MACIAS','ARMIJO','2017-10-25 00:00:00','AMACIAS',NULL,'A',NULL,'IACSA',NULL,'0',''),(7912,'SUPESTPRYA','SERGEN','ALMA DELIA','SOTO','FERNANDEZ','2017-10-25 00:00:00','ADSOTO',NULL,'A',NULL,'IACSA',NULL,'0',''),(7913,'OFICINISTA','OAPVC','RICARDO','ROMERO','MORALES','2017-10-25 00:00:00','RROMERO',NULL,'A',NULL,'IACSA',NULL,'0',''),(7914,'AUXADMON','PADRONES','ISRAEL RICARDO','RODRIGUEZ','SANTOS','2017-10-25 00:00:00','IRRODRIGUEZ',NULL,'A',NULL,'IACSA',NULL,'0',''),(7917,'TECCAMBPRY','CSCLE','GEOVANI DIEGO','SALAS','FLORES','2017-10-25 00:00:00','GDSALAS',NULL,'A',NULL,'IACSA',NULL,'0',''),(7918,'TECCAMBPRY','CSCXO','JORGE','MOLOTLA','JIMENEZ','2017-10-25 00:00:00','JMOLOTLAJ',NULL,'A',NULL,'IACSA',NULL,'0',''),(7919,'OFICINISTA','OAPCH','VALERIA PATRICIA','DIAZ','BLANCAS','2017-10-25 00:00:00','VPDIAZ',NULL,'A',NULL,'IACSA',NULL,'0',''),(7921,'TECCAMBPRY','CSCLE','CARLOS HECTOR','FEREGRINO','OLGUIN','2017-10-25 00:00:00','CHFEREGRINO',NULL,'I',NULL,'IACSA',NULL,'0',''),(7923,'TECCAMBPRY','CSCCEDA583','ALBERTO','RAMIREZ','GONZALEZ','2017-10-25 00:00:00','ARAMIREZG',NULL,'A',NULL,'IACSA',NULL,'0',''),(7924,'TECCAMBPRY','CSCCEDA583','ERIK','TORRES','VAZQUEZ','2017-10-25 00:00:00','ETORRESV',NULL,'A',NULL,'IACSA',NULL,'0',''),(7928,'TECCAMBPRY','CSCCEDA','HUGO ENRIQUE','ESCOBAR','HERNANDEZ','2017-10-25 00:00:00','HEESCOBAR',NULL,'I',NULL,'IACSA',NULL,'0',''),(7931,'TECCAMBPRY','CSCCEDA','JULIO CESAR','BUSTOS','CRUZ','2017-10-25 00:00:00','JCBUSTOS',NULL,'I',NULL,'IACSA',NULL,'0',''),(7935,'TECCAMBPRY','CSCCEDA583','JORGE RAFAEL','ORTEGA','ALVAREZ','2017-10-25 00:00:00','JRORTEGA',NULL,'A',NULL,'IACSA',NULL,'0',''),(7936,'TECCAMBPRY','CSCCEDA','JUAN RAMON','PAVIA','GUZMAN','2017-10-25 00:00:00','JRPAVIA',NULL,'I',NULL,'IACSA',NULL,'0',''),(7937,'TECCAMBPRY','CSCLON','HUGO ARMANDO','DE GARAY','VERA','2017-10-25 00:00:00','HADEGARAY',NULL,'A',NULL,'IACSA',NULL,'0',''),(7943,'TECCAMBPRY','CSCLON','SERGIO','HERNANDEZ','ALFARO','2017-10-25 00:00:00','SHERNANDEZA',NULL,'I',NULL,'IACSA',NULL,'0',''),(7944,'TECCAMBPRY','CSCVC','CARLOS','GUZMAN','DOMINGUEZ','2017-10-25 00:00:00','CGUZMAN',NULL,'A',NULL,'IACSA',NULL,'0',''),(7946,'AUXADMPRY','CSCCEDA583','SUSANA','GONZALEZ','SAUCEDO','2017-10-25 00:00:00','SGONZALEZS',NULL,'A',NULL,'IACSA',NULL,'0',''),(7954,'TECCAMAPRY','CSCCEDA','JAVIER','FLORES','MARTINEZ','2018-07-16 16:53:11','JFLORES','JFLORES','A',NULL,'IACSA',NULL,'0',''),(7955,'TECCAMAPRY','CSCCEDA','FREDDY FERNANDO','FRAGOSO','VILLEDA','2018-11-20 00:00:00',NULL,NULL,'A',NULL,'IACSA',NULL,NULL,''),(7965,'SECDIR','OBRAS','LILIANA ISABEL','RUVALCABA','SANCHEZ','2017-10-25 00:00:00','LIRUVALCABA',NULL,'A',NULL,'IACSA',NULL,'0',''),(7967,'TECCAMBPRY','CSCLE','OSIRIS','MARTINEZ','ROLDAN','2017-10-25 00:00:00','OMARTINEZR',NULL,'I',NULL,'IACSA',NULL,'0',''),(7970,'TECCAMAPRY','CSCCEDA','SERGIO','VAZQUEZ','VENCES','2017-10-25 00:00:00','SVAZQUEZV',NULL,'A',NULL,'IACSA',NULL,'0',''),(7972,'MENSAJERO','SERGEN','HECTOR HUGO','ALEMAN','ROMERO','2017-10-25 00:00:00','HHALEMAN',NULL,'A',NULL,'IACSA',NULL,'0',''),(7976,'AUXADMPRY','CSCCEDA583','IVAN','MAGAÑA','GALLARDO','2017-10-25 00:00:00','IMAGAÑA',NULL,'A',NULL,'IACSA',NULL,'0',''),(7977,'TECCAMBPRY','CSCLON','FELIPE','ANDRADE','HERNANDEZ','2017-10-25 00:00:00','FANDRADE',NULL,'A',NULL,'IACSA',NULL,'0',''),(7980,'TECCAMAPRY','CSCCEDA583','ENRIQUE','PEREZ','CHAVARRIA','2017-10-25 00:00:00','EPEREZCH',NULL,'A',NULL,'IACSA',NULL,'0',''),(7986,'TECCAMBPRY','CSCAJ','ROQUE DE JESUS','SANTOS','RAMOS','2017-10-25 00:00:00','RJSANTOS',NULL,'A',NULL,'IACSA',NULL,'0',''),(7989,'TECCAMBPRY','CSCAJ','ADRIAN','GUZMAN','DOMINGUEZ','2017-10-25 00:00:00','AGUZMAN',NULL,'A',NULL,'IACSA',NULL,'0',''),(7990,'SUPMANPRYB','CSCCEDA583','MATIAS','CASTRO','BARRERA','2017-10-25 00:00:00','MCASTRO',NULL,'A',NULL,'IACSA',NULL,'0',''),(7993,'TECCAMBPRY','CSCCEDA583','MAURICIO','CAMPOS','JIMENEZ','2017-10-25 00:00:00','MCAMPOS',NULL,'A',NULL,'IACSA',NULL,'0',''),(7998,'TECCAMBPRY','CSCCEDA583','SERGIO','MUÑOZ','GONZALEZ','2017-10-25 00:00:00','SMUÑOZ',NULL,'A',NULL,'IACSA',NULL,'0',''),(8003,'TECCAMAPRY','CSCCEDA','JESUS RAFAEL','MARTINEZ','HERRERA','2017-10-25 00:00:00','JRMARTINEZ',NULL,'A',NULL,'IACSA',NULL,'0',''),(8005,'TECCAMAPRY','CSCCEDA','PATRICIO','HERNANDEZ','GUZMAN','2018-07-16 16:53:11','PHERNANDEZ','PHERNANDEZ','A',NULL,'IACSA',NULL,'0',''),(8006,'TECCAMAPRY','CSCCEDA','CESAR','OLIVAR','SALAS','2018-11-20 00:00:00',NULL,NULL,'A',NULL,'IACSA',NULL,NULL,''),(8010,'TECCAMBPRY','CSCVC','JUAN LUIS','BURGOS','BERNARDO','2017-10-25 00:00:00','JLBURGOS',NULL,'I',NULL,'IACSA',NULL,'0',''),(8013,'TECCAMBPRY','CSCLON','MIGUEL','ROQUE','ONOFRE','2017-10-25 00:00:00','MROQUE',NULL,'I',NULL,'IACSA',NULL,'0',''),(8017,'TECCAMAPRY','CSCCEDA583','ELIAS','LOPEZ','HERNANDEZ','2017-10-25 00:00:00','ELOPEZH',NULL,'A',NULL,'IACSA',NULL,'0',''),(8019,'TECCAMBPRY','CSCLE','HUMBERTO','MARAVILLAS','RAMIREZ','2017-10-25 00:00:00','HMARAVILLAS',NULL,'A',NULL,'IACSA',NULL,'0',''),(8021,'TECCAMAPRY','CSCCEDA','GERARDO','SALAS','NOGUERON','2017-10-25 00:00:00','GSALASN',NULL,'A',NULL,'IACSA',NULL,'0',''),(8026,'OFICINISTA','COBRANZA58','CLAUDIA FABIOLA','CASTRO','ULIVARRI','2017-10-25 00:00:00','CFCASTRO',NULL,'A',NULL,'IACSA',NULL,'0',''),(8032,'ANACOMB','FACTURA','SANDRA KARINA','HERNANDEZ','MUÑOZ','2017-10-25 00:00:00','SKHERNANDEZ',NULL,'A',NULL,'IACSA',NULL,'0',''),(8036,'TECCAMAPRY','CSCCEDA583','CARLOS BERNABE','ZETINA','MEDINA','2017-10-25 00:00:00','CBZETINA',NULL,'A',NULL,'IACSA',NULL,'0',''),(8042,'TECCAMBPRY','CSCLON','MARIO ALBERTO','CERON','BACA','2017-10-25 00:00:00','MACERON',NULL,'I',NULL,'IACSA',NULL,'0',''),(8043,'TECCAMBPRY','CSCLON','RICARDO','ROMERO','SANCHEZ','2018-07-16 17:39:54','RROMEROS','RROMEROS','A',NULL,'IACSA',NULL,'0',''),(8047,'ABOGADO','JURIDICO','ILCET ARELI','OROPEZA','SERRANO','2017-10-25 00:00:00','IAOROPEZA',NULL,'A',NULL,'IACSA',NULL,'0',''),(8050,'TECCAMAPRY','CSCCEDA','JOSE ISRRAEL','SANCHEZ','GUZMAN','2017-10-25 00:00:00','JISANCHEZ',NULL,'A',NULL,'IACSA',NULL,'0',''),(8054,'TECCAMBPRY','CSCXO','GERARDO','VALENCIA','AQUINO','2017-10-25 00:00:00','GVALENCIA',NULL,'A',NULL,'IACSA',NULL,'0',''),(8056,'ANACOMB','COBRANZA58','KAREN PATRICIA','TORRES','QUIROZ','2017-10-25 00:00:00','KPTORRES',NULL,'A',NULL,'IACSA',NULL,'0',''),(8059,'OFICINISTA','OAPCO','JAVIER','CRISANTO','CONTRERAS','2017-10-25 00:00:00','JCRISANTO',NULL,'A',NULL,'IACSA',NULL,'0',''),(8061,'SUPCOBA','OAPVC','GABRIEL','CASTELLANOS','TORRES','2017-10-25 00:00:00','GCASTELLANOST',NULL,'A',NULL,'IACSA',NULL,'0',''),(8068,'ANACOMB','FACTURA','MITZI ZULEICA','AGUILAR','PEREZ','2017-10-25 00:00:00','MZAGUILAR',NULL,'A',NULL,'IACSA',NULL,'0',''),(8069,'OFICINISTA','OAPBJ','NANCY YAREMI','RUIZ','ORTEGA','2017-10-25 00:00:00','NYRUIZ',NULL,'A',NULL,'IACSA',NULL,'0',''),(8072,'TECCAMBPRY','CSCXO583','JUAN CARLOS','GONZALEZ','GARCIA','2017-10-25 00:00:00','JCGONZALEZG',NULL,'A',NULL,'IACSA',NULL,'0',''),(8079,'TECCAMAPRY','CSCCEDA','JORGE','DIAZ','DELGADO','2018-07-16 16:53:11','JDIAZ','JDIAZ','A',NULL,'IACSA',NULL,'0',''),(8082,'TECCAMAPRY','CSCCEDA','CRISTOFER','GONZALEZ','CASTILLO','2018-11-20 00:00:00',NULL,NULL,'A',NULL,'IACSA',NULL,NULL,''),(8089,'TECCAMAPRY','CSCCEDA','RAMON','MENDOZA','RIVERA','2018-11-20 00:00:00',NULL,NULL,'A',NULL,'IACSA',NULL,NULL,''),(8095,'OPERCAT','CAT','MITZI NAYELI','FLORES','HUERTA','2017-10-25 00:00:00','MNFLORES',NULL,'A',NULL,'IACSA',NULL,'0',''),(8096,'ANACOMB','FACTURA','DANIEL','SANDOVAL','MURILLO','2017-10-25 00:00:00','DSANDOVAL',NULL,'A',NULL,'IACSA',NULL,'0',''),(8097,'TECCAMBPRY','CSCLON','CESAR ENRIQUE','PEREZ','PEREZ','2017-10-25 00:00:00','CEPEREZP',NULL,'A',NULL,'IACSA',NULL,'0',''),(8103,'SUPMANPRYB','CSCCEDA','MIGUEL','RODRIGUEZ','PACHECO','2017-10-25 00:00:00','MRODRIGUEZP',NULL,'A',NULL,'IACSA',NULL,'0',''),(8104,'TECCAMBPRY','CSCAJ','RAYMUNDO','ALVAREZ','SANCHEZ','2017-10-25 00:00:00','RALVAREZ',NULL,'A',NULL,'IACSA',NULL,'0',''),(8107,'TECCAMBPRY','CSCCEDA583','VICTOR MANUEL','MORENO','URIARTE','2017-10-25 00:00:00','VMMORENO',NULL,'A',NULL,'IACSA',NULL,'0',''),(8108,'TECCAMAPRY','CSCCEDA','JUAN JORGE','MONTOYA','JIMENEZ','2017-10-25 00:00:00','JJMONTOYA',NULL,'I',NULL,'IACSA',NULL,'0',''),(8111,'TECCAMAPRY','CSCCEDA','MIGUEL ANGEL','CASTILLO','HERNANDEZ','2017-10-25 00:00:00','MACASTILLO',NULL,'A',NULL,'IACSA',NULL,'0',''),(8112,'TECCAMAPRY','CSCCEDA','JOSE ALONSO','GARCIA','LARA','2018-11-20 00:00:00',NULL,NULL,'A',NULL,'IACSA',NULL,NULL,''),(8114,'OFICINISTA','OAPCH','SERGIO','CORNELIO','CARRERA','2017-10-25 00:00:00','SCORNELIO',NULL,'A',NULL,'IACSA',NULL,'0',''),(8117,'TECCAMAPRY','CSCCEDA583','RAUL','GONZALEZ','JIMENEZ','2017-10-25 00:00:00','RGONZALEZJ',NULL,'A',NULL,'IACSA',NULL,'0',''),(8125,'SUPPRYPRYA','DIRGEN','FLORIAN GUY ALBERT','BAUDOIN',NULL,'2017-10-25 00:00:00','FGABAUDOIN',NULL,'I',NULL,'IACSA',NULL,'0',''),(8129,'AUXADMPRY','CSCCEDA','FRANCISCO JESUS','SANCHEZ','SAAVEDRA','2017-10-25 00:00:00','FJSANCHEZS',NULL,'A',NULL,'IACSA',NULL,'0',''),(8132,'TECCENPRY','SERCAMPO','REBECA MERCEDES','CORONADO','RODRIGUEZ','2018-07-16 16:53:11','RMCORONADO','RMCORONADO','A',NULL,'IACSA',NULL,'0',''),(8134,'TECCAMAPRY','CSCCEDA','ROMAN','MUÑOZ','LIRA','2017-10-25 00:00:00','RMUÑOZ',NULL,'A',NULL,'IACSA',NULL,'0',''),(8136,'TECCAMAPRY','CSCCEDA','HECTOR','RODRIGUEZ','HERNANDEZ','2018-07-16 17:39:54','HRODRIGUEZH','HRODRIGUEZH','A',NULL,'IACSA',NULL,'0',''),(8138,'AUXADMPRY','CSCCEDA','ROSA MARIA','ORTEGA','DE LEON','2017-10-25 00:00:00','RMORTEGA',NULL,'I',NULL,'IACSA',NULL,'0',''),(8139,'TECCAMAPRY','CSCCEDA','DAVID','SANCHEZ','FLORES','2017-10-25 00:00:00','DSANCHEZF',NULL,'I',NULL,'IACSA',NULL,'0',''),(8140,'TECCAMPOA','CSCCEDA','MARCO ANTONIO','GALLARDO','LOPEZ','2018-10-05 00:00:00','MAGALLARDO',NULL,'A',NULL,'IACSA',NULL,'0',''),(8147,'TECCAMBPRY','CSCAJ','NICOLAS','FLORES','GUILLERMO','2017-10-25 00:00:00','NFLORES',NULL,'A',NULL,'IACSA',NULL,'0',''),(8152,'TECCENPRY','CSCLON','OSVALDO','FLORES','LOPEZ','2017-10-25 00:00:00','OFLORES',NULL,'A',NULL,'IACSA',NULL,'0',''),(8153,'ANACOMB','PROMTRAESP','NORMA NAYELI','ECHAVARRIA','GARCIA','2017-10-25 00:00:00','NNECHAVARRIA',NULL,'A',NULL,'IACSA',NULL,'0',''),(8158,'TECCAMBPRY','CSCLON','JOSE EDUARDO','GARCIA','GARCIA','2017-10-25 00:00:00','JEGARCIAG',NULL,'A',NULL,'IACSA',NULL,'0',''),(8162,'TECCENPRY','SERCAMPO','JOSE LUIS ARTURO','GOMEZ','ESTRADA','2017-10-25 00:00:00','JLAGOMEZ',NULL,'A',NULL,'IACSA',NULL,'0',''),(8164,'OFICINISTA','OAPCH','MARIA DE JESUS','MONDRAGON','FLORES','2017-10-25 00:00:00','MJMONDRAGON',NULL,'A',NULL,'IACSA',NULL,'0',''),(8166,'OPERCAT','CAT','ELSA YASARET','RAMIREZ','VAZQUEZ','2017-10-25 00:00:00','EYRAMIREZ',NULL,'A',NULL,'IACSA',NULL,'0',''),(8168,'TECCAMBPRY','CSCLON','ERICK JOVANI','SANDOVAL','MARIN','2018-07-16 16:53:11','EJSANDOVAL','EJSANDOVAL','A',NULL,'IACSA',NULL,'0',''),(8174,'TECCAMBPRY','CSCCEDA583','HUMBERTO','PEREZ','MEJIA','2017-10-25 00:00:00','HPEREZME',NULL,'A',NULL,'IACSA',NULL,'0',''),(8175,'TECCAMBPRY','CSCLE','JESUS FERNANDO','CASTRILLO','OLIVA','2017-10-25 00:00:00','JFCASTRILLO',NULL,'I',NULL,'IACSA',NULL,'0',''),(8176,'TECCAMAPRY','CSCCEDA583','JESUS','GARCIA','AVELINO','2017-10-25 00:00:00','JGARCIAA',NULL,'A',NULL,'IACSA',NULL,'0',''),(8179,'ANACOMB','PROMTRAESP','ANA KAREN','VELAZQUEZ','ROJAS','2017-10-25 00:00:00','AKVELAZQUEZ',NULL,'A',NULL,'IACSA',NULL,'0',''),(8184,'TECCAMAPRY','CSCCEDA583','JOSE ROBERTO','CASTELLANOS','QUERO','2017-10-25 00:00:00','JRCASTELLANOS',NULL,'A',NULL,'IACSA',NULL,'0',''),(8188,'TECCAMAPRY','CSCCEDA583','ROBERTO','GONZALEZ','MARTINEZ','2017-10-25 00:00:00','RGONZALEZMA',NULL,'A',NULL,'IACSA',NULL,'0',''),(8190,'SUPMANPRYB','CSCCEDA583','ADRIAN URIAS','ESCALANTE','COUTIÑO','2017-10-25 00:00:00','AUESCALANTE',NULL,'A',NULL,'IACSA',NULL,'0',''),(8193,'TECCAMAPRY','CSCCEDA','ISAAC EMMANUEL','CALLEJA','BUSTOS','2017-10-25 00:00:00','IECALLEJA',NULL,'I',NULL,'IACSA',NULL,'0',''),(8196,'TECCAMBPRY','CSCLON','JORGE ABRAHAM','GUZMAN','CHAVEZ','2017-10-25 00:00:00','JAGUZMAN',NULL,'A',NULL,'IACSA',NULL,'0',''),(8198,'TECCAMBPRY','CSCXO','CHRISTIAN ALAN','GALICIA','CAMACHO','2017-10-25 00:00:00','CHAGALICIA',NULL,'I',NULL,'IACSA',NULL,'0',''),(8202,'TECCAMBPRY','CSCCEDA','JAVIER','GAONA','RAMIREZ','2017-10-25 00:00:00','JGAONA',NULL,'I',NULL,'IACSA',NULL,'0',''),(8208,'TECCAMBPRY','CSCCEDA583','JULIO','MARTINEZ','URIBE','2017-10-25 00:00:00','JMARTINEZU',NULL,'A',NULL,'IACSA',NULL,'0',''),(8210,'TECCAMAPRY','CSCCEDA583','MARTIN','AVILES','ANGELINO','2017-10-25 00:00:00','MAVILES',NULL,'A',NULL,'IACSA',NULL,'0',''),(8211,'TECCAMAPRY','CSCCEDA583','EDGAR EDUARDO','PEREZ','CEBALLOS','2017-10-25 00:00:00','EEPEREZ',NULL,'A',NULL,'IACSA',NULL,'0',''),(8214,'TECCAMBPRY','CSCLON','MOISES','LOPEZ','GONZALEZ','2017-10-25 00:00:00','MLOPEZG',NULL,'A',NULL,'IACSA',NULL,'0',''),(8215,'TECCAMBPRY','CSCLON','ALEJANDRO','HERNANDEZ','ESTRADA','2017-10-25 00:00:00','AHERNANDEZE',NULL,'I',NULL,'IACSA',NULL,'0',''),(8217,'TECCAMAPRY','CSCCEDA','GABRIEL','CASTILLO','HERNANDEZ','2017-10-25 00:00:00','CASTILLOH',NULL,'A',NULL,'IACSA',NULL,'0',''),(8219,'JEFEFREPRY','OBRAS','ISRAEL','MANCILLA','CASIMIRO','2017-10-25 00:00:00','IMANCILLA',NULL,'A',NULL,'IACSA',NULL,'0',''),(8220,'ENCESTPRYA','ESTCONT','CRISTIAN DE JESUS','GONZALEZ','VALENCIANO','2017-10-25 00:00:00','CJGONZALEZ',NULL,'A',NULL,'IACSA',NULL,'0',''),(8223,'OFICINISTA','OAPBJ','MIRIAM ROSARIO','CARMONA','CASTILLO','2017-10-25 00:00:00','MRCARMONA',NULL,'A',NULL,'IACSA',NULL,'0',''),(8226,'COORPREUPY','ESTCONT','AMADA LAURA','ALEJOS','GOMEZ','2017-10-25 00:00:00','ALALEJOS',NULL,'I',NULL,'IACSA',NULL,'0',''),(8238,'TECCAMAPRY','CSCCEDA583','ALFONSO','ORTA','CORTES','2017-10-25 00:00:00','AORTA',NULL,'A',NULL,'IACSA',NULL,'0',''),(8239,'TECCAMAPRY','CSCCEDA583','GERARDO MARTIN','FLORES','HERNANDEZ','2017-10-25 00:00:00','GMFLORES',NULL,'A',NULL,'IACSA',NULL,'0',''),(8240,'TECCAMAPRY','CSCCEDA583','PEDRO','GARRIDO','GUTIERREZ','2017-10-25 00:00:00','PGARRIDO',NULL,'A',NULL,'IACSA',NULL,'0',''),(8241,'TECCAMAPRY','CSCCEDA','BRIAN OCTAVIO','ESPINAL','CRUZ','2017-10-25 00:00:00','BOESPINAL',NULL,'I',NULL,'IACSA',NULL,'0',''),(8242,'TECCAMAPRY','CSCCEDA583','BRAYAN ALEJANDRO','OLIVARES','PEREZ','2017-10-25 00:00:00','BAOLIVARES',NULL,'A',NULL,'IACSA',NULL,'0',''),(8243,'TECCAMAPRY','CSCCEDA583','EDUARDO MIGUEL','ESPINOSA','LOPEZ','2017-10-25 00:00:00','EMESPINOSA',NULL,'A',NULL,'IACSA',NULL,'0',''),(8244,'TECCAMAPRY','CSCCEDA','ANDRES','ORDAZ','RODRIGUEZ','2017-10-25 00:00:00','AORDAZ',NULL,'A',NULL,'IACSA',NULL,'0',''),(8245,'OFICINISTA','OAPCO','BRENDA JENIFFER','MARTINEZ','GARRIDO','2017-10-25 00:00:00','BJMARTINEZ',NULL,'A',NULL,'IACSA',NULL,'0',''),(8246,'TECCAMBPRY','CSCCEDA','CRISTHIAN PEDRO','LOPEZ','LAURE','2017-10-25 00:00:00','CHPLOPEZ',NULL,'I',NULL,'IACSA',NULL,'0',''),(8251,'TECCAMBPRY','CSCAJ','MARCO ANTONIO','CHAVARRIA','GALICIA','2017-10-25 00:00:00','MACHAVARRIA',NULL,'A',NULL,'IACSA',NULL,'0',''),(8256,'AUXADMPRY','CSCCEDA','BERENICE','VAZQUEZ','GONZALEZ','2017-10-25 00:00:00','BVAZQUEZ',NULL,'I',NULL,'IACSA',NULL,'0',''),(8257,'TECCAMAPRY','CSCCEDA','JUAN MANUEL','LOPEZ','HERNANDEZ','2017-10-25 00:00:00','JMLOPEZH',NULL,'A',NULL,'IACSA',NULL,'0',''),(8258,'TECCAMAPRY','CSCCEDA583','RAMON','GUTIERREZ','ROLDAN','2017-10-25 00:00:00','RGUTIERREZ',NULL,'A',NULL,'IACSA',NULL,'0',''),(8261,'TECCAMAPRY','CSCCEDA','GAUDENCIO','JIMENEZ','CAPOL','2017-10-25 00:00:00','GJIMENEZC',NULL,'I',NULL,'IACSA',NULL,'0',''),(8262,'OPERCAT','CAT','SERGIO','GONZALEZ','SILVA','2017-10-25 00:00:00','SGONZALEZSI',NULL,'I',NULL,'IACSA',NULL,'0',''),(8267,'SUPMANPRYB','CSCCEDA583','FRANCISCO','HERNANDEZ','PANIAGUA','2017-10-25 00:00:00','FHERNANDEZP',NULL,'A',NULL,'IACSA',NULL,'0',''),(8269,'JEFESEG','SEGIND','FERNANDO','LOPEZ','MARTINEZ','2017-10-25 00:00:00','FLOPEZM',NULL,'I',NULL,'IACSA',NULL,'0',''),(8270,'TECCAMBPRY','CSCCEDA583','SALVADOR','REYES','GARCIA','2017-10-25 00:00:00','SREYES',NULL,'A',NULL,'IACSA',NULL,'0',''),(8271,'TECCAMAPRY','CSCCEDA','JAIME','MENDEZ','CALIXTO','2017-10-25 00:00:00','JMENDEZ',NULL,'I',NULL,'IACSA',NULL,'0',''),(8272,'SUPLECPRYB','CSCAJ583','RICARDO','GUTIERREZ','SALINAS','2017-10-25 00:00:00','RGUTIERREZS',NULL,'A',NULL,'IACSA',NULL,'0',''),(8273,'SUPLECPRYB','CSCVC','JUAN CARLOS','MARTINEZ','NUÑEZ','2017-10-25 00:00:00','JCMARTINEZN',NULL,'A',NULL,'IACSA',NULL,'0',''),(8274,'TECCAMBPRY','CSCCEDA583','HUGO HUMBERTO','GUERRERO','CAPISTRANO','2017-10-25 00:00:00','HHGUERRERO',NULL,'A',NULL,'IACSA',NULL,'0',''),(8275,'OFICINISTA','OAPBJ','ITZAMAR ENRIQUETA','JAIMES','MEJIA','2017-10-25 00:00:00','IEJAIMES',NULL,'A',NULL,'IACSA',NULL,'0',''),(8276,'ANACOMB','COBRANZA58','LIZBETH','CASTRO','GARCIA','2017-10-25 00:00:00','LCASTRO',NULL,'A',NULL,'IACSA',NULL,'0',''),(8277,'AUXADMPRY','CSCCEDA583','YAZEL','ARROYAVE','ALCARAZ','2017-10-25 00:00:00','YARROYAVE',NULL,'A',NULL,'IACSA',NULL,'0',''),(8279,'ANACOMB','COBRANZA','IVONNE VANESSA','ESPINOZA','HERNANDEZ','2017-10-25 00:00:00','IVESPINOZA',NULL,'I',NULL,'IACSA',NULL,'0',''),(8280,'ANACOMB','COBRANZA','ANA ROSA','LEZAMA','CARRASCO','2017-10-25 00:00:00','ARLEZAMA',NULL,'A',NULL,'IACSA',NULL,'0',''),(8282,'ANAJURA','JURIDICO','REYNA SUSANA','HIDALGO','MINERO','2017-10-25 00:00:00','RSHIDALGO',NULL,'A',NULL,'IACSA',NULL,'0',''),(8284,'TECCAMBPRY','CSCLON','IVAN JAVIER','COSIO','MARTINEZ','2017-10-25 00:00:00','IJCOSIO',NULL,'I',NULL,'IACSA',NULL,'0',''),(8286,'TECCAMBPRY','CSCCEDA583','EDGAR','FERNANDO','PITA','2017-10-25 00:00:00','EFERNANDO',NULL,'A',NULL,'IACSA',NULL,'0',''),(8287,'TECCAMBPRY','CSCCEDA583','AXEL ROBERTO','JIMENEZ','CEBALLOS','2017-10-25 00:00:00','ARJIMENEZ',NULL,'A',NULL,'IACSA',NULL,'0',''),(8289,'TECCAMBPRY','CSCCEDA583','EDUARDO','GONZALEZ','MELO','2017-10-25 00:00:00','EGONZALEZM',NULL,'A',NULL,'IACSA',NULL,'0',''),(8291,'TECCAMBPRY','CSCCEDA','EMILIO ALEJANDRO','PEREZ','ALCANTARA','2017-10-25 00:00:00','EAPEREZA',NULL,'I',NULL,'IACSA',NULL,'0',''),(8292,'TECCAMAPRY','CSCCEDA583','MARCOS','OLGUIN','MELO','2017-10-25 00:00:00','MOLGUIN',NULL,'A',NULL,'IACSA',NULL,'0',''),(8293,'OFICINISTA','OAPLE','SHARON LINDSY','VILLANA','HERNANDEZ','2017-10-25 00:00:00','SHLVILLANA',NULL,'I',NULL,'IACSA',NULL,'0',''),(8294,'SUPMANPRYB','CSCCEDA583','MIGUEL ANGEL','MARTINEZ','VELAZQUEZ','2017-10-25 00:00:00','MAMARTINEZV',NULL,'A',NULL,'IACSA',NULL,'0',''),(8298,'TECCAMBPRY','CSCVC','BRYAN YAIR','TABOADA','PEÑA','2017-10-25 00:00:00','BYTABOADA',NULL,'A',NULL,'IACSA',NULL,'0',''),(8299,'TECCAMBPRY','CSCCEDA','JOSE ALEJANDRO','SILVA','CORDOBA','2017-10-25 00:00:00','JASILVA',NULL,'I',NULL,'IACSA',NULL,'0',''),(8301,'TECCAMBPRY','CSCCEDA583','JOSUE','HERNANDEZ','CALDERON','2017-10-25 00:00:00','JHERNANDEZC',NULL,'A',NULL,'IACSA',NULL,'0',''),(8305,'TECCAMBPRY','CSCCEDA583','CARLOS','HERNANDEZ','CALDERON','2017-10-25 00:00:00','CHERNANDEZC',NULL,'A',NULL,'IACSA',NULL,'0',''),(8309,'ANACOMB','PADRONES','EDGAR OMAR','VELAZQUEZ','LUCERO','2017-10-25 00:00:00','EOVELAZQUEZ',NULL,'A',NULL,'IACSA',NULL,'0',''),(8310,'OPERCAT','CAT','MARIA GUADALUPE','PALACIOS','FRANCO','2017-10-25 00:00:00','MGPALACIOS',NULL,'A',NULL,'IACSA',NULL,'0',''),(8311,'OFICINISTA','OAPXO','GUILLERMO','GRANADOS','GONZALEZ','2017-10-25 00:00:00','GGRANADOS',NULL,'I',NULL,'IACSA',NULL,'0',''),(8313,'ANACOMB','COBRANZA58','LIZETE ADRIANA','CARRERA','SANCHEZ','2017-10-25 00:00:00','LACARRERA',NULL,'A',NULL,'IACSA',NULL,'0',''),(8314,'SUPMANPRYB','CSCCEDA','CONSTANTINO','VALENCIA','HERNANDEZ','2017-10-25 00:00:00','CVALENCIA',NULL,'A',NULL,'IACSA',NULL,'0',''),(8315,'SUPMANPRYB','CSCCEDA','LUBIN JAIME','LARRAZILLA','LOPEZ','2017-10-25 00:00:00','LJLARRAZILLA',NULL,'A',NULL,'IACSA',NULL,'0',''),(8318,'TECCAMBPRY','CSCCEDA','ROGELIO','VILLA','GRACIAN','2017-10-25 00:00:00','RVILLA',NULL,'I',NULL,'IACSA',NULL,'0',''),(8321,'TECCAMBPRY','CSCCEDA','ALBERTO','CASTAÑEDA','MARTINEZ','2017-10-25 00:00:00','ACASTAÑEDA',NULL,'I',NULL,'IACSA',NULL,'0',''),(8328,'TECCAMAPRY','CSCCEDA','FRANCISCO RAUL','JIMENEZ','ESPINDOLA','2017-10-25 00:00:00','FRJIMENEZE',NULL,'A',NULL,'IACSA',NULL,'0',''),(8337,'OPERCAT','OAPSC','MARIA ITZEL','BOCANEGRA','RODRIGUEZ','2017-10-25 00:00:00','MIBOCANEGRA',NULL,'A',NULL,'IACSA',NULL,'0',''),(8341,'ANAADMPERB','RH','ARELY ANAHI','JUAREZ','DE LA TORRE','2017-10-25 00:00:00','AAJUAREZ',NULL,'A',NULL,'IACSA',NULL,'0',''),(8343,'TECCAMBPRY','CSCCEDA','ALEJANDRO RAFAEL','GALLARDO','ARROYO','2017-10-25 00:00:00','ARGALLARDO',NULL,'I',NULL,'IACSA',NULL,'0',''),(8345,'AUXADMPRY','CSCCEDA','ROSA PERLA','MENDEZ','RICO','2018-07-16 16:53:11','RPMENDEZ','RPMENDEZ','A',NULL,'IACSA',NULL,'0',''),(8348,'OFICINISTA','PROMTRAESP','EMMANUEL','REYES','RAMOS','2017-10-25 00:00:00','EREYESR',NULL,'A',NULL,'IACSA',NULL,'0',''),(8359,'SUPMANPRYB','CSCCEDA583','ALONDRA','CORONA','CUATIANQUIZ','2018-07-16 16:53:11','ACORONA','ACORONA','A',NULL,'IACSA',NULL,'0',''),(8361,'ABOGADO','COBRANZA58','DIANA ELENA','HERNANDEZ','PENAGOS','2017-10-25 00:00:00','DEHERNANDEZP',NULL,'A',NULL,'IACSA',NULL,'0',''),(8368,'AUXADMPRY','CSCCEDA','YALI ZULIDY','RODRIGUEZ','MELGAR','2018-07-16 16:53:11','YZRODRIGUEZ','YZRODRIGUEZ','A',NULL,'IACSA',NULL,'0',''),(8374,'JEFEALM','ALMACEN','ALEJANDRO','RAMOS','ANDRADE','2017-10-25 00:00:00','ARAMOSA',NULL,'A',NULL,'IACSA',NULL,'0',''),(8377,'ANACOMB','PADRONES','JAVIER','SANDOVAL','VERA','2017-10-25 00:00:00','JSANDOVAL',NULL,'A',NULL,'IACSA',NULL,'0',''),(8379,'ANACOMB','COBRANZA','ARELI','CRUZ','GARRIDO','2017-10-25 00:00:00','ACRUZG',NULL,'I',NULL,'IACSA',NULL,'0',''),(8381,'OFICINISTA','OAPVC','ARIADNA','VELASQUEZ','BLANCO','2017-10-25 00:00:00','AVELASQUEZB',NULL,'I',NULL,'IACSA',NULL,'0',''),(8382,'OFICINISTA','OAPTL','ALEJANDRO CESAR OSCAR','PEREZ','BORGE','2017-10-25 00:00:00','ACOPEREZ',NULL,'A',NULL,'IACSA',NULL,'0',''),(8383,'OFICINISTA','OAPXO','CESAR ARTURO','ESTRADA','PEREZ','2017-10-25 00:00:00','CAESTRADA',NULL,'A',NULL,'IACSA',NULL,'0',''),(8387,'TECCAMAPRY','CSCCEDA','CARLOS ALEXIS','GONZALEZ','SILVA','2017-10-25 00:00:00','CAGONZALEZS',NULL,'A',NULL,'IACSA',NULL,'0',''),(8388,'TECCAMAPRY','CSCCEDA','DANIEL','MARTINEZ','MEJIA','2017-10-25 00:00:00','DMARTINEZM',NULL,'I',NULL,'IACSA',NULL,'0',''),(8394,'AUXADMON','PADRONES','JUAN','CORTES','CASANOVA','2017-10-25 00:00:00','JCORTESC',NULL,'A',NULL,'IACSA',NULL,'0',''),(8395,'OFICINISTA','OAPIZ','DENIS CRISTOBAL','COLIN','ESTEVA','2017-10-25 00:00:00','DCCOLIN',NULL,'I',NULL,'IACSA',NULL,'0',''),(8401,'TECCAMAPRY','CSCCEDA','MARIO','GRANADOS','NOGUERON','2017-10-25 00:00:00','MGRANADOS',NULL,'A',NULL,'IACSA',NULL,'0',''),(8404,'TECCAMAPRY','CSCCEDA','JESUS ANTONIO','ALMONACI','LOZANO','2017-10-25 00:00:00','JAALMONACI',NULL,'A',NULL,'IACSA',NULL,'0',''),(8406,'TECCAMAPRY','CSCCEDA583','HECTOR','ALDAMA','BONILLA','2017-10-25 00:00:00','HALDAMA',NULL,'A',NULL,'IACSA',NULL,'0',''),(8407,'ANACOMB','PADRONES','THALIA','GODINEZ','BRACAMONTE','2017-10-25 00:00:00','TGODINEZ',NULL,'A',NULL,'IACSA',NULL,'0',''),(8411,'OFICINISTA','OAPXO','ADRIAN','CRUZ','GONZALEZ','2017-10-25 00:00:00','ACRUZGO',NULL,'A',NULL,'IACSA',NULL,'0',''),(8414,'ANACOMB','PADRONES','ESBEIDY MARIA','ZAMUDIO','CANO','2017-10-25 00:00:00','EMZAMUDIO',NULL,'A',NULL,'IACSA',NULL,'0',''),(8418,'TECCAMAPRY','CSCCEDA583','JOSE IGNACIO','ROMERO','GARCIA','2018-07-16 16:53:11','JIROMERO','JIROMERO','A',NULL,'IACSA',NULL,'0',''),(8419,'TECCAMAPRY','CSCCEDA583','JOSE FERNANDO','SOLLANO','GARCIA','2017-10-25 00:00:00','JFSOLLANO',NULL,'A',NULL,'IACSA',NULL,'0',''),(8420,'TECCAMBPRY','CSCLON','AUGUSTO','CALLEJA','CANDIA','2018-07-16 16:53:11','ACALLEJA','ACALLEJA','A',NULL,'IACSA',NULL,'0',''),(8421,'TECCAMAPRY','CSCCEDA','ANDRES AARON','PEREZ','GONZALEZ','2017-10-25 00:00:00','AAPEREZG',NULL,'I',NULL,'IACSA',NULL,'0',''),(8422,'TECCAMAPRY','CSCCEDA','JESUS ALBERTO','MANDUJANO','PATIÑO','2017-10-25 00:00:00','JAMANDUJANO',NULL,'I',NULL,'IACSA',NULL,'0',''),(8427,'TECCAMAPRY','CSCCEDA583','CARLOS MARTIN','HERNANDEZ','BERNAL','2017-10-25 00:00:00','CMHERNANDEZB',NULL,'A',NULL,'IACSA',NULL,'0',''),(8429,'ENCALMAB','ALMACEN','JOSE LUIS','ALVAREZ','HERNANDEZ','2017-10-25 00:00:00','JLALVAREZ',NULL,'A',NULL,'IACSA',NULL,'0',''),(8436,'OFICINISTA','OAPAJ','DIANA CECILIA','GARCIA','MEDRANO','2017-10-25 00:00:00','DCGARCIA',NULL,'A',NULL,'IACSA',NULL,'0',''),(8437,'ANACOMB','PADRONES','DAVID HAZIEL','GALVAN','VELAZQUEZ','2017-10-25 00:00:00','DHGALVAN',NULL,'A',NULL,'IACSA',NULL,'0',''),(8441,'TECCAMBPRY','CSCVC','ROBERTO','ROSAS','URQUIZA','2017-10-25 00:00:00','RROSASU',NULL,'I',NULL,'IACSA',NULL,'0',''),(8443,'TECCAMBPRY','CSCVC','DANIEL ALAN','CABELLO','MATEOS','2017-10-25 00:00:00','DACABELLO',NULL,'A',NULL,'IACSA',NULL,'0',''),(8444,'AUXADMPRY','CSCLON','INGRID ASTRID','DIAZ','SANTACRUZ','2017-10-25 00:00:00','IADIAZS',NULL,'A',NULL,'IACSA',NULL,'0',''),(8445,'TECCENPRY','CSCLON','ALBERTO','SANCHEZ','GUERRERO','2017-10-25 00:00:00','ASANCHEZG',NULL,'A',NULL,'IACSA',NULL,'0',''),(8446,'TOPOGRAFO','CSCLON','DANIEL ELIEZER','CAMACHO','CORANGUES','2017-10-25 00:00:00','DECAMACHO',NULL,'A',NULL,'IACSA',NULL,'0',''),(8448,'TECCAMBPRY','CSCAJ','MIGUEL ANGEL','OCAÑA','VELASCO','2017-10-25 00:00:00','MAOCAÑA',NULL,'I',NULL,'IACSA',NULL,'0',''),(8451,'TECCENPRY','SERCAMPO','LEONARDO DANIEL','PACHECO','LOPEZ','2017-10-25 00:00:00','LDPACHECO',NULL,'A',NULL,'IACSA',NULL,'0',''),(8452,'TECCENPRY','SERCAMPO','JESUS ROBERTO','REZA','HERNANDEZ','2017-10-25 00:00:00','JRREZA',NULL,'A',NULL,'IACSA',NULL,'0',''),(8455,'ANACOMPRYB','PADRONES','NIDYA','RUIZ','HERNANDEZ','2017-10-25 00:00:00','NRUIZH',NULL,'A',NULL,'IACSA',NULL,'0',''),(8457,'TECCAMBPRY','CSCLE','VICTOR HUGO','DE LA ROSA','ABURTO','2017-10-25 00:00:00','VHDELAROSA',NULL,'I',NULL,'IACSA',NULL,'0',''),(8462,'OPERCAT','OAPVC','MIRIAM GISELA','MORENO','GONZALEZ','2017-10-25 00:00:00','MGMORENO',NULL,'A',NULL,'IACSA',NULL,'0',''),(8464,'TECCAMBPRY','CSCXO','MARCO ANTONIO','PEREZ','LUNA','2017-10-25 00:00:00','MAPEREZL',NULL,'I',NULL,'IACSA',NULL,'0',''),(8465,'TECCAMBPRY','CSCLE','RODRIGO','PINEDA','FELICIANO','2017-10-25 00:00:00','RPINEDAF',NULL,'A',NULL,'IACSA',NULL,'0',''),(8466,'TECCAMAPRY','CSCCEDA583','ANDRES','MEDINA','CASTAÑEDA','2017-10-25 00:00:00','AMEDINAC',NULL,'A',NULL,'IACSA',NULL,'0',''),(8468,'TECCAMBPRY','CSCLE','MIGUEL ALEJANDRO','MARTINEZ','HUERTA','2017-10-25 00:00:00','MAMARTINEZH',NULL,'I',NULL,'IACSA',NULL,'0',''),(8470,'TECCAMBPRY','CSCCEDA583','NESTOR JOSE','ESCOTO','RIVERA','2017-10-25 00:00:00','NJESCOTO',NULL,'A',NULL,'IACSA',NULL,'0',''),(8471,'TECCAMBPRY','CSCLE','FLAVIO','PACHECO','FLORES','2017-10-25 00:00:00','FPACHECOF',NULL,'A',NULL,'IACSA',NULL,'0',''),(8472,'TECCAMBPRY','CSCLON','CARLOS ALEXIS','SANCHEZ','SALGADO','2017-10-25 00:00:00','CASANCHEZS',NULL,'A',NULL,'IACSA',NULL,'0',''),(8473,'TECCAMBPRY','CSCXO583','HORACIO','CORDOVA','MONTERROSAS','2017-10-25 00:00:00','HCORDOVA',NULL,'A',NULL,'IACSA',NULL,'0',''),(8475,'TECCAMBPRY','CSCLE','OSCAR MIGUEL','POSADAS','HILARIO','2017-10-25 00:00:00','OMPOSADAS',NULL,'A',NULL,'IACSA',NULL,'0',''),(8476,'TECCENPRY','SERCAMPO','VERONICA DENISSE','MOZO','MENDOZA','2017-10-25 00:00:00','VDMOZO',NULL,'A',NULL,'IACSA',NULL,'0',''),(8477,'TECCENPRY','SERCAMPO','RODRIGO','SERRALDE','GARCIA','2017-10-25 00:00:00','RSERRALDE',NULL,'A',NULL,'IACSA',NULL,'0',''),(8479,'TECCAMBPRY','CSCLE','RAMIRO','REVILLA','LOPEZ','2017-10-25 00:00:00','RREVILLA',NULL,'I',NULL,'IACSA',NULL,'0',''),(8484,'OPERCAT','COBRANZA58','JACQUELINE','JAEN','GUTIERREZ','2017-10-25 00:00:00','JJAEN',NULL,'A',NULL,'IACSA',NULL,'0',''),(8487,'ABOGADO','COBRANZA58','ERNESTO','VILLANUEVA','SILVA','2017-10-25 00:00:00','EVILLANUEVA',NULL,'A',NULL,'IACSA',NULL,'0',''),(8488,'TECCAMBPRY','CSCLE','HUMBERTO','ARROYO','MARTINEZ','2017-10-25 00:00:00','HARROYO',NULL,'A',NULL,'IACSA',NULL,'0',''),(8489,'TECCAMBPRY','CSCLON','ROBERTO','MORENO','NAVARRO','2017-10-25 00:00:00','RMORENO',NULL,'I',NULL,'IACSA',NULL,'0',''),(8493,'TECCAMAPRY','CSCCEDA','ALEJO','GUEVARA','LEON','2017-10-25 00:00:00','AGUEVARA',NULL,'I',NULL,'IACSA',NULL,'0',''),(8496,'SUPCENPRYB','CSCLON','MARIO ALBERTO','CERQUEDA','VELASCO','2017-10-25 00:00:00','MACERQUEDA',NULL,'A',NULL,'IACSA',NULL,'0',''),(8498,'OFICINISTA','OAPLE','STEFANIE ELIZABETH','TAPIA','VAZQUEZ','2017-10-25 00:00:00','SETAPIA',NULL,'A',NULL,'IACSA',NULL,'0',''),(8499,'OFICINISTA','OAPCH','MARIA GETZABEL','DAMIAN','GONZALEZ','2017-10-25 00:00:00','MGDAMIAN',NULL,'A',NULL,'IACSA',NULL,'0',''),(8500,'OFICINISTA','OAPCO','DIEGO MANUEL','NAJERA','MARTINEZ','2017-10-25 00:00:00','DMNAJERA',NULL,'A',NULL,'IACSA',NULL,'0',''),(8502,'OFICINISTA','CAT','HUGO ISAAC','GALAN','RAMIREZ','2017-10-25 00:00:00','HIGALAN',NULL,'A',NULL,'IACSA',NULL,'0',''),(8504,'INGESPPPRY','OBRAS','ROBERTO','OLEA','MENDOZA','2017-10-25 00:00:00','ROLEA',NULL,'I',NULL,'IACSA',NULL,'0',''),(8505,'OPERCAT','OAPXO','EDUARDO','ROBELO','JIMENO','2017-10-25 00:00:00','EROBELO',NULL,'A',NULL,'IACSA',NULL,'0',''),(8508,'TECCAMBPRY','CSCCEDA583','GABRIEL','MOGROVEJO','GARCIA','2017-10-25 00:00:00','GMOGROVEJO',NULL,'A',NULL,'IACSA',NULL,'0',''),(8509,'SUPCENPRYB','SERCAMPO','ERIK OMAR','OLVERA','HUESCA','2017-10-25 00:00:00','EOOLVERA',NULL,'A',NULL,'IACSA',NULL,'0',''),(8510,'TECCAMBPRY','CSCCEDA583','TIMOTEO','HERRERA','BALTAZAR','2017-10-25 00:00:00','THERRERA',NULL,'A',NULL,'IACSA',NULL,'0',''),(8515,'TECCAMBPRY','CSCLON','VICTOR HUGO','SAMPAYO','TREVIÑO','2017-10-25 00:00:00','VHSAMPAYO',NULL,'I',NULL,'IACSA',NULL,'0',''),(8518,'OFICINISTA','OAPBJ','JULIO CESAR','GARCIA','CARRERA','2017-10-25 00:00:00','JCGARCIAC',NULL,'A',NULL,'IACSA',NULL,'0',''),(8521,'AYUDALMA','SERGEN','CRUZ ADRIAN','SANCHEZ','LOPEZ','2017-10-25 00:00:00','CASANCHEZ','CASANCHEZ','A',NULL,'IACSA',NULL,'0',''),(8524,'TECCAMAPRY','CSCCEDA','CHRISTOFER ERNESTO','MENDEZ','VAZQUEZ','2017-10-25 00:00:00','CHEMENDEZ',NULL,'I',NULL,'IACSA',NULL,'0',''),(8526,'TECCAMBPRY','CSCVC','IVAN','ORTIZ','CASTRO','2017-10-25 00:00:00','IORTIZ',NULL,'A',NULL,'IACSA',NULL,'0',''),(8527,'TECCAMBPRY','CSCVC','IVAN','HERNANDEZ','SANCHEZ','2017-10-25 00:00:00','IHERNANDEZS',NULL,'A',NULL,'IACSA',NULL,'0',''),(8529,'TECCAMBPRY','CSCVC','FRANCISCO','CASTAÑEDA','LOPEZ','2017-10-25 00:00:00','FCASTAÑEDA',NULL,'A',NULL,'IACSA',NULL,'0',''),(8533,'TECCAMBPRY','CSCVC','RICARDO DE JESUS','CHAPARRO','PEREZ','2017-10-25 00:00:00','RJCHAPARRO',NULL,'A',NULL,'IACSA',NULL,'0',''),(8534,'AUXADMPRY','CSCCEDA','CARMEN WENDOLI','CONTRERAS','TOLEDO','2017-10-25 00:00:00','CWCONTRERAS',NULL,'A',NULL,'IACSA',NULL,'0',''),(8538,'TECCAMBPRY','CSCAJ','JOSHUE RAFAEL','MEDELLIN','LARA','2017-10-25 00:00:00','JRMEDELLIN',NULL,'I',NULL,'IACSA',NULL,'0',''),(8539,'OFICINISTA','OAPVC','MIGUEL EDUARDO','MIRANDA','LADRON DE GUEVARA','2017-10-25 00:00:00','MEMIRANDA',NULL,'A',NULL,'IACSA',NULL,'0',''),(8541,'OFICINISTA','COBRANZA58','NORMA ELIZABETH','ACOSTA','MARTINEZ','2017-10-25 00:00:00','NEACOSTA',NULL,'A',NULL,'IACSA',NULL,'0',''),(8542,'OFICINISTA','OAPXO','JOSELYN JULIETA','LEAL','CAMACHO','2017-10-25 00:00:00','JJLEAL',NULL,'I',NULL,'IACSA',NULL,'0',''),(8543,'TECCAMBPRY','CSCAJ','OSCAR IVAN','PEREZ','GOMEZ','2017-10-25 00:00:00','OIPEREZG',NULL,'A',NULL,'IACSA',NULL,'0',''),(8544,'TECCAMAPRY','CSCCEDA','ODAIR','REYES','GARCIA','2017-10-25 00:00:00','OREYESG',NULL,'I',NULL,'IACSA',NULL,'0',''),(8545,'MENSAJERO','SERGEN','GENARO','ROMERO','SALDAÑA','2017-10-25 00:00:00','GROMEROS',NULL,'A',NULL,'IACSA',NULL,'0',''),(8546,'TECCAMAPRY','CSCCEDA','JULIO RAYMUNDO','GONZALEZ','JIMENEZ','2017-10-25 00:00:00','JRGONZALEZJ',NULL,'I',NULL,'IACSA',NULL,'0',''),(8547,'TECCAMAPRY','CSCCEDA583','LUIS ANGEL','OCAMPO','AMARO','2017-10-25 00:00:00','LAOCAMPO',NULL,'A',NULL,'IACSA',NULL,'0',''),(8550,'OPERCAT','CAT','DIANA GABRIELA','VEGA','RODRIGUEZ','2017-10-25 00:00:00','DGVEGA',NULL,'A',NULL,'IACSA',NULL,'0',''),(8553,'TECCAMBPRY','CSCXO','NICOLAS','MORENO','QUINTERO','2017-10-25 00:00:00','NMORENOQ',NULL,'I',NULL,'IACSA',NULL,'0',''),(8555,'TECCAMBPRY','CSCVC','ANTONIO','MENDOZA','JIMENEZ','2017-10-25 00:00:00','AMENDOZAJ',NULL,'A',NULL,'IACSA',NULL,'0',''),(8556,'TECCAMBPRY','CSCVC','AUREO','MONTIEL','GOMEZ','2017-10-25 00:00:00','AMONTIEL',NULL,'I',NULL,'IACSA',NULL,'0',''),(8560,'TECCAMAPRY','CSCCEDA','EUSEBIO ANDRES','ROMERO','PALOMINO','2017-10-25 00:00:00','EAROMERO',NULL,'A',NULL,'IACSA',NULL,'0',''),(8562,'TECCAMBPRY','CSCLE','IVAN','MORALES','VILLEGAS','2017-10-25 00:00:00','IMORALESV',NULL,'I',NULL,'IACSA',NULL,'0',''),(8563,'TECCAMBPRY','CSCLE','FERNANDO','ANAYA','CERON','2017-10-25 00:00:00','FANAYA',NULL,'A',NULL,'IACSA',NULL,'0',''),(8565,'TECCAMBPRY','CSCLE','PABLO','CASAS','ORTEGA','2017-10-25 00:00:00','PCASAS',NULL,'A',NULL,'IACSA',NULL,'0',''),(8566,'TECCAMBPRY','CSCCEDA583','DANIEL','SANTANA','VILLEDA','2017-10-25 00:00:00','DSANTANA',NULL,'A',NULL,'IACSA',NULL,'0',''),(8567,'TECCAMAPRY','CSCCEDA','ANTONIO','VILCHIS','BUENO','2017-10-25 00:00:00','AVILCHIS',NULL,'A',NULL,'IACSA',NULL,'0',''),(8568,'TECCAMAPRY','CSCCEDA','JORGE LUIS','BUSTAMANTE','FLORES','2017-10-25 00:00:00','JLBUSTAMANTE',NULL,'I',NULL,'IACSA',NULL,'0',''),(8569,'TECCAMAPRY','CSCCEDA','ERIC','GALICIA','BLANCO','2017-10-25 00:00:00','EGALICIA',NULL,'A',NULL,'IACSA',NULL,'0',''),(8570,'TECCAMBPRY','CSCLE','CESAR','CASTILLO','ALLENDELAGUA','2017-10-25 00:00:00','CCASTILLOA',NULL,'I',NULL,'IACSA',NULL,'0',''),(8571,'TECCAMBPRY','CSCCEDA583','LEONARDO NAHUM','LUNA','ARCINIEGA','2017-10-25 00:00:00','LNLUNA',NULL,'A',NULL,'IACSA',NULL,'0',''),(8572,'TECCAMBPRY','CSCAJ','JOSE ANTONIO','CARMONA','TELLEZ','2017-10-25 00:00:00','JACARMONAT',NULL,'I',NULL,'IACSA',NULL,'0',''),(8573,'TECCAMBPRY','CSCAJ','ROBERTO ISRAEL','REYES','TEJEDA','2017-10-25 00:00:00','RIREYEST',NULL,'I',NULL,'IACSA',NULL,'0',''),(8574,'TECCAMBPRY','CSCXO583','LUIS DANIEL','MARTINEZ','SANCHEZ','2017-10-25 00:00:00','LDMARTINEZ',NULL,'A',NULL,'IACSA',NULL,'0',''),(8575,'TECCAMBPRY','CSCVC','ADRIAN','TRIANA','MARROQUIN','2017-10-25 00:00:00','ATRIANA',NULL,'I',NULL,'IACSA',NULL,'0',''),(8576,'TECCAMBPRY','CSCCEDA583','CARLOS','ESPINOSA','MEDINA','2017-10-25 00:00:00','CESPINOSAM',NULL,'A',NULL,'IACSA',NULL,'0',''),(8577,'TECCAMAPRY','CSCCEDA','ADRIAN ALEJANDRO','MARTINEZ','VAZQUEZ','2017-10-25 00:00:00','AAMARTINEZV',NULL,'I',NULL,'IACSA',NULL,'0',''),(8578,'TECCAMAPRY','CSCCEDA','JONATHAN','VAZQUEZ','CASTILLO','2017-10-25 00:00:00','JVAZQUEZ',NULL,'I',NULL,'IACSA',NULL,'0',''),(8579,'TECCAMBPRY','CSCCEDA583','PABLO ANTONIO','TORRES','MARTINEZ','2017-10-25 00:00:00','PATORRES',NULL,'A',NULL,'IACSA',NULL,'0',''),(8580,'TECCAMBPRY','CSCCEDA','FERNANDO','GONZALEZ','RIVERA','2017-10-25 00:00:00','FGONZALEZR',NULL,'I',NULL,'IACSA',NULL,'0',''),(8582,'AUXADMPRY','CSCCEDA','ARLET','VAZQUEZ','SANCHEZ','2017-10-25 00:00:00','AVAZQUEZSA',NULL,'A',NULL,'IACSA',NULL,'0',''),(8583,'TECCAMBPRY','CSCAJ583','RICARDO ALBERTO','TAMAYO','VALENCIA','2017-10-25 00:00:00','RATAMAYO',NULL,'A',NULL,'IACSA',NULL,'0',''),(8586,'OPERCAT','OAPIZ','LESLYE GABRIELA','PEREZ','TIRADO','2017-10-25 00:00:00','LGPEREZT',NULL,'A',NULL,'IACSA',NULL,'0',''),(8590,'TECCAMAPRY','CSCCEDA583','DELMART','RAMOS','MARTINEZ','2017-10-25 00:00:00','DRAMOSM',NULL,'A',NULL,'IACSA',NULL,'0',''),(8591,'TECCAMBPRY','CSCLON','AXEL ALAN','ARVIZU','LOPEZ','2017-10-25 00:00:00','AAARVIZU',NULL,'I',NULL,'IACSA',NULL,'0',''),(8594,'AUXADMON','COBRANZA58','HUGO ENRIQUE','JIMENEZ','VELAZQUEZ','2017-10-25 00:00:00','HEJIMENEZV',NULL,'A',NULL,'IACSA',NULL,'0',''),(8595,'AUXADMON','COBRANZA58','BRENDA MARIA DE LOS ANGEL','CASTILLO','LOPEZ','2017-10-25 00:00:00','BMACASTILLO',NULL,'A',NULL,'IACSA',NULL,'0',''),(8596,'TECCAMBPRY','CSCCEDA583','IVAN','GOMEZ','VILLEGAS','2017-10-25 00:00:00','IGOMEZV',NULL,'A',NULL,'IACSA',NULL,'0',''),(8597,'TECCAMBPRY','CSCCEDA583','ALDO','LEON','GARCIA','2017-10-25 00:00:00','ALEONG',NULL,'A',NULL,'IACSA',NULL,'0',''),(8598,'TECCAMBPRY','CSCCEDA583','ALBERTO','VILLEGAS','SOTO','2017-10-25 00:00:00','AVILLEGAS',NULL,'A',NULL,'IACSA',NULL,'0',''),(8599,'SUPLECPRYB','CSCXO','LUIS ARMANDO','CURIEL','MARTINEZ','2017-10-25 00:00:00','LACURIEL',NULL,'I',NULL,'IACSA',NULL,'0',''),(8600,'OPERCAT','CAT','ARACELI','BARRERA','VEGA','2017-10-25 00:00:00','ABARRERAV',NULL,'I',NULL,'IACSA',NULL,'0',''),(8603,'AUXADMPRY','CSCCEDA','JESSICA','MORENO','MARTINEZ','2017-10-25 00:00:00','JMORENOM',NULL,'I',NULL,'IACSA',NULL,'0',''),(8605,'TECCAMBPRY','CSCCEDA583','ERICK JAVIER','MENDEZ','ORTIZ','2017-10-25 00:00:00','EJMENDEZ',NULL,'A',NULL,'IACSA',NULL,'0',''),(8606,'TECCAMBPRY','CSCCEDA583','JUAN CARLOS','OLVERA','SANDOVAL','2017-10-25 00:00:00','JCOLVERA',NULL,'A',NULL,'IACSA',NULL,'0',''),(8607,'SUPSEGB','SEGIND','SERGIO ALONSO','VARGAS','DELGADILLO','2017-10-25 00:00:00','SAVARGAS',NULL,'I',NULL,'IACSA',NULL,'0',''),(8608,'AUXADMPRY','CSCCEDA','NAYRE YOATZIN','BECERRIL','GONZALEZ','2018-11-20 00:00:00',NULL,NULL,'A',NULL,'IACSA',NULL,NULL,''),(8609,'TECCAMBPRY','CSCCEDA583','CARLOS GABRIEL','MARTINEZ','CABRERA','2017-10-25 00:00:00','CGMARTINEZC',NULL,'A',NULL,'IACSA',NULL,'0',''),(8610,'TECCAMAPRY','CSCCEDA583','JORGE ANTONIO','RIVERA','ESTRADA','2017-10-25 00:00:00','JARIVERA',NULL,'A',NULL,'IACSA',NULL,'0',''),(8611,'TECCAMBPRY','CSCLE','FELIX','LILI','FRIAS','2017-10-25 00:00:00','FLILI',NULL,'I',NULL,'IACSA',NULL,'0',''),(8612,'TECCAMBPRY','CSCCEDA','ESTEBAN LEONEL','OLIVERA','PEREZ','2017-10-25 00:00:00','ELOLIVERA',NULL,'I',NULL,'IACSA',NULL,'0',''),(8614,'TECCAMBPRY','CSCVC','FRANCISCO ALAN','MENDOZA','VAZQUEZ','2017-10-25 00:00:00','FAMENDOZA',NULL,'A',NULL,'IACSA',NULL,'0',''),(8615,'TECCAMBPRY','CSCCEDA','EDGAR EDUARDO','MORENO','CAMPOS','2017-10-25 00:00:00','EEMORENO',NULL,'I',NULL,'IACSA',NULL,'0',''),(8616,'TECCAMBPRY','CSCCEDA','MAURICIO AGUSTIN','LARRAGA','MORENO','2017-10-25 00:00:00','MALARRAGA',NULL,'I',NULL,'IACSA',NULL,'0',''),(8617,'OPERCAT','CAT','JANETT','ROBLES','VEJARANO','2017-10-25 00:00:00','JROBLES',NULL,'I',NULL,'IACSA',NULL,'0',''),(8618,'OFICINISTA','OAPCO','SERGIO EFRAIN','BENITO','MARTINEZ','2017-10-25 00:00:00','SEBENITO',NULL,'I',NULL,'IACSA',NULL,'0',''),(8620,'OFICINISTA','OAPBJ','MIGUEL ALFREDO','CASTILLO','AGUILAR','2017-10-25 00:00:00','MACASTILLOA',NULL,'A',NULL,'IACSA',NULL,'0',''),(8621,'OFICINISTA','OAPAJ','ANGEL ARMANDO','ROSALES','GARCIA','2017-10-25 00:00:00','AAROSALES',NULL,'I',NULL,'IACSA',NULL,'0',''),(8622,'TECCAMBPRY','CSCXO','JOSE ALFREDO','ANICETO','MENDOZA','2017-10-25 00:00:00','JAANICETO',NULL,'I',NULL,'IACSA',NULL,'0',''),(8623,'TECCAMBPRY','CSCLE','JULIO CESAR','VALVERDE','PEREZ','2017-10-25 00:00:00','JCVALVERDE',NULL,'I',NULL,'IACSA',NULL,'0',''),(8625,'TECCAMAPRY','CSCCEDA583','JUAN ISAI','ORTIZ','BUSTOS','2017-10-25 00:00:00','JIORTIZ',NULL,'A',NULL,'IACSA',NULL,'0',''),(8626,'TECCENPRY','CSCLON','ERIK','GARNICA','ARMENTA','2017-10-25 00:00:00','EGARNICA',NULL,'I',NULL,'IACSA',NULL,'0',''),(8627,'OFICINISTA','OAPSC','JESUS','OLMEDO','GONZALEZ','2017-10-25 00:00:00','JOLMEDO',NULL,'I',NULL,'IACSA',NULL,'0',''),(8628,'TECCAMAPRY','CSCCEDA583','JOEL','VENCES','GARNICA','2017-10-25 00:00:00','JVENCES',NULL,'A',NULL,'IACSA',NULL,'0',''),(8629,'ENCGENOBRA','PYCOBRA','SUSANA ELENA','VAZQUEZ','RIVERA','2017-10-25 00:00:00','SEVAZQUEZ',NULL,'A',NULL,'IACSA',NULL,'0',''),(8630,'TECCAMBPRY','CSCLE','ISRAEL','TORRES','RIOS','2017-10-25 00:00:00','ITORRESR',NULL,'A',NULL,'IACSA',NULL,'0',''),(8631,'TECCAMBPRY','CSCCEDA','CARLOS ALAN','ROJAS','BLANCAS','2017-10-25 00:00:00','CAROJAS',NULL,'I',NULL,'IACSA',NULL,'0',''),(8632,'TECCAMBPRY','CSCXO','JOSE RICARDO','GOMEZ','SOLARES','2017-10-25 00:00:00','JRGOMEZ',NULL,'I',NULL,'IACSA',NULL,'0',''),(8635,'TECCAMBPRY','CSCCEDA583','JOSE MARCOS','ROSALES','SALAS','2017-10-25 00:00:00','JMROSALES',NULL,'A',NULL,'IACSA',NULL,'0',''),(8637,'TECCENPRY','CSCTL','DANIEL','MODESTO','SALINAS','2017-10-25 00:00:00','DMODESTO',NULL,'I',NULL,'IACSA',NULL,'0',''),(8638,'SUPLECPRYB','CSCVC','IVAN','GONZALEZ','SEGOVIANO','2017-10-25 00:00:00','IGONZALEZS',NULL,'A',NULL,'IACSA',NULL,'0',''),(8639,'ABOGADO','COBRANZA','NANCY','ANGELES','SOLIS','2017-10-25 00:00:00','NANGELESS',NULL,'I',NULL,'IACSA',NULL,'0',''),(8640,'ABOGADO','COBRANZA','ADRIANA','BRAVO','BARRIENTOS','2017-10-25 00:00:00','ABRAVO',NULL,'I',NULL,'IACSA',NULL,'0',''),(8642,'TECCAMBPRY','CSCCEDA','MARCOS','RODRIGUEZ','GUTIERREZ','2017-10-25 00:00:00','MRODRIGUEZ',NULL,'I',NULL,'IACSA',NULL,'0',''),(8643,'TECCAMBPRY','CSCCEDA583','JULIO','MARTINEZ','JIMENEZ','2017-10-25 00:00:00','JMARTINEZJ',NULL,'A',NULL,'IACSA',NULL,'0',''),(8644,'TECCAMBPRY','CSCLON','FLORENCIO SALVADOR','SOLIS','GONZALEZ','2017-10-25 00:00:00','FSSOLIS',NULL,'I',NULL,'IACSA',NULL,'0',''),(8645,'TECCAMAPRY','CSCCEDA','ARTURO ALFREDO','MENDEZ','CALIXTO','2017-10-25 00:00:00','AAMENDEZ',NULL,'I',NULL,'IACSA',NULL,'0',''),(8646,'TECCAMAPRY','CSCCEDA583','J. JESUS','MATIAS','CASTRO','2017-10-25 00:00:00','JJMATIAS',NULL,'A',NULL,'IACSA',NULL,'0',''),(8647,'TECCAMAPRY','CSCCEDA583','CRISTIAN AGUSTIN','ZAVALA','LOPEZ','2017-10-25 00:00:00','CHAZAVALA',NULL,'A',NULL,'IACSA',NULL,'0',''),(8648,'TECCAMBPRY','CSCCEDA583','ALEJANDRO','RAMIREZ','FRANCISCO','2017-10-25 00:00:00','ARAMIREZF',NULL,'A',NULL,'IACSA',NULL,'0',''),(8649,'TECCAMAPRY','CSCCEDA583','BRAULIO RAFAEL','MENDOZA','AGUILAR','2017-10-25 00:00:00','BRMENDOZA',NULL,'A',NULL,'IACSA',NULL,'0',''),(8650,'OFICINISTA','DIRGEN','LUIS ANDRES','MORA','ZAMORA','2017-10-25 00:00:00','LAMORA',NULL,'A',NULL,'IACSA',NULL,'0',''),(8652,'OFICINISTA','OAPXO','RICARDO','MACEDO','PICON','2017-10-25 00:00:00','RMACEDO',NULL,'I',NULL,'IACSA',NULL,'0',''),(8653,'OFICINISTA','OAPSC','GERARDO DANAVAN','MOJICA','MATEHUALA','2017-10-25 00:00:00','GDMOJICA',NULL,'A',NULL,'IACSA',NULL,'0',''),(8656,'AUXADMPRY','CSCCEDA583','CRISTIAN ALAN','NUÑEZ','JIMENEZ','2017-10-25 00:00:00','CHANUÑEZ',NULL,'A',NULL,'IACSA',NULL,'0',''),(8658,'OFICINISTA','OAPTL','GUADALUPE','GUERRERO','BENAVIDEZ','2017-10-25 00:00:00','GGUERRERO',NULL,'A',NULL,'IACSA',NULL,'0',''),(8659,'OFICINISTA','CAT','XIMENA ARELI','RODRIGUEZ','GALLEGOS','2017-10-25 00:00:00','XARODRIGUEZ',NULL,'A',NULL,'IACSA',NULL,'0',''),(8660,'OFICINISTA','OAPXO','JENNIFER ANDREINA','LOPEZ','GONZALEZ','2017-10-25 00:00:00','JALOPEZG',NULL,'I',NULL,'IACSA',NULL,'0',''),(8661,'OFICINISTA','OAPSC','CITLALLI','ORTEGA','ORTIZ','2017-10-25 00:00:00','CORTEGAO',NULL,'I',NULL,'IACSA',NULL,'0',''),(8662,'OFICINISTA','OAPLE','NAYETKA ALEXANDRA','SALAZAR','CAMACHO','2017-10-25 00:00:00','NASALAZAR',NULL,'I',NULL,'IACSA',NULL,'0',''),(8663,'OFICINISTA','OAPXO','CRISTHIAN ARMANDO','MARTINEZ','GARCIA','2017-10-25 00:00:00','CHAMARTINEZG',NULL,'A',NULL,'IACSA',NULL,'0',''),(8664,'TECCAMBPRY','CSCLON','ANGEL SERGIO','BAUTISTA','MOLOTLA','2017-10-25 00:00:00','ASBAUTISTA',NULL,'I',NULL,'IACSA',NULL,'0',''),(8666,'TECCAMBPRY','CSCCEDA583','RICARDO ISRAEL','GONZALEZ','ZARATE','2017-10-25 00:00:00','RIGONZALEZZ',NULL,'A',NULL,'IACSA',NULL,'0',''),(8667,'TECCAMBPRY','CSCCEDA','JOSE ANTONIO','FRANCO','VENEGAS','2017-10-25 00:00:00','JAFRANCO',NULL,'I',NULL,'IACSA',NULL,'0',''),(8668,'TECCAMAPRY','CSCCEDA','ARTURO','SALAS','NOGUERON','2017-10-25 00:00:00','ASALASN',NULL,'I',NULL,'IACSA',NULL,'0',''),(8669,'TECCAMBPRY','CSCLON','DIEGO ARMANDO','SALCEDO','LEDESMA','2017-10-25 00:00:00','DASALCEDO',NULL,'I',NULL,'IACSA',NULL,'0',''),(8671,'TECCAMBPRY','CSCLON','MARTIN ENRIQUE','ESPINO','HUERTA','2017-10-25 00:00:00','MEESPINO',NULL,'I',NULL,'IACSA',NULL,'0',''),(8672,'OFICINISTA','OAPTL','GUSTAVO ANGEL','BERNAL','BERNAL','2017-10-25 00:00:00','GABERNAL',NULL,'A',NULL,'IACSA',NULL,'0',''),(8673,'TECCAMBPRY','CSCAJ','RAYMUNDO','GARCIA','FLORES','2017-10-25 00:00:00','RGARCIAF',NULL,'A',NULL,'IACSA',NULL,'0',''),(8674,'OFICINISTA','OAPTL','CLAUDIA NAOMI','PUERTO','RODRIGUEZ','2017-10-25 00:00:00','CNPUERTO',NULL,'A',NULL,'IACSA',NULL,'0',''),(8675,'OFICINISTA','OAPSC','CARMEN CINTHYA','CALIXTO','MENDEZ','2017-10-25 00:00:00','CCCALIXTO',NULL,'I',NULL,'IACSA',NULL,'0',''),(8676,'OFICINISTA','OAPCO','JORGE','DOMINGUEZ','LAGUNA','2017-10-25 00:00:00','JDOMINGUEZ',NULL,'A',NULL,'IACSA',NULL,'0',''),(8677,'OFICINISTA','OAPVC','YAZMIN','RODRIGUEZ','SANDOVAL','2017-10-25 00:00:00','YRODRIGUEZ',NULL,'I',NULL,'IACSA',NULL,'0',''),(8678,'OFICINISTA','OAPAJ','CLAUDIA ISELA','PARDO','HERNANDEZ','2017-10-25 00:00:00','CIPARDO',NULL,'I',NULL,'IACSA',NULL,'0',''),(8679,'ENCESTPRYA','ESTCONT','ROGELIO','LUNA','HERNANDEZ','2017-10-25 00:00:00','RLUNAH',NULL,'I',NULL,'IACSA',NULL,'0',''),(8680,'TECCAMBPRY','CSCLON','JUAN MIGUEL','HERNANDEZ','LANDA','2017-10-25 00:00:00','JMHERNANDEZL',NULL,'I',NULL,'IACSA',NULL,'0',''),(8681,'AUXADMPRY','CSCCEDA','ALEXIA MONSERRAT','MONTAÑO','PEÑA','2017-10-25 00:00:00','AMMONTAÑO',NULL,'I',NULL,'IACSA',NULL,'0',''),(8683,'TECCAMBPRY','CSCAJ','JULIO CESAR','BARBA','GALICIA','2017-10-25 00:00:00','JCBARBA',NULL,'I',NULL,'IACSA',NULL,'0',''),(8685,'TECCAMBPRY','CSCXO','OSWALDO','LEYTE','CRUZ','2017-10-25 00:00:00','OLEYTE',NULL,'I',NULL,'IACSA',NULL,'0',''),(8686,'OFICINISTA','FACTURA','JOSUE ISRAEL','PALACIOS','REYES','2017-10-25 00:00:00','JIPALACIOS',NULL,'A',NULL,'IACSA',NULL,'0',''),(8689,'TECCAMAPRY','CSCCEDA583','GUILLERMO','MORENO','MARTINEZ','2017-10-25 00:00:00','GMORENOM',NULL,'A',NULL,'IACSA',NULL,'0',''),(8691,'OFICINISTA','OAPCH','MONICA VIRIDIANA','MARQUEZ','SEPULVEDA','2017-10-25 00:00:00','MVMARQUEZ',NULL,'I',NULL,'IACSA',NULL,'0',''),(8692,'TECCAMBPRY','CSCAJ','JONATHAN ULISES','PIÑA','GUZMAN','2017-10-25 00:00:00','JUPIÑA',NULL,'I',NULL,'IACSA',NULL,'0',''),(8693,'AUXADMON','COBRANZA58','GIOVANNI CHRISTOPHER','CALLEJA','MARTHA','2017-10-25 00:00:00','GCHCALLEJA',NULL,'A',NULL,'IACSA',NULL,'0',''),(8695,'AUXADMON','PADRONES','DIANA RUTH','GOMEZ','AGUILAR','2017-10-25 00:00:00','DRGOMEZ','DRGOMEZ','A',NULL,'IACSA',NULL,'0',''),(8696,'MENSAJERO','OPERCOM','VICTOR MANUEL','HERNANDEZ','PADILLA','2017-10-25 00:00:00','VMHERNANDEZP',NULL,'I',NULL,'IACSA',NULL,'0',''),(8697,'TECCAMBPRY','CSCAJ','JULIO CESAR','REYES','ESTRADA','2017-10-25 00:00:00','JCREYESE',NULL,'A',NULL,'IACSA',NULL,'0',''),(8698,'OFICINISTA','OAPXO','DANIEL ALBERTO','CASTRO','RANGEL','2017-10-25 00:00:00','DACASTRO',NULL,'I',NULL,'IACSA',NULL,'0',''),(8699,'OFICINISTA','OAPLE','ERIC','FLORES','GARCIA','2017-10-25 00:00:00','EFLORESG',NULL,'I',NULL,'IACSA',NULL,'0',''),(8700,'TECCAMBPRY','CSCVC','ISIDRO','HERNANDEZ','HERNANDEZ','2017-10-25 00:00:00','IHERNANDEZH',NULL,'A',NULL,'IACSA',NULL,'0',''),(8701,'TECCAMBPRY','CSCLON583','OMAR','LOPEZ','VALDEZ','2017-10-25 00:00:00','OLOPEZV',NULL,'A',NULL,'IACSA',NULL,'0',''),(8702,'TECMANINM','RH','RUBEN','RIOS','LUNA','2017-10-25 00:00:00','RRIOSL',NULL,'I',NULL,'IACSA',NULL,'0',''),(8703,'TECCAMBPRY','CSCAJ','KARIM ALEJANDRO','BALANDRANO','LIRA','2017-10-25 00:00:00','KABALANDRANO',NULL,'A',NULL,'IACSA',NULL,'0',''),(8704,'OFICINISTA','OAPTL','JORGE DAVID','JUAREZ','VARGAS','2017-10-25 00:00:00','JDJUAREZ',NULL,'A',NULL,'IACSA',NULL,'0',''),(8705,'OFICINISTA','OAPLE','STEPHANIE','GARCIA','JUAREZ','2017-10-25 00:00:00','SGARCIAJ',NULL,'I',NULL,'IACSA',NULL,'0',''),(8706,'TECCAMBPRY','CSCAJ','AMADO','ESCOBEDO','DURAN','2017-10-25 00:00:00','AESCOBEDO',NULL,'A',NULL,'IACSA',NULL,'0',''),(8707,'TECCAMBPRY','CSCLE','DAVID','ZAPATA','AGUILAR','2017-10-25 00:00:00','DZAPATA',NULL,'A',NULL,'IACSA',NULL,'0',''),(8708,'AUXADMPRY','CSCCEDA583','LIZETH PAULINA','JUAREZ','JUAREZ','2017-10-25 00:00:00','LPJUAREZ',NULL,'A',NULL,'IACSA',NULL,'0',''),(8709,'TECCAMBPRY','CSCAJ','JONATHAN DAVID','MENDOZA','GOMEZ','2017-10-25 00:00:00','JDMENDOZA',NULL,'A',NULL,'IACSA',NULL,'0',''),(8710,'ENCESTPRYA','ESTCONT','MARLEN','COLIN','RAMOS','2017-10-25 00:00:00','MCOLIN',NULL,'A',NULL,'IACSA',NULL,'0',''),(8712,'AUXADMON','COBRANZA58','ISRAEL DE JESUS','CANTO','ADAME','2018-07-16 16:53:11','IJCANTO','IJCANTO','A',NULL,'IACSA',NULL,'0',''),(8715,'TECCAMBPRY','CSCLON','FERNANDO','MUÑOZ','ANGELES','2018-07-16 16:53:11','FMUÑOZ','FMUÑOZ','A',NULL,'IACSA',NULL,'0',''),(8716,'TECCAMBPRY','CSCLON','ALEJANDRO','RODRIGUEZ','RAMIREZ','2018-07-16 17:39:54','ARODRIGUEZR','ARODRIGUEZR','A',NULL,'IACSA',NULL,'0',''),(8718,'TECCAMBPRY','SERCAMPO','JOSE RAFAEL','GARCIA','PEREZ','2018-07-16 16:53:11','JRGARCIA','JRGARCIA','A',NULL,'IACSA',NULL,'0',''),(8719,'TECCAMBPRY','CSCCEDA','RICARDO','VAZQUEZ','OCHOA','2018-11-20 00:00:00',NULL,NULL,'A',NULL,'IACSA',NULL,NULL,''),(8722,'TECCENPRY','SERCAMPO','ANGEL ERNESTO','GARCIA','LUGO','2018-07-16 16:53:11','AEGARCIA','AEGARCIA','A',NULL,'IACSA',NULL,'0',''),(8725,'ENCESTPRYA','ESTCONT','OMAR','QUIROZ','GARCIA','2018-07-16 16:53:11','OQUIROZ','OQUIROZ','A',NULL,'IACSA',NULL,'0',''),(8726,'OPERCAT','OPERCOM','MICHELLE PAOLA','ESPINOZA','GUERRERO','2018-07-16 16:53:11','MPESPINOZA','MPESPINOZA','I',NULL,'IACSA',NULL,'0',''),(8730,'TECCAMBPRY','CSCCEDA','ALEXANDRO','VALDES','PEDRAZA','2018-11-20 00:00:00',NULL,NULL,'A',NULL,'IACSA',NULL,NULL,''),(8731,'COORPREUPY','ESTCONT','NESTOR MAURICIO','GONZALEZ','CISNEROS','2018-07-16 16:53:11','NMGONZALEZ','NMGONZALEZ','A',NULL,'IACSA',NULL,'0',''),(8732,'OFICINISTA','OAPSC','ARMANDO','ALLENDE','PALACIOS','2018-07-16 16:53:11','AALLENDE','AALLENDE','A',NULL,'IACSA',NULL,'0',''),(8735,'OFICINISTA','OAPIZ','MARIA DE LA LUZ','GARCIA','PATRICIO','2018-07-16 16:53:11','MDLGARCIA','MDLGARCIA','A',NULL,'IACSA',NULL,'0',''),(8737,'TECCAMBPRY','CSCAJ','CHRISTIAN MIGUEL','ZEPEDA','MARTELL','2018-07-16 16:53:11','CHAZEPEDA','CHAZEPEDA','A',NULL,'IACSA',NULL,'0',''),(8740,'TECCAMBPRY','CSCAJ','OSCAR DAVID','SANCHEZ','MARTINEZ','2018-07-16 16:53:11','ODSANCHEZ','ODSANCHEZ','A',NULL,'IACSA',NULL,'0',''),(8741,'SUPERIJUR','JURIDICO','MARIA DEL ROSARIO','SANTAELLA','GONZALEZ','2018-07-16 16:53:12','MDRSANTAELLA','MDRSANTAELLA','A',NULL,'IACSA',NULL,'0',''),(8748,'TECCENPRY','CSCLON','DOLORES','HERNANDEZ','COCA','2018-07-16 17:39:54','DHERNANDEZC','DHERNANDEZC','A',NULL,'IACSA',NULL,'0',''),(8749,'TECCAMBPRY','CSCLON','JOSE IVAN','VAZQUEZ','RODRIGUEZ','2018-07-16 16:53:12','JIVAZQUEZ','JIVAZQUEZ','A',NULL,'IACSA',NULL,'0',''),(8750,'ENCGENOBRA','PYCOBRA','RODRIGO','PABLO','CRUZ','2018-07-16 16:53:12','RPABLO','RPABLO','A',NULL,'IACSA',NULL,'0',''),(8751,'OFICINISTA','OAPMA','LUIS ALONSO','RAMOS','MARTINEZ','2018-07-16 16:53:12','LARAMOS','LARAMOS','A',NULL,'IACSA',NULL,'0',''),(8752,'OPERCAT','CAT','XAVIER OLIVER','MIER','MARTINEZ','2018-07-16 16:53:12','XOMIER','XOMIER','A',NULL,'IACSA',NULL,'0',''),(8753,'OFICINISTA','COBRANZA58','HIRAM','SOTO','NOLASCO','2018-07-16 16:53:12','HSOTO','HSOTO','A',NULL,'IACSA',NULL,'0',''),(8754,'TECCAMBPRY','CSCVC','KEVIN','HERRERA','CACIANO','2018-07-16 16:53:12','KHERRERA','KHERRERA','A',NULL,'IACSA',NULL,'0',''),(8756,'OFICINISTA','COBRANZA58','MIRIAM ELIZABETH','VILLEDA','HERNANDEZ','2018-07-16 16:53:12','MEVILLEDA','MEVILLEDA','A',NULL,'IACSA',NULL,'0',''),(8761,'TECCAMBPRY','CSCXO583','OSCAR MIGUEL','GALICIA','GARCIA','2018-07-16 16:53:12','OMGALICIA','OMGALICIA','A',NULL,'IACSA',NULL,'0',''),(8763,'JEFESEG','SEGINDUST','MONICA LILIANA','ORTEGA','PAZ','2018-07-16 16:53:12','MLORTEGA','MLORTEGA','A',NULL,'IACSA',NULL,'0',''),(8764,'ABOGADO','COBRANZA58','ALMA CARINA','PONCE','MURILLO','2018-07-16 16:53:12','ACPONCE','ACPONCE','A',NULL,'IACSA',NULL,'0',''),(8765,'OFICINISTA','RH','EDUARDO','TIERRADENTRO','ZUÑIGA','2018-07-16 16:53:12','ETIERRADENTRO','ETIERRADENTRO','A',NULL,'IACSA',NULL,'0',''),(8770,'TECCENPRY','CSCLON','LETICIA','ROJAS','RAMIREZ','2018-07-16 16:53:12','LROJAS','LROJAS','A',NULL,'IACSA',NULL,'0',''),(8771,'TECCAMBPRY','CSCVC','ROGELIO','HERNANDEZ','DIAZ','2018-07-16 16:53:12','RHERNANDEZD','RHERNANDEZD','A',NULL,'IACSA',NULL,'0',''),(8772,'TECCAMBPRY','CSCLON','JUAN CARLOS','TREJO','SAN JUAN','2018-07-16 16:53:12','JCTREJO','JCTREJO','A',NULL,'IACSA',NULL,'0',''),(8773,'TECCAMBPRY','CSCXO583','SAMUEL','CARDENAS','LOPEZ','2018-07-16 16:53:12','SCARDENAS','SCARDENAS','A',NULL,'IACSA',NULL,'0',''),(8774,'OFICINISTA','OAPLE','ALAN','PULIDO','MORENO','2018-07-16 16:53:12','APULIDO','APULIDO','A',NULL,'IACSA',NULL,'0',''),(8775,'OFICINISTA','CAT','CARMEN DE LA LUZ','AHEDO','ROSALES','2018-07-16 16:53:12','CDLAHEDO','CDLAHEDO','A',NULL,'IACSA',NULL,'0',''),(8776,'ANACOMPRYB','PADRONES','CHRISTIAN JAIR','SOTO','YAÑEZ','2018-07-16 16:53:12','CHJSOTO','CHJSOTO','A',NULL,'IACSA',NULL,'0',''),(8777,'ANACOMPRYB','PADRONES','DANIEL','GUZMAN','LEYVA','2018-07-16 16:53:12','DGUZMAN','DGUZMAN','A',NULL,'IACSA',NULL,'0',''),(8779,'OFICINISTA','OAPSC','MANUEL','CARRASCO','ALIAS','2018-07-16 16:53:12','MCARRASCO','MCARRASCO','A',NULL,'IACSA',NULL,'0',''),(8780,'OFICINISTA','OPERCOM','ESMERALDA','XICOTENCATL','SOSA','2018-07-16 16:53:12','EXICOTENCATL','EXICOTENCATL','I',NULL,'IACSA',NULL,'0',''),(8781,'ENCESTPRYA','ESTCONT','BRANDON','ARENAS','ROA','2018-07-16 16:53:12','BARENAS','BARENAS','A',NULL,'IACSA',NULL,'0',''),(8782,'TECCAMAPRY','CSCCEDA','JOSE GUILLERMO','CARMONA','MILLAN','2018-07-16 16:53:12','JGCARMONA','JGCARMONA','A',NULL,'IACSA',NULL,'0',''),(8783,'AUXADMPRY','CSCCEDA','ARACELI','GARCIA','GARCIA','2018-07-16 16:53:12','AGARCIAG','AGARCIAG','A',NULL,'IACSA',NULL,'0',''),(8785,'TECCAMAPRY','CSCCEDA','EUSTORGIO','BAZA','RODRIGUEZ','2018-07-16 16:53:12','EBAZA','EBAZA','A',NULL,'IACSA',NULL,'0',''),(8786,'TECCAMAPRY','CSCCEDA','AKIN NATANAEL','LECHUGA','HERNANDEZ','2018-07-16 16:53:12','ANLECHUGA','ANLECHUGA','A',NULL,'IACSA',NULL,'0',''),(8787,'TECCAMBPRY','CSCVC','JOSE EDUARDO','AZUA','LOPEZ','2018-07-16 16:53:12','JEAZUA','JEAZUA','A',NULL,'IACSA',NULL,'0',''),(8791,'TECCAMBPRY','CSCLE','ALEJANDRO','LIMA','SANTOS','2018-07-16 16:53:12','ALIMA','ALIMA','A',NULL,'IACSA',NULL,'0',''),(8792,'TECCAMBPRY','CSCLON583','MIGUEL ANGEL','ALEGRIA','ELIZALDE','2018-07-16 16:53:12','AALEGRIA','AALEGRIA','A',NULL,'IACSA',NULL,'0',''),(8793,'TECCAMBPRY','CSCVC','IRVIN ALBERTO','GRANILLO','MENDOZA','2018-07-16 16:53:12','IAGRANILLO','IAGRANILLO','A',NULL,'IACSA',NULL,'0',''),(8794,'TECCAMBPRY','SERCAMPO','MIGUEL','CALZADA','ZACARIAS','2018-07-16 16:53:12','MCALZADA','MCALZADA','I',NULL,'IACSA',NULL,'0',''),(8795,'OFICINISTA','OAPBJ','IVAN','GAMIÑO','RIOS','2018-07-16 16:53:12','IGAMIÑO','IGAMIÑO','A',NULL,'IACSA',NULL,'0',''),(8797,'TECCAMAPRY','CSCCEDA','JOSE CARLOS','MARTINEZ','GONZALEZ','2018-07-16 16:53:12','JCMARTINEZ','JCMARTINEZ','A',NULL,'IACSA',NULL,'0',''),(8798,'TECCAMAPRY','CSCCEDA','CARLOS','GONZALEZ','DIAZ','2018-07-16 16:53:12','CGONZALEZD','CGONZALEZD','A',NULL,'IACSA',NULL,'0',''),(8799,'TECCAMAPRY','CSCCEDA','FRANCISCO JAVIER','GONZALEZ','SAMANO','2018-07-16 16:53:12','FJGONZALEZ','FJGONZALEZ','A',NULL,'IACSA',NULL,'0',''),(8800,'TECCAMAPRY','CSCCEDA','JORGE LUIS','MARTINEZ','GUZMAN','2018-07-16 16:53:12','JLGUZMAN','JLGUZMAN','A',NULL,'IACSA',NULL,'0',''),(8801,'TECCAMBPRY','CSCAJ','HECTOR PABLO','CHAVEZ','PALMILLAS','2018-07-16 16:53:12','HPCHAVEZ','HPCHAVEZ','A',NULL,'IACSA',NULL,'0',''),(8802,'TECCAMBPRY','CSCAJ','VICTOR ALFONSO','HERNANDEZ','GONZALEZ','2018-07-16 16:53:12','VAHERNANDEZ','VAHERNANDEZ','A',NULL,'IACSA',NULL,'0',''),(8803,'TECCAMBPRY','CSCLE','GABRIEL ARTURO','ESCALONA','ALCALA','2018-07-16 16:53:12','GAESCALONA','GAESCALONA','A',NULL,'IACSA',NULL,'0',''),(8804,'OFICINISTA','OAPXO','SAUL','PALMA','GARCES','2018-07-16 16:53:12','SPALMA','SPALMA','A',NULL,'IACSA',NULL,'0',''),(8805,'TECCAMBPRY','SERCAMPO','LUIS ANTONIO','GUZMAN','LOPEZ','2018-07-16 16:53:12','LAGUZMAN','LAGUZMAN','I',NULL,'IACSA',NULL,'0',''),(8807,'OPERCAT','CAT','VICTOR MANUEL','CAMPOS','CAMPOS','2018-07-16 16:53:12','VMCAMPOS','VMCAMPOS','A',NULL,'IACSA',NULL,'0',''),(8808,'TECCAMAPRY','CSCCEDA','OMAR','VAZQUEZ','CASTILLO','2018-07-16 16:53:12','OVAZQUEZC','OVAZQUEZC','A',NULL,'IACSA',NULL,'0',''),(8809,'TECCAMAPRY','CSCCEDA','BENJAMIN','DOMINGUEZ','SIXTO','2018-07-16 16:53:12','BDOMINGUEZS','BDOMINGUEZS','A',NULL,'IACSA',NULL,'0',''),(8810,'TECCAMBPRY','SERCAMPO','JUAN CARLOS','CARREON','AVILA','2018-07-16 16:53:12','JCCARREON','JCCARREON','I',NULL,'IACSA',NULL,'0',''),(8811,'AUXADMPRY','SERCAMPO','CLAUDIA BELEN','GALICIA','CASTAÑEDA','2018-07-16 16:53:12','CBGALICIA','CBGALICIA','A',NULL,'IACSA',NULL,'0',''),(8812,'OFICINISTA','OPERCOM','ERICK MANUEL','LOPEZ','SEVILLA','2018-07-16 16:53:12','EMLOPEZ','EMLOPEZ','I',NULL,'IACSA',NULL,'0',''),(8813,'OPERCAT','OPERCOM','ITZEL','HERNANDEZ','CALLEJAS','2018-07-16 16:53:12','IHERNANDEZC','IHERNANDEZC','I',NULL,'IACSA',NULL,'0',''),(8814,'TECCAMBPRY','SERCAMPO','LUIS FERNANDO','ESTRADA','MENDEZ','2018-07-16 16:53:12','FESTRADA','FESTRADA','I',NULL,'IACSA',NULL,'0',''),(8815,'TECCAMBPRY','CSCLON','ISAAC','MARTINEZ','PATIÑO','2018-07-16 16:53:12','IMARTINEZP','IMARTINEZP','A',NULL,'IACSA',NULL,'0',''),(8816,'BECARIO','DIRGEN','MARIO ALBERTO','AVENDAÑO','SANTIAGO','2018-07-16 16:53:12','MAAVENDAÑO','MAAVENDAÑO','I',NULL,'IACSA',NULL,'0',''),(8817,'TECCAMBPRY','SERCAMPO','CRISTIAN HUGO','ARRIOJA','GOMEZ','2018-07-16 16:53:12','CHARRIOJA','CHARRIOJA','I',NULL,'IACSA',NULL,'0',''),(8818,'OFICINISTA','OPERCOM','YONIC','GARCES','AGUILAR','2018-07-16 16:53:12','YGARCES','YGARCES','I',NULL,'IACSA',NULL,'0',''),(8821,'TECCENPRY','SERCAMPO','JESSICA LIZBETH','HERNANDEZ','GARCIA','2018-07-16 16:53:12','JLHERNANDEZ','JLHERNANDEZ','I',NULL,'IACSA',NULL,'0',''),(8822,'OFICINISTA','OAPAJ','YASMARA GRISEL','MENDOZA','ARREDONDO','2018-07-16 16:53:12','YGMENDOZA','YGMENDOZA','A',NULL,'IACSA',NULL,'0',''),(8823,'OFICINISTA','OPERCOM','ARIANA MONSERRAT','BAÑUELOS','SANCHEZ','2018-07-16 16:53:12','AMBAÑUELOS','AMBAÑUELOS','I',NULL,'IACSA',NULL,'0',''),(8824,'AUXADMPRY','SERCAMPO','ALDO EMMANUEL','SALGADO','ESCOGIDO','2018-07-16 16:53:12','AESALGADO','AESALGADO','I',NULL,'IACSA',NULL,'0',''),(8825,'OFICINISTA','OPERCOM','ENRIQUE','NAVA','RIVERO','2018-07-16 16:53:12','ENAVAR','ENAVAR','I',NULL,'IACSA',NULL,'0',''),(8826,'OFICINISTA','OAPCO','GUADALUPE','VILLEDA','HERNANDEZ','2018-07-16 16:53:12','GVILLEDAH','GVILLEDAH','A',NULL,'IACSA',NULL,'0',''),(8827,'OFICINISTA','OAPSC','JOSE ENRIQUE','CORDERO','ALVARADO','2018-07-16 16:53:12','JECORDERO','JECORDERO','A',NULL,'IACSA',NULL,'0',''),(8828,'TECCAMBPRY','SERCAMPO','YOVANI FRANCISCO ALAN','MENESES','TOVAR','2018-07-16 16:53:12','YFAMENESES','YFAMENESES','I',NULL,'IACSA',NULL,'0',''),(8829,'OFICINISTA','OAPCO','RAIMUNDO FLAVIO','CARDOSO','TORRES','2018-07-16 16:53:12','RFCARDOSO','RFCARDOSO','A',NULL,'IACSA',NULL,'0',''),(8830,'SUPLECPRYB','CSCLE','HELOY','HUERTA','HERNANDEZ','2018-07-16 16:53:12','HHUERTA','HHUERTA','A',NULL,'IACSA',NULL,'0',''),(8831,'TECCAMBPRY','CSCVC','ABRAHAM','BALDERAS','FLORES','2018-07-16 16:53:12','ABALDERAS','ABALDERAS','A',NULL,'IACSA',NULL,'0',''),(8832,'TECCAMAPRY','SERCAMPO','MIGUEL ANGEL','LOPEZ','LOPEZ','2018-07-16 16:53:12','MALOPEZL','MALOPEZL','I',NULL,'IACSA',NULL,'0',''),(8833,'TECCAMAPRY','CSCCEDA','RAFAEL','GONZALEZ','PEREZ','2018-07-16 16:53:12','RGONZALEZP','RGONZALEZP','A',NULL,'IACSA',NULL,'0',''),(8834,'AUXADMPRY','CSCCEDA','MIGUEL ANGEL','LECHUGA','CASTILLO','2018-07-16 16:53:12','MALECHUGA','MALECHUGA','A',NULL,'IACSA',NULL,'0',''),(8836,'TECCAMBPRY','CSCXO583','CARLOS ANTONIO','DIAZ','NAVA','2018-07-16 16:53:12','CADIAZ','CADIAZ','A',NULL,'IACSA',NULL,'0',''),(8837,'BECARIO','CONTRALORI','EDUARDO','MILLER','ORNELAS','2018-07-16 16:53:12','EMILLER','EMILLER','I',NULL,'IACSA',NULL,'0',''),(8838,'BECARIO','OBRAS','ALEJANDRO','MILLER','ORNELAS','2018-07-16 16:53:12','AMILLER','AMILLER','I',NULL,'IACSA',NULL,'0',''),(8839,'TECCAMBPRY','CSCLON','LUIS FERNANDO','HERNANDEZ','MENDEZ','2018-07-16 16:53:12','LFHERNANDEZ','LFHERNANDEZ','A',NULL,'IACSA',NULL,'0',''),(8840,'TECCAMBPRY','CSCLON583','ABRAHAM ISAI','PONCE','ROJANO','2018-07-16 16:53:12','AIPONCE','AIPONCE','A',NULL,'IACSA',NULL,'0',''),(8841,'OFICINISTA','OAPIZ','MARIANA','LOPEZ','ZARATE','2018-07-16 16:53:12','MLOPEZZ','MLOPEZZ','A',NULL,'IACSA',NULL,'0',''),(8844,'TECCAMBPRY','CSCLE583','HUGO CESAR','OLMOS','GARCIA','2018-07-16 16:53:12','HCOLMOS','HCOLMOS','A',NULL,'IACSA',NULL,'0',''),(8845,'ENCESTPRYA','ESTCONT','EDUARDO','JIMENEZ','PEREZ','2018-07-16 17:39:54','EJIMENEZP','EJIMENEZP','A',NULL,'IACSA',NULL,'0',''),(8846,'TECCAMBPRY','CSCLE583','JOSE JAVIER','HERNANDEZ','SANCHEZ','2018-07-16 16:53:12','JJHERNANDEZ','JJHERNANDEZ','A',NULL,'IACSA',NULL,'0',''),(8847,'TECCAMBPRY','SERCAMPO','JUAN CARLOS','CHAVEZ','FUENTES','2018-07-16 16:53:12','JCCHAVEZ','JCCHAVEZ','I',NULL,'IACSA',NULL,'0',''),(8848,'SUPSEGB','SEGINDUST','EDWARD','MAGARIÑO','REYES','2018-07-16 16:53:12','EMAGARIÑO','EMAGARIÑO','A',NULL,'IACSA',NULL,'0',''),(8849,'OFICINISTA','OAPIZ','JESUS','ESPINOSA','HERNANDEZ','2018-07-16 16:53:12','JESPINOSA','JESPINOSA','A',NULL,'IACSA',NULL,'0',''),(8850,'TECCAMBPRY','CSCLON583','ERIKC','CRUZ','MIGUEL','2018-07-16 16:53:12','ECRUZM','ECRUZM','A',NULL,'IACSA',NULL,'0',''),(8851,'TECMANINM','SERGEN','RAUL','FONTES','VELAZQUEZ','2018-07-16 16:53:12','RFONTES','RFONTES','I',NULL,'IACSA',NULL,'0',''),(8852,'TECCAMBPRY','CSCLE583','CARLOS ALBERTO','FLORES','BORJA','2018-07-16 17:39:54','CAFLORESB','CAFLORESB','A',NULL,'IACSA',NULL,'0',''),(8853,'TECCAMBPRY','CSCLON583','MIGUEL ANGEL','AGUILAR','VILLARRUEL','2018-07-16 17:39:54','MAAGUILARV','MAAGUILARV','A',NULL,'IACSA',NULL,'0',''),(8854,'MENSAJERO','SERGEN','VICTOR HUGO','PINEDA','LOPEZ','2018-07-16 16:53:12','VHPINEDA','VHPINEDA','A',NULL,'IACSA',NULL,'0',''),(8855,'OFICINISTA','OAPXO','DIEGO','RIOS','SOLIS','2018-11-20 00:00:00',NULL,NULL,'A',NULL,'IACSA',NULL,NULL,''),(8856,'TECCAMBPRY','CSCAJ','JOSUE','CRUZ','MORALES','2018-11-20 00:00:00',NULL,NULL,'A',NULL,'IACSA',NULL,NULL,''),(8857,'OFICINISTA','OAPIZ','MATTHEW GIBRALDI','SOLANO','HERNANDEZ','2018-11-20 00:00:00',NULL,NULL,'A',NULL,'IACSA',NULL,NULL,''),(8858,'TECCAMBPRY','CSCCEDA','JOSE ALBERTO','AVALOS','ESTRADA','2018-11-20 00:00:00',NULL,NULL,'A',NULL,'IACSA',NULL,NULL,''),(8860,'AUXADMPRY','CSCCEDA','JORGE ARMANDO','ALFARO','MUÑOZ','2018-11-20 00:00:00',NULL,NULL,'A',NULL,'IACSA',NULL,NULL,''),(8862,'ENCTMECA','SERGEN','IVAN JAIR','ROSALES','LOPEZ','2018-10-05 00:00:00','IJROSALES',NULL,'A',NULL,'IACSA',NULL,'0',''),(8863,'TECCAMBPRY','CSCVC','EMMANUEL','PERALTA','NORIEGA','2018-11-20 00:00:00',NULL,NULL,'A',NULL,'IACSA',NULL,NULL,''),(8864,'TECCAMBPRY','CSCVC','GUADALUPE VICTOR','MORAN','MORALES','2018-11-20 00:00:00',NULL,NULL,'A',NULL,'IACSA',NULL,NULL,''),(8866,'TECCAMBPRY','CSCLE','EDWIN YAIR','SANCHEZ','RAMOS','2018-11-20 00:00:00',NULL,NULL,'A',NULL,'IACSA',NULL,NULL,''),(8867,'TECCAMBPRY','CSCLE','GERARDO DE JAVIS','OLMOS','TRUJILLO','2018-11-20 00:00:00',NULL,NULL,'A',NULL,'IACSA',NULL,NULL,''),(8868,'OFICINISTA','OAPBJ','ALITZEL','PEREZ','HERNANDEZ','2018-11-20 00:00:00',NULL,NULL,'A',NULL,'IACSA','SECOI','SECOI',''),(8870,'TECCAMBPRY','CSCCEDA','ROBERTO ADRIAN','BONILLA','RODRIGUEZ','2018-11-20 00:00:00',NULL,NULL,'A',NULL,'IACSA',NULL,NULL,''),(8871,'TECCAMAPRY','CSCCEDA','ANTONINO','REYES','ESTRADA','2018-11-20 00:00:00',NULL,NULL,'A',NULL,'IACSA',NULL,NULL,''),(8872,'TECCAMAPRY','CSCCEDA','MIGUEL ANGEL','QUEVEDO','LEZAMA','2018-11-20 00:00:00',NULL,NULL,'A',NULL,'IACSA',NULL,NULL,''),(8873,'TECCAMAPRY','CSCCEDA','JOSE LUIS','SALAZAR','MENDOZA','2018-11-20 00:00:00',NULL,NULL,'A',NULL,'IACSA',NULL,NULL,''),(8875,'TECCAMBPRY','CSCAJ','JOSUE LEDAIR','MEDINA','ALVARADO','2018-11-20 00:00:00',NULL,NULL,'A',NULL,'IACSA',NULL,NULL,''),(8876,'TECCAMBPRY','CSCCEDA','EMANUEL','RODRIGUEZ','LOAIZA','2018-11-20 00:00:00',NULL,NULL,'A',NULL,'IACSA',NULL,NULL,''),(8877,'TECCAMAPRY','CSCCEDA','SANDRO','RODRIGUEZ','SALMERON','2018-11-20 00:00:00',NULL,NULL,'A',NULL,'IACSA',NULL,NULL,''),(8881,'OFICINISTA','OAPIZ','JORGE','MACIAS','ALVAREZ DEL CASTILLO','2018-11-20 00:00:00',NULL,NULL,'A',NULL,'IACSA',NULL,NULL,''),(8882,'TECCAMAPRY','CSCCEDA','OSCAR','MARTINEZ','TLALOLINI','2018-11-20 00:00:00',NULL,NULL,'A',NULL,'IACSA',NULL,NULL,''),(8883,'TECCAMBPRY','CSCCEDA','CARLOS ANTONIO','RIVAS','AGUILAR','2018-11-20 00:00:00',NULL,NULL,'A',NULL,'IACSA',NULL,NULL,''),(8884,'TECCAMBPRY','CSCCEDA','SERGIO','RUIZ','TORRES','2018-11-20 00:00:00',NULL,NULL,'A',NULL,'IACSA',NULL,NULL,''),(8885,'AUXADMPRY','CSCCEDA','MARIELENA','HERNANDEZ','RODRIGUEZ','2018-11-20 00:00:00',NULL,NULL,'A',NULL,'IACSA',NULL,NULL,''),(8886,'TECCAMBPRY','CSCAJ','JOSUE DORIAN','CALDERON','ORTIZ','2018-11-20 00:00:00',NULL,NULL,'A',NULL,'IACSA',NULL,NULL,''),(8887,'OFICINISTA','OAPCO','JESUS','REYES','HERRERA','2018-11-20 00:00:00',NULL,NULL,'A',NULL,'IACSA',NULL,NULL,''),(8888,'TECCAMBPRY','CSCCEDA','DENNIS ELIHU','TORRALBA','LICEAGA','2018-11-20 00:00:00',NULL,NULL,'A',NULL,'IACSA',NULL,NULL,''),(8889,'SUPMEDPRYB','CSCCEDA','CLAUDIA LIZETH','SANCHEZ','VALLE','2018-11-20 00:00:00',NULL,NULL,'A',NULL,'IACSA','SECOI','SECOI',''),(8890,'SUPMEDPRYB','CSCCEDA','JUAN','BARCENAS','PACHECO','2018-11-20 00:00:00',NULL,NULL,'A',NULL,'IACSA','SECOI','SECOI',''),(8892,'TECCAMBPRY','CSCAJ','MIGUEL ANGEL','TELLO','MORALES','2018-11-20 00:00:00',NULL,NULL,'A',NULL,'IACSA',NULL,NULL,''),(8893,'TECCAMAPRY','CSCCEDA','JOSE ALBERTO','GOMEZ','CORONA','2018-11-20 00:00:00',NULL,NULL,'A',NULL,'IACSA',NULL,NULL,''),(8894,'TECCAMAPRY','CSCCEDA','GABRIEL','VAZQUEZ','CRUZ','2018-11-20 00:00:00',NULL,NULL,'A',NULL,'IACSA',NULL,NULL,''),(8895,'TECCAMBPRY','CSCCEDA','RICARDO ISRAEL','MENDOZA','SANCHEZ','2018-11-20 00:00:00',NULL,NULL,'A',NULL,'IACSA',NULL,NULL,''),(8897,'TECCAMAPRY','CSCCEDA','ALEJANDRO','HERNANDEZ','ZEPEDA','2018-11-20 00:00:00',NULL,NULL,'A',NULL,'IACSA',NULL,NULL,''),(8898,'TECCAMAPRY','CSCCEDA','JOSE OSWALDO','MONTES DE OCA','RUBIO','2018-11-20 00:00:00',NULL,NULL,'A',NULL,'IACSA',NULL,NULL,''),(8899,'TECCAMAPRY','CSCCEDA','AXEL URIEL','LORENZANO','GONZALEZ','2018-11-20 00:00:00',NULL,NULL,'A',NULL,'IACSA',NULL,NULL,''),(8900,'TECCAMBPRY','CSCCEDA','ERNESTO MARIO','VALDEZ','OLIVARES','2018-11-20 00:00:00',NULL,NULL,'A',NULL,'IACSA',NULL,NULL,''),(8901,'TECCAMAPRY','CSCCEDA','VICENTE','HERNANDEZ','GARCIA','2018-11-20 00:00:00',NULL,NULL,'A',NULL,'IACSA',NULL,NULL,''),(8902,'TECCAMAPRY','CSCCEDA','DAVID','RICO','SOTO','2018-11-20 00:00:00',NULL,NULL,'A',NULL,'IACSA',NULL,NULL,''),(8903,'TECCAMBPRY','CSCCEDA','ANDRES EDUARDO','GOMEZ','CORONA','2018-11-20 00:00:00',NULL,NULL,'A',NULL,'IACSA',NULL,NULL,''),(8904,'AUXADMPRY','CSCCEDA','BRENDA YARA MAYERLINE','ENRIQUEZ','VILLEGAS','2018-11-20 00:00:00',NULL,NULL,'A',NULL,'IACSA',NULL,NULL,''),(8906,'TECCAMBPRY','CSCAJ','JOSE FRANCISCO','JARDON','BORJA','2018-11-20 00:00:00',NULL,NULL,'A',NULL,'IACSA',NULL,NULL,''),(8907,'TECCAMAPRY','CSCCEDA','GUSTAVO','VELAZQUEZ','MATEO','2018-11-20 00:00:00',NULL,NULL,'A',NULL,'IACSA',NULL,NULL,''),(8908,'TECCAMAPRY','CSCCEDA','JUAN JESUS','MARTINEZ','ARELLANO','2018-11-20 00:00:00',NULL,NULL,'A',NULL,'IACSA',NULL,NULL,''),(8911,'TECCAMBPRY','CSCCEDA','JUAN CARLOS','ALDANA','CERON','2018-11-20 00:00:00',NULL,NULL,'A',NULL,'IACSA',NULL,NULL,''),(8912,'TECCAMAPRY','CSCCEDA','ALDO','LARA','CHAVEZ','2018-11-20 00:00:00',NULL,NULL,'A',NULL,'IACSA',NULL,NULL,''),(8913,'TECCAMAPRY','CSCCEDA','ALFREDO','MOTA','VAZQUEZ','2018-11-20 00:00:00',NULL,NULL,'A',NULL,'IACSA',NULL,NULL,''),(8915,'TECCAMAPRY','CSCCEDA','OMAR','CARMONA','CRUZ','2018-11-20 00:00:00',NULL,NULL,'A',NULL,'IACSA',NULL,NULL,''),(8916,'TECCAMBPRY','CSCVC','ANDRES LEONARDO','RAMIREZ','GALLEGOS','2018-11-20 00:00:00',NULL,NULL,'A',NULL,'IACSA',NULL,NULL,''),(8917,'TECCAMAPRY','CSCCEDA','MIGUEL JONATHAN','VEGA','RESENDIZ','2018-11-20 00:00:00',NULL,NULL,'A',NULL,'IACSA',NULL,NULL,''),(8918,'TECCAMAPRY','CSCCEDA','OSCAR MOISES','PEREZ','ROBLES','2018-11-20 00:00:00',NULL,NULL,'A',NULL,'IACSA',NULL,NULL,''),(8920,'TECCAMAPRY','CSCCEDA','SERGIO EMMANUEL','RODRIGUEZ','MATA','2018-11-20 00:00:00',NULL,NULL,'A',NULL,'IACSA',NULL,NULL,''),(8921,'AUXADMPRY','CSCCEDA','ELIZABETH','TREJO','ORTEGA','2018-11-20 00:00:00',NULL,NULL,'A',NULL,'IACSA',NULL,NULL,''),(8923,'TECCENPRY','CSCLON','JOSE LUIS','RODRIGUEZ','DIAZ','2018-11-20 00:00:00',NULL,NULL,'A',NULL,'IACSA',NULL,NULL,''),(8924,'AUXADMPRY','CSCCEDA','ZULEMA','CONTRERAS','TOLEDO','2018-11-20 00:00:00',NULL,NULL,'A',NULL,'IACSA',NULL,NULL,''),(8925,'OFICINISTA','OAPXO','JUAN CARLOS','BAUTISTA','MANRIQUE','2018-11-20 00:00:00',NULL,NULL,'A',NULL,'IACSA',NULL,NULL,''),(8926,'OPERCAT','CAT','ISAAC','HERNANDEZ','AQUINO','2018-11-20 00:00:00',NULL,NULL,'A',NULL,'IACSA',NULL,NULL,''),(8927,'OFICINISTA','OAPSC','VALERIA DALILA','ARROYO','VELAZQUEZ','2018-11-20 00:00:00',NULL,NULL,'A',NULL,'IACSA',NULL,NULL,''),(8928,'OFICINISTA','OAPVC','VICTOR OMAR','MARTINEZ','GARCIA','2018-11-20 00:00:00',NULL,NULL,'A',NULL,'IACSA',NULL,NULL,''),(8929,'OFICINISTA','OAPAJ','SANDRA VIANEY','PEREZ','MONTES','2018-11-20 00:00:00',NULL,NULL,'A',NULL,'IACSA',NULL,NULL,''),(8930,'TECCAMAPRY','CSCCEDA','SAMUEL','GARCIA','RODRIGUEZ','2018-11-20 00:00:00',NULL,NULL,'A',NULL,'IACSA',NULL,NULL,''),(8931,'OFICINISTA','OAPIZ','YANETH','PABLO','RAMON','2018-11-20 00:00:00',NULL,NULL,'A',NULL,'IACSA',NULL,NULL,''),(8934,'OFICINISTA','OAPCO','RICARDO','GALLEGOS','RAMOS','2018-11-20 00:00:00',NULL,NULL,'A',NULL,'IACSA',NULL,NULL,''),(8935,'TECCAMAPRY','CSCCEDA','JOSE ANTONIO','GUZMAN','RODRIGUEZ','2018-11-20 00:00:00',NULL,NULL,'A',NULL,'IACSA',NULL,NULL,''),(8936,'TECCAMAPRY','CSCCEDA','VICTOR HUGO','CASTELLANOS','MINERO','2018-11-20 00:00:00',NULL,NULL,'A',NULL,'IACSA',NULL,NULL,''),(8939,'OFICINISTA','OAPSC','MARISOL','TORRES','PEREZ','2018-11-20 00:00:00',NULL,NULL,'A',NULL,'IACSA',NULL,NULL,''),(8941,'TECCAMBPRY','CSCLE','EDER HORACIO','PEREZ','SANCHEZ','2018-11-20 00:00:00',NULL,NULL,'A',NULL,'IACSA',NULL,NULL,''),(8943,'TECCAMBPRY','CSCAJ','VICTOR HUGO','OLIVARES','MORALES','2018-11-20 00:00:00',NULL,NULL,'A',NULL,'IACSA',NULL,NULL,''),(8944,'TECCAMAPRY','CSCCEDA','GUILLERMO','CORIA','SANCHEZ','2018-11-20 00:00:00',NULL,NULL,'A',NULL,'IACSA',NULL,NULL,''),(8945,'TECCAMAPRY','CSCCEDA','JONATHAN DAMIAN','TRUJILLO','PALMA','2018-11-20 00:00:00',NULL,NULL,'A',NULL,'IACSA',NULL,NULL,''),(8946,'TECCAMBPRY','CSCLON','ALEJANDRO','ROSAS','MEDINA','2018-11-20 00:00:00',NULL,NULL,'A',NULL,'IACSA',NULL,NULL,''),(8947,'TECCAMBPRY','CSCAJ','MARCOS','BAUTISTA','LOPEZ','2018-11-20 00:00:00',NULL,NULL,'A',NULL,'IACSA',NULL,NULL,''),(8948,'OFICINISTA','OAPCO','MONSERRAT','RAMIREZ','CORRALES','2018-11-20 00:00:00',NULL,NULL,'A',NULL,'IACSA',NULL,NULL,''),(8949,'OFICINISTA','OAPXO','ADRIANA','ARIAS','JUAREZ','2018-11-20 00:00:00',NULL,NULL,'A',NULL,'IACSA',NULL,NULL,''),(8950,'TECCAMBPRY','CSCAJ','ARTURO ISIDRO','HERNANDEZ','GUZMAN','2018-11-20 00:00:00',NULL,NULL,'A',NULL,'IACSA',NULL,NULL,''),(8951,'OPERCAT','CAT','DULCE PAMELA','MENDOZA','GALLARDO','2018-11-20 00:00:00',NULL,NULL,'A',NULL,'IACSA',NULL,NULL,''),(8952,'OPERCAT','CAT','RUBEN','RIOS','DELGADO','2018-11-20 00:00:00',NULL,NULL,'A',NULL,'IACSA',NULL,NULL,''),(8953,'OPERCAT','CAT','ALAENTSIC PAMELA','GOMEZ','CASTRO','2018-11-20 00:00:00',NULL,NULL,'A',NULL,'IACSA',NULL,NULL,''),(8954,'OPERCAT','CAT','FERNANDA HAYYIM','GOMEZ','NERI','2018-11-20 00:00:00',NULL,NULL,'A',NULL,'IACSA',NULL,NULL,''),(8955,'TECCAMBPRY','CSCXO','CESAR OMAR','LEMUS','MARTINEZ','2018-11-20 00:00:00',NULL,NULL,'A',NULL,'IACSA',NULL,NULL,''),(8956,'TECCAMBPRY','CSCXO','JUAN CARLOS','APARICIO','ALTAMIRANO','2018-11-20 00:00:00',NULL,NULL,'A',NULL,'IACSA',NULL,NULL,''),(8958,'TECCAMAPRY','CSCCEDA','ALEJANDRO','ZAVALA','HERNANDEZ','2018-11-20 00:00:00',NULL,NULL,'A',NULL,'IACSA',NULL,NULL,''),(8959,'TECCAMAPRY','CSCCEDA','IGNACIO','GERARDO','SUAREZ','2018-11-20 00:00:00',NULL,NULL,'A',NULL,'IACSA',NULL,NULL,''),(8960,'TECCAMBPRY','CSCLON','OSCAR ALEJANDRO','RODRIGUEZ','RODRIGUEZ','2018-11-20 00:00:00',NULL,NULL,'A',NULL,'IACSA',NULL,NULL,''),(8963,'SUPMANPRYB','CSCCEDA','MONICA','MARTINEZ','SANTOS','2018-11-20 00:00:00',NULL,NULL,'A',NULL,'IACSA',NULL,NULL,''),(8964,'TECCAMBPRY','CSCVC','RAMSES ALEJANDRO','VAZQUEZ','AHEDO','2018-11-20 00:00:00',NULL,NULL,'A',NULL,'IACSA',NULL,NULL,''),(8965,'TECCAMBPRY','CSCLE','GERARDO YAHIR','JIMENEZ','SALAZAR','2018-11-20 00:00:00',NULL,NULL,'A',NULL,'IACSA',NULL,NULL,''),(8966,'OFICINISTA','OAPLE','TANIA ELIZABETH','GALLARDO','CANO','2018-11-20 00:00:00',NULL,NULL,'A',NULL,'IACSA',NULL,NULL,''),(8967,'TECCAMAPRY','CSCCEDA','MARCO ANTONIO','VARGAS','VAZQUEZ','2018-11-20 00:00:00',NULL,NULL,'A',NULL,'IACSA',NULL,NULL,''),(8968,'TECCAMAPRY','CSCCEDA','FELIPE DE JESUS','URIBE','OLVEDA','2018-11-20 00:00:00',NULL,NULL,'A',NULL,'IACSA',NULL,NULL,''),(8969,'TECCAMAPRY','CSCCEDA','JOSE ALBERTO','ESPINOSA','RAMIREZ','2018-11-20 00:00:00',NULL,NULL,'A',NULL,'IACSA',NULL,NULL,''),(8970,'TECCAMAPRY','CSCCEDA','NAZARIO MANUEL','SERRANO','GARCIA','2018-11-20 00:00:00',NULL,NULL,'A',NULL,'IACSA',NULL,NULL,''),(8971,'TECCAMBPRY','CSCXO','JOSUE','MARQUEZ','AGUILAR','2018-11-20 00:00:00',NULL,NULL,'A',NULL,'IACSA',NULL,NULL,''),(8972,'TECCAMBPRY','CSCLE','PEDRO OCTAVIO','HERNANDEZ','REYNA','2018-11-20 00:00:00',NULL,NULL,'A',NULL,'IACSA',NULL,NULL,''),(8973,'TECCAMBPRY','CSCLE','LUIS ALBERTO','MONDRAGON','RODRIGUEZ','2018-11-20 00:00:00',NULL,NULL,'A',NULL,'IACSA',NULL,NULL,''),(8974,'TECCAMBPRY','CSCLE','DAGOBERTO','OLIVERA','MORAN','2018-11-20 00:00:00',NULL,NULL,'A',NULL,'IACSA',NULL,NULL,''),(8975,'TECCAMBPRY','CSCAJ','JOSE','ALCANTAR','DIAZ','2018-11-20 00:00:00',NULL,NULL,'A',NULL,'IACSA',NULL,NULL,''),(8976,'TECCAMBPRY','CSCAJ','ROBERTO ALEJANDRO','GONZALEZ','DUARTE','2018-11-20 00:00:00',NULL,NULL,'A',NULL,'IACSA',NULL,NULL,''),(8978,'TECCAMAPRY','CSCCEDA','DANIEL ALFONSO','SANCHEZ','MADRIGAL','2018-11-20 00:00:00',NULL,NULL,'A',NULL,'IACSA',NULL,NULL,''),(8979,'AUXADMPRY','CSCCEDA','MARISOL','LOPEZ','RIVERA','2018-11-20 00:00:00',NULL,NULL,'A',NULL,'IACSA',NULL,NULL,''),(8980,'AUXADMPRY','CSCCEDA','SAIRA GUADALUPE','LOZA','CORTES','2018-11-20 00:00:00',NULL,NULL,'A',NULL,'IACSA',NULL,NULL,''),(8981,'AUXADMPRY','CSCCEDA','SAMANTA LAURA','TORRES','FLORES','2018-11-20 00:00:00',NULL,NULL,'A',NULL,'IACSA',NULL,NULL,''),(8983,'OFICINISTA','OAPAJ','LETICIA','GALINDO','GALINDO','2018-11-20 00:00:00',NULL,NULL,'A',NULL,'IACSA',NULL,NULL,''),(8984,'TECCAMAPRY','CSCCEDA','BRIAN RICARDO','VAZQUEZ','GONZALEZ','2018-11-20 00:00:00',NULL,NULL,'A',NULL,'IACSA',NULL,NULL,''),(8985,'TECCAMBPRY','CSCLE','ANDRES ABNER','SALAZAR','LOZANO','2018-11-20 00:00:00',NULL,NULL,'A',NULL,'IACSA',NULL,NULL,''),(8986,'TECCAMAPRY','CSCCEDA','GABRIEL','GARCIA','RAMOS','2018-11-20 00:00:00',NULL,NULL,'A',NULL,'IACSA',NULL,NULL,''),(8987,'TECCAMAPRY','CSCCEDA','ROMAN SAUL','RAMIREZ','ZAPATA','2018-11-20 00:00:00',NULL,NULL,'A',NULL,'IACSA',NULL,NULL,''),(8988,'AUXADMPRY','CSCCEDA','LIZETTE MONSERRAT','LUNA','MAQUEDA','2018-11-20 00:00:00',NULL,NULL,'A',NULL,'IACSA',NULL,NULL,''),(8989,'AUXADMPRY','CSCCEDA','MARYE','MONTIEL','MANJARREZ','2018-11-20 00:00:00',NULL,NULL,'A',NULL,'IACSA',NULL,NULL,''),(8990,'OFICINISTA','OAPCO','DULCE GODELEBA','BECERRIL','MONTOYA','2018-11-20 00:00:00',NULL,NULL,'A',NULL,'IACSA',NULL,NULL,''),(8991,'AUXADMIN','COBRANZA','FABIAN ERNESTO','ALCANTARA','JIMENEZ','2018-11-20 00:00:00',NULL,NULL,'A',NULL,'IACSA','SECOI','SECOI',''),(8992,'TECCAMBPRY','CSCVC','MARIO ALBERTO','MARTINEZ','CERVANTES','2018-11-20 00:00:00',NULL,NULL,'A',NULL,'IACSA',NULL,NULL,''),(8993,'TECCAMBPRY','CSCAJ','JORGE','SORIA','MENDEZ','2018-11-20 00:00:00',NULL,NULL,'A',NULL,'IACSA',NULL,NULL,''),(8994,'TECCAMAPRY','CSCCEDA','GERARDO MAURICIO','OLIVARES','PEREZ','2018-11-20 00:00:00',NULL,NULL,'A',NULL,'IACSA',NULL,NULL,''),(8995,'OFICINISTA','OAPTL','ATALIA BERENICE','REYES','MARTINEZ','2018-11-20 00:00:00',NULL,NULL,'A',NULL,'IACSA',NULL,NULL,''),(9005,'SUPPROYA','DIRGEN','TAMARA','LUENGO','SCHRECK','2019-01-02 00:00:00','TLUENGO',NULL,'A',NULL,'IACSA','SECOI','SECOI',''),(9006,'OPERCAT','CAT','ALEJANDRA GUADALUPE','RAMIREZ','DIAZ','2019-01-14 00:00:00','ARAMIREZ',NULL,'A',NULL,'IACSA','SECOI','SECOI',''),(9007,'TECCENPRY','CSCAJ','JUAN JOSE','OLMOS','URIBE','2019-01-14 00:00:00','JJOLMOS',NULL,'A',NULL,'IACSA','SECOI','SECOI',''),(9008,'OFICINISTA','OAPXO','SALOMON','HERNANDEZ','ARGÜELLES','2019-01-17 00:00:00','SHERNANDEZ',NULL,'A',NULL,'IACSA','SECOI','SECOI',''),(9009,'TECCENPRY','CSCVC','CRISTIAN','MORENO','SAUCEDO','2019-01-21 00:00:00','CMORENO',NULL,'A',NULL,'IACSA','SECOI','SECOI',''),(9010,'TECCENPRY','CSCVC','ARTURO','URIBE','RETAMA','2019-01-21 00:00:00','AURIBE',NULL,'A',NULL,'IACSA','SECOI','SECOI',''),(9011,'TECCENPRY','CSCVC','JOSE RAMON','PIÑA','ORTIZ','2019-01-21 00:00:00','JRPIÑA',NULL,'A',NULL,'IACSA','SECOI','SECOI',''),(9012,'TECCENPRY','CSCVC','MIGUEL ANTONIO','ROJAS','GARCIA','2019-01-21 00:00:00','MAROJAS',NULL,'A',NULL,'IACSA','SECOI','SECOI',''),(9013,'OFICINISTA','OAPSC','MARCO IVAN','ROCHA','SANCHEZ','2019-01-21 00:00:00','MIROCHA',NULL,'A',NULL,'IACSA','SECOI','SECOI',''),(9014,'TECCENPRY','CSCLON','ADRIAN RICARDO','MARTINEZ','GUERRA','2019-01-21 00:00:00','ARMARTINEZ',NULL,'A',NULL,'IACSA','SECOI','SECOI',''),(9015,'TECCENPRY','CSCAJ','SAMIR GIOVANNI','PEREZ','GONZALEZ','2019-01-22 00:00:00','SGPEREZ',NULL,'A',NULL,'IACSA','SECOI','SECOI',''),(9016,'TECCENPRY','CSCLE','ISRAEL','NAVA','RODRIGUEZ','2019-01-23 00:00:00','INAVA',NULL,'A',NULL,'IACSA','SECOI','SECOI',''),(9017,'OFICINISTA','OAPLE','GUILLERMINA ','CRUZ','MARTINEZ','2019-01-24 00:00:00','GCRUZ',NULL,'A',NULL,'IACSA','SECOI','SECOI',''),(9018,'OFICINISTA','OAPBJ','KAREN NOEMI','ENRIQUEZ','CRUZ','2019-01-28 00:00:00','KNENRIQUEZ',NULL,'A',NULL,'IACSA','SECOI','SECOI',''),(9019,'TECCENPRY','CSCAJ','SERGIO OCTAVIO','CHIAS','ISLAS','2019-01-28 00:00:00','SCHIAS',NULL,'A',NULL,'IACSA','SECOI','SECOI',''),(9020,'OFICINISTA','OAPCH','JOYCE ALETHIA','AGUILLON','ALVAREZ','2019-02-05 00:00:00','JAAGUILLON',NULL,'A',NULL,'IACSA','SECOI','SECOI',''),(9021,'OFICINISTA','OAPIZ','JESSICA','GONZALEZ','VAZQUEZ','2019-02-05 00:00:00','JGONZALEZ',NULL,'A',NULL,'IACSA','SECOI','SECOI',''),(9022,'OFICINISTA','OAPCO','DULCE MARIA','ORTIZ','NAVARRO','2019-02-05 00:00:00','DMORTIZ',NULL,'A',NULL,'IACSA','SECOI','SECOI',''),(9023,'OFICINISTA','OAPAJ','ASAEL','VELAZQUEZ','PONCE','2019-02-07 00:00:00','AVELAZQUEZ',NULL,'A',NULL,'IACSA','SECOI','SECOI',''),(9024,'TECCAMBPRY','CSCAJ','MIGUEL ANGEL','AQUINO','SALGADO','2019-02-13 00:00:00','MAAQUINO',NULL,'A',NULL,'IACSA','SECOI','SECOI',''),(9025,'OFICINISTA','OAPXO','ARIES URIEL','GOMEZ','LOPEZ','2019-02-14 00:00:00','AUGOMEZ',NULL,'A',NULL,'IACSA','SECOI','SECOI',''),(9026,'OFICINISTA','OAPTL','NAYELI JAZMIN','JUAREZ','MATEOS','2019-02-14 00:00:00','NYJUAREZ',NULL,'A',NULL,'IACSA','SECOI','SECOI',''),(9027,'TECCAMBPRY','CSCTL','DANIELA ISABEL','HERNANDEZ','MANDUJANO','2019-02-21 00:00:00','DIHERNANDEZ',NULL,'A',NULL,'IACSA','SECOI','SECOI',''),(9028,'OPERCAT','CAT','BERNARDO','DIAZ','SOSA','2019-02-25 00:00:00','BDIAZ',NULL,'A',NULL,'IACSA','SECOI','SECOI',''),(9029,'OFICINISTA','OAPXO','MARIA DEL CARMEN','AGUILAR','VAZQUEZ','2019-02-25 00:00:00','MCAGUILAR',NULL,'A',NULL,'IACSA','SECOI','SECOI',''),(9030,'OFICINISTA','OAPXO','LAURA OLIVIA','ZARAZUA','ESCALONA','2019-02-25 00:00:00','LOZARAZUA',NULL,'A',NULL,'IACSA','SECOI','SECOI',''),(9031,'SECRETARIA','RH','YOLANDA','ESPINAL','BENITEZ','2017-10-25 00:00:00','YESPINAL','YESPINAL','A',NULL,'SECOI',NULL,'0',''),(9032,'TECPROEQCM','INFORMATI','JOSE OSWALDO','CUELLAR','GARCES','2017-10-25 00:00:00','JOCUELLAR','JOCUELLAR','A',NULL,'SECOI',NULL,'0',''),(9033,'TECCAMBPRY','CSCLE','MIGUEL ANGEL','BALDERAS','SAAVEDRA','2019-02-27 00:00:00','MABALDERAS',NULL,'A',NULL,'IACSA','SECOI','SECOI',''),(9034,'OFICINISTA','OAPIZ','GABRIELA','FLORES','VILLAGOMEZ','2019-03-04 00:00:00','GFLORES',NULL,'A',NULL,'IACSA','SECOI','SECOI',''),(9035,'JEFEPROCAL','DIRGENOPER','IVONNE EDITH','GUERRERO','DOMINGUEZ','2017-10-25 00:00:00','IGUERRERO','IGUERRERO','A',NULL,'SECOI',NULL,'0',''),(9038,'TECCAMBPRY','CSCVC','MARCO ANTONIO','MANZANO','GOMEZ','2019-03-11 00:00:00','MAMANZANO',NULL,'A',NULL,'IACSA','SECOI','SECOI',''),(9039,'TECCAMBPRY','CSCVC','OSCAR','MARQUEZ','DELGADO','2019-03-11 00:00:00','OMARQUEZ',NULL,'A',NULL,'IACSA','SECOI','SECOI',''),(9040,'TECCAMBPRY','CSCVC','ARAMIS','MORENO','GARCIA','2019-03-11 00:00:00','AMORENO',NULL,'A',NULL,'IACSA','SECOI','SECOI',''),(9041,'TECCAMBPRY','CSCXO','LUIS MIGUEL','CARREON','BARCENA','2019-03-11 00:00:00','LMCARREON',NULL,'A',NULL,'IACSA','SECOI','SECOI',''),(9042,'SUPCENSOB','CSCTL','MARLENNE','RAMOS','MARTINEZ','2019-03-11 00:00:00','MRAMOS',NULL,'A',NULL,'IACSA','SECOI','SECOI',''),(9043,'TECCENPRY','CSCTL','JOSE URIEL','FLORES','TREJO','2019-03-11 00:00:00','JUFLORES',NULL,'A',NULL,'IACSA','SECOI','SECOI',''),(9044,'TECCAMBPRY','CSCVC','OMAR ALEJANDRO','CHAVEZ','MURIEL','2019-03-13 00:00:00','OACHAVEZ',NULL,'A',NULL,'IACSA','SECOI','SECOI',''),(9045,'OFICINISTA','OAPTL','ENRIQUE','FRAGOSO','MEDINA','2019-03-19 00:00:00','EFRAGOSO',NULL,'A',NULL,'IACSA','SECOI','SECOI',''),(9046,'MENSAJERO','RH','GERARDO','GRANADOS','BELTRAN','2019-03-19 00:00:00','GGRANADOS',NULL,'A',NULL,'IACSA','SECOI','0',''),(9047,'COORFINANZ','CONTRALORI','JESUS','BOCANEGRA','ONOFRE','2019-03-19 00:00:00','JBOCANEGRA',NULL,'A',NULL,'IACSA','SECOI','SECOI',''),(9048,'OFICINISTA','OAPSC','JESUS ULISES','DUARTE','HERNANDEZ','2019-03-20 00:00:00','JUDUARTE',NULL,'A',NULL,'IACSA','SECOI','SECOI',''),(9049,'OPERCAT','CAT','GILBERTO','SUAREZ','NAVA','2019-03-20 00:00:00','GSUAREZ',NULL,'A',NULL,'IACSA','SECOI','SECOI',''),(9050,'JEFEPROCAL','METYPROC','SANDRA PAOLA','BETANZO','GARCIA','2019-03-25 00:00:00','SPBETANZO',NULL,'A',NULL,'IACSA','SECOI','SECOI',''),(9051,'TECCAMBPRY','CSCLON','SAMUEL','HERNANDEZ','GUZMAN','2019-03-27 00:00:00','SHERNANDEZ',NULL,'A',NULL,'IACSA','SECOI','SECOI',''),(9052,'TECCAMBPRY','CSCLON','MARIO ALBERTO','GARCIA','GARCIA','2019-03-27 00:00:00','MAGARCIA',NULL,'A',NULL,'IACSA','SECOI','SECOI',''),(9053,'JEFECOMPRA','ABASTECI','YOLOTLI','HERNANDEZ','HERNANDEZ','2019-04-01 00:00:00','YHERNANDEZ',NULL,'A',NULL,'IACSA','SECOI','SECOI',''),(9054,'ABOGADO','COBRANZA','VILMA ANAID','VICENCIO','MARTINEZ','2019-04-01 00:00:00','VAVICENCIO',NULL,'A',NULL,'IACSA','SECOI','SECOI',''),(9055,'TECCAMBPRY','CSCLON','VICTOR ENRIQUE','SOTO','HERNANDEZ','2019-04-01 00:00:00','VESOTO',NULL,'A',NULL,'IACSA','SECOI','SECOI',''),(9056,'TECCAMBPRY','CSCLON','CARLOS ADOLFO','DIAZ','MONTIEL','2019-04-01 00:00:00','CADIAZ',NULL,'A',NULL,'IACSA','SECOI','SECOI',''),(9057,'TECCAMBPRY','CSCLON','BLANCA VERONICA','BARRIOS','LADINO','2019-04-02 00:00:00','BVBARRIOS',NULL,'A',NULL,'IACSA','SECOI','SECOI',''),(9058,'OPERCAT','CAT','MARTHA LIZBETH','MERINO','CARRERA','2019-04-04 00:00:00','MLMERINO',NULL,'A',NULL,'IACSA','SECOI','SECOI',''),(9059,'TECCAMBPRY','CSCXO','JAIR','REYES','MORALES','2019-04-02 00:00:00','JREYES',NULL,'A',NULL,'IACSA','SECOI','SECOI',''),(9060,'TECCENPRY','CSCTL','LUIS RICARDO','TORRES','CAMPA','2019-04-02 00:00:00','LRTORRES',NULL,'A',NULL,'IACSA','SECOI','SECOI',''),(9061,'ABOGADO','COBRANZA','MARIA MAGDALENA','BELMONTE','VALENCIA','2019-04-03 00:00:00','MMBELMONTE',NULL,'A',NULL,'IACSA','SECOI','SECOI',''),(9062,'OFICINISTA','OAPXO','ZABDIEL ARLEIRE','ROMERO','MEZA','2019-04-04 00:00:00','ZAROMERO',NULL,'A',NULL,'IACSA','SECOI','SECOI',''),(9063,'TECCAMBPRY','CSCLE','CHRISTIAN IVAN','GALICIA','MERCADO','2019-04-08 00:00:00','CIGALICIA',NULL,'A',NULL,'IACSA','SECOI','SECOI',''),(9064,'TECCAMBPRY','CSCAJ','JUAN CARLOS','ROJAS','ZAMUDIO','2019-04-09 00:00:00','ROJAS',NULL,'A',NULL,'IACSA','SECOI','SECOI',''),(9065,'TECCAMBPRY','CSCAJ','FRANCISCO','BARRERA','GONZALEZ','2019-04-11 00:00:00','BARRERA',NULL,'A',NULL,'IACSA','SECOI','SECOI',''),(212091,'COORMTTO','PTASLTANTA','JUAN','RODRIGUEZ','SANTOS','2018-07-16 17:39:54','JURODRIGUEZS','JURODRIGUEZS','I',NULL,'DEGRE',NULL,'0',''),(300695,'JEFETUR','PTASLP','JESUS IGNACIO','GOMEZ','CASTILLO','2018-07-16 16:53:12','JIGOMEZ','JIGOMEZ','A',NULL,'DEGRE',NULL,'0',''),(300761,'COOROPER','PTAJUA','NOEL','LOERA','PALMA','2018-07-16 16:53:12','NLOERA','NLOERA','I',NULL,'DEGRE',NULL,'0',''),(300762,'RESPSEGMA','SEGURIDAD','TANIA','CISNEROS','FERMIN','2018-07-16 16:53:12','TCISNEROS','TCISNEROS','A',NULL,'DEGRE',NULL,'0',''),(300970,'COOROPER','PTAJUA','JESUS ANTONIO','VALDIVIESO','BAUTISTA','2018-07-16 16:53:12','JAVALDIVIESO','JAVALDIVIESO','A',NULL,'DEGRE',NULL,'0',''),(301171,'CHOFERADMN','PTASLP','TEOBALDO','SILVA','PABLO','2018-07-16 16:53:12','TSILVA','SILVA','A',NULL,'DEGRE',NULL,'0',''),(301199,'AUXCONT','DIRFIN','VICTOR ANTONIO','ESCARCEGA','GARCIA','2018-07-16 16:53:12','VAESCARCEGA','VAESCARCEGA','A',NULL,'DEGRE',NULL,'0',''),(301281,'JEFEMTTO','PTAJUA','SALVADOR','MONTERO','MONTERO','2018-07-16 16:53:12','SMONTERO','SMONTERO','A',NULL,'DEGRE',NULL,'0',''),(301352,'COORFINANZ','PTAJUA','LAURA BERENICE','LOPEZ','RUIZ','2018-07-16 16:53:12','LBLOPEZ','LBLOPEZ','A',NULL,'DEGRE',NULL,'0',''),(301369,'CHOFERLODO','PTAJUA','JORGE ALBERTO','TORRES','ALVARADO','2018-07-16 16:53:12','ATORRESA','ATORRESA','I',NULL,'DEGRE',NULL,'0',''),(301602,'COORCALSMA','PTACUL','DIANA ELIZETH','FELIX','LOPEZ','2018-07-16 16:53:12','DEFELIX','DEFELIX','A',NULL,'DEGRE',NULL,'0',''),(301603,'MECANICO','PTACUL','ALBERTO','VILLARREAL','ANGULO','2018-07-16 16:53:12','AVILLARREAL','AVILLARREAL','A',NULL,'DEGRE',NULL,'0',''),(301606,'JEFEOPER','PTASLP','BENJAMIN','CASTILLO','GUERRERO','2018-07-16 16:53:12','BCASTILLOG','BCASTILLOG','A',NULL,'DEGRE',NULL,'0',''),(301895,'COOROPER','PTAJUA','SERGIO','SANCHEZ','GAMEZ','2018-07-16 16:53:12','SSANCHEZG','SSANCHEZG','I',NULL,'DEGRE',NULL,'0',''),(302188,'RESPLAMTO','PTASLP','DANIEL ALEJANDRO','SANCHEZ','ESPINOZA','2018-07-16 16:53:12','ASANCHEZE','ASANCHEZE','I',NULL,'DEGRE',NULL,'0',''),(302282,'COOROPER','PTASLP','GUSTAVO','HERNANDEZ','HERNANDEZ','2018-07-16 16:53:12','GHERNANDEZH','GHERNANDEZH','A',NULL,'DEGRE',NULL,'0',''),(302333,'MECANICO','PTAJUA','ISAIAS','PEÑA','FELICIANO','2018-07-16 16:53:12','IPEÑAF','IPEÑAF','A',NULL,'DEGRE',NULL,'0',''),(302580,'AUDSUBOBRA','DIRSUMLOG','ISAAC','MARTINEZ','ESCALONA','2018-07-16 16:53:12','IMARTINEZE','IMARTINEZE','A',NULL,'DEGRE',NULL,'0',''),(302601,'JEFEOPER','PTAJUA','RONNY ALFREDO','GARCIA','BURELA','2018-07-16 16:53:12','RAGARCIA','RAGARCIA','A',NULL,'DEGRE',NULL,'0',''),(302758,'CHOFERLODO','PTAJUA','JUAN','CARREON','BUSTAMANTE','2018-07-16 16:53:12','JCARREON','JCARREON','I',NULL,'DEGRE',NULL,'0',''),(302759,'CHOFERLODO','PTAJUA','RAUL','CHAVEZ','GOMEZ','2018-07-16 16:53:12','RCHAVEZ','RCHAVEZ','I',NULL,'DEGRE',NULL,'0',''),(302760,'RESPLAMTO','PTAJUA','VICTOR DAVID','PEREZ','CABRERA','2018-07-16 16:53:12','VDPEREZC','VDPEREZC','I',NULL,'DEGRE',NULL,'0',''),(302908,'CHOFERLODO','PTAJUA','ELIAS','MENDOZA','BERUMEN','2018-07-16 16:53:12','MENDOZA','MENDOZA','I',NULL,'DEGRE',NULL,'0',''),(303103,'OPERADOR','PTACUL','FRANCISCO JAVIER','ARMENTA','AYALA','2018-07-16 16:53:12','ARMENTA','ARMENTA','A',NULL,'DEGRE',NULL,'0',''),(306042,'GERPRONORE','DIRPROP','LUIS MIGUEL','BARREIRA','TIMOTEO DA CONCEICAO','2018-07-16 16:53:12','BARREIRA','BARREIRA','I',NULL,'DEGRE',NULL,'0',''),(306219,'DIRCOMERSV','SERGEN','ADRIEN CALISTE','TIECHE','NULL','2018-07-16 16:53:12','TIECHE','TIECHE','I',NULL,'DEGRE',NULL,'0',''),(306224,'JEFETUR','PTAJUA','ALEJANDRO','ALCARAZ','VERASTEGUI','2018-07-16 16:53:13','ALCARAZ','ALCARAZ','A',NULL,'DEGRE',NULL,'0',''),(306226,'AUXMTTO','PTAJUA','RAUL','ONTIVEROS','RODRIGUEZ','2018-07-16 16:53:13','ONTIVEROS','ONTIVEROS','A',NULL,'DEGRE',NULL,'0',''),(306228,'OPERADOR','PTATIJ','JUAN IGNACIO','LARA','PEREZ','2018-07-16 16:53:13','PEREZ','PEREZ','A',NULL,'DEGRE',NULL,'0',''),(306229,'OPERADOR','PTATIJ','OSCAR','NAVA','ZAMORA','2018-07-16 16:53:13','NAVA','NAVA','A',NULL,'DEGRE',NULL,'0',''),(306234,'OPERADOR','PTATIJ','ANDRES','RAMIREZ','DIAZ','2018-07-16 16:53:13','RAMIREZ','RAMIREZ','A',NULL,'DEGRE',NULL,'0',''),(306235,'LABORAT','PTATIJ','ENRIQUE','FELIPE','LEY','2018-07-16 16:53:13','FELIPE','FELIPE','A',NULL,'DEGRE',NULL,'0',''),(306238,'MECANICO','PTATIJ','JORGE LUIS','CRUZ','HERNANDEZ','2018-07-16 16:53:13','CRUZ','CRUZ','A',NULL,'DEGRE',NULL,'0',''),(306248,'COORLABCAL','PTATIJ','MARICRUZ','PALACIO','SOSA','2018-07-16 16:53:13','PALACIO','PALACIO','A',NULL,'DEGRE',NULL,'0',''),(306250,'COORMTTO','PTATIJ','ABELARDO','GARCIA','MARTINEZ','2018-07-16 16:53:13','GARCIA','GARCIA','A',NULL,'DEGRE',NULL,'0',''),(306251,'AUXGRAL','PTATIJ','MIGUEL HUMBERTO','RAMIREZ','BASTIDA','2018-07-16 17:43:59','MHRAMIREZB','MHRAMIREZB','A',NULL,'DEGRE',NULL,'0',''),(306255,'COOROPER','PTATIJ','IGNACIO','VARGAS','VAZQUEZ','2018-07-16 16:53:13','VARGAS','VARGAS','I',NULL,'DEGRE',NULL,'0',''),(306257,'AUXELECT','PTAJUA','JULIO CESAR','LUJAN','GARIBAY','2018-07-16 16:53:13','LUJAN','LUJAN','A',NULL,'DEGRE',NULL,'0',''),(306261,'INGRESPRO','DIRPROP','ERIK DAMIAN','ALBARRAN','RIVERA','2018-07-16 16:53:13','ALBARRAN','ALBARRAN','A',NULL,'DEGRE',NULL,'0',''),(306278,'INGELECT','DIRPROD','JOSE MIGUEL ANGEL','SANCHEZ','RIOS','2018-07-16 16:53:13','SANCHEZ','SANCHEZ','A',NULL,'DEGRE',NULL,'0',''),(306293,'COORSEGMA','PTASLP','CELIA CORAL','LOPEZ','GREGORIO','2018-07-16 16:53:13','LOPEZ','LOPEZ','A',NULL,'DEGRE',NULL,'0',''),(306313,'JEFETUR','PTAJUA','ULISES','LOPEZ','REYES','2018-07-16 17:43:59','ULOPEZR','ULOPEZR','A',NULL,'DEGRE',NULL,'0',''),(306590,'RESPLAMTO','PTASLP','JESUS ALFONSO','ROMERO','TORRES','2018-07-16 16:53:13','ROMERO','ROMERO','I',NULL,'DEGRE',NULL,'0',''),(306593,'COORMTTO','PTASLP','JOSE LUIS','RAMOS','MEDELLIN','2018-07-16 16:53:13','RAMOS','RAMOS','I',NULL,'DEGRE',NULL,'0',''),(306594,'JEFETUR','PTASLP','JAVIER','CELAYO','ALVAREZ','2018-07-16 16:53:13','CELAYO','CELAYO','A',NULL,'DEGRE',NULL,'0',''),(306628,'OPERADOR','PTAVJ','JUAN PABLO','RODRIGUEZ','GUZMAN','2018-07-16 16:53:13','RODRIGUEZ','RODRIGUEZ','A',NULL,'DEGRE',NULL,'0',''),(306795,'JEFETUR','PTAJUA','RODRIGO','GUEVARA','VAZQUEZ','2018-07-16 16:53:13','GUEVARA','GUEVARA','A',NULL,'DEGRE',NULL,'0',''),(306796,'JEFETUR','PTAJUA','JORGE HUMBERTO','MONTEJANO','VAZQUEZ','2018-07-16 16:53:13','MONTEJANO','MONTEJANO','A',NULL,'DEGRE',NULL,'0',''),(306868,'RESPADMFIN','PTATIJ','ROSA IVETTE','LAMAS','HERNANDEZ','2018-07-16 16:53:13','LAMAS','LAMAS','A',NULL,'DEGRE',NULL,'0',''),(306944,'COMPRASR','DIRSUMLOG','JOSE','ARNAIZ','ALPIZAR','2018-07-16 16:53:13','ARNAIZ','ARNAIZ','A',NULL,'DEGRE',NULL,'0',''),(307042,'OPERADOR','PTAVJ','RUBEN','RIVERA','ORTIZ','2018-07-16 16:53:13','RIVERA','RIVERA','A',NULL,'DEGRE',NULL,'0',''),(307199,'SUPOPER','PTATIJ','GEOVANNI','PEÑA','NUÑEZ','2018-07-16 16:53:13','PEÑA','PEÑA','I',NULL,'DEGRE',NULL,'0',''),(307200,'OPERADOR','PTAVJ','EDUARDO','DE LA TORRE','MARTINEZ','2018-07-16 16:53:13','DE LA TORRE','DE LA TORRE','A',NULL,'DEGRE',NULL,'0',''),(307438,'RESPLAMTO','PTAJUA','LUIS DE JESUS','NAVA','CERVANTES','2018-07-16 17:43:59','LDJNAVA','LDJNAVA','A',NULL,'DEGRE',NULL,'0',''),(307441,'ELECTRICO','PTATIJ','JOSE CASIMIRO','AVILA','PEREZ','2018-07-16 16:53:13','AVILA','AVILA','A',NULL,'DEGRE',NULL,'0',''),(307442,'COOROPER','PTATIJ','JOSE FRANCISCO','BARRERAS','VEGA','2018-07-16 16:53:13','BARRERAS','BARRERAS','I',NULL,'DEGRE',NULL,'0',''),(307445,'RESPLAMTO','PTATIJ','JORGE ADRIAN','FAVELA','LEON','2018-07-16 16:53:13','FAVELA','FAVELA','I',NULL,'DEGRE',NULL,'0',''),(307944,'RESPSERGEN','SERGEN','SONIA GEORGINA','CAÑIZO','BUTRON','2018-07-16 16:53:13','SGCAÑIZO','SGCAÑIZO','I',NULL,'DEGRE',NULL,'0',''),(307955,'COORMTTO','PTASLP','LENNYN ANTONINO','CARMEN','RIVERA','2018-07-16 16:53:13','LACARMEN','LACARMEN','I',NULL,'DEGRE',NULL,'0',''),(307956,'RESPLAMTO','PTASLP','RAUL ALBERTO','GIL','MARTINEZ','2018-07-16 16:53:13','RAGIL','RGIL','I',NULL,'DEGRE',NULL,'0',''),(308005,'AUXMTTO','PTAJUA','RAYMUNDO CARLOS','LICONA','VAZQUEZ','2018-07-16 16:53:13','RCLICONA','RCLICONA','A',NULL,'DEGRE',NULL,'0',''),(308122,'COORMTTO','PTASLP','JUAN OMAR','CASTRO','VAZQUEZ','2018-07-16 16:53:13','JOCASTRO','JOCASTRO','I',NULL,'DEGRE',NULL,'0',''),(308229,'OPERADOR','PTATIJ','CARLOS RAUL','IRIGOYEN','MOJICA','2018-07-16 16:53:13','CRIRIGOYEN','CRIRIGOYEN','A',NULL,'DEGRE',NULL,'0',''),(308245,'INGRESPRO','DIROFER','MAXENCE PAUL LUCIEN','AFFRE','NULL','2018-07-16 16:53:13','MPLAFFRE','MPLAFFRE','I',NULL,'DEGRE',NULL,'0',''),(308665,'GERJUR','DIRJUR','ANA ALICIA','GOMEZ','NAJERA','2018-07-16 16:53:13','AAGOMEZ','AAGOMEZ','I',NULL,'DEGRE',NULL,'0',''),(308673,'CONTROLDOC','DIRPROD','PAMELA JOCELYN','BECERRIL','REYES','2018-07-16 16:53:13','PJBECERRIL','PJBECERRIL','A',NULL,'DEGRE',NULL,'0',''),(308794,'RESPSEG','DIRPROD','CARLOS JESUS','VEGA','MORALES','2018-07-16 16:53:13','CJVEGA','CJVEGA','A',NULL,'DEGRE',NULL,'0',''),(308795,'ANAIT','IT','JESUS ERNESTO','BADILLA','OCHOA','2018-07-16 16:53:13','JEBADILLA','JEBADILLA','A',NULL,'DEGRE',NULL,'0',''),(308797,'CONTRALOR','DIRFIN','JOKIN','MARTINEZ','PALACIO','2018-07-16 16:53:13','JMARTINEZP','JMARTINEZP','I',NULL,'DEGRE',NULL,'0',''),(308799,'COORCADP','DIRRRHH','ALDO','RIVERA','LEON','2018-07-16 16:53:13','ARIVERAL','ARIVERA','I',NULL,'DEGRE',NULL,'0',''),(308800,'ANAADMIN','DIRFIN','BELEM VICTORIA','VELAZQUEZ','OLVERA','2018-07-16 16:53:13','BVVELAZQUEZ','BVVELAZQUEZ','A',NULL,'DEGRE',NULL,'0',''),(308801,'INGRESPRO','DIRPROP','EMMANUEL','PEREZ','GUERRERO','2018-07-16 16:53:13','EPEREZG','EPEREZG','A',NULL,'DEGRE',NULL,'0',''),(308847,'OPERADOR','PTAJUA','JOSUE MANUEL','CARDONA','GOMEZ','2018-07-16 16:53:13','JMCARDONA','JMCARDONA','I',NULL,'DEGRE',NULL,'0',''),(308848,'OPERADOR','PTAJUA','ALFREDO','LUNA','HERNANDEZ','2018-07-16 16:53:13','ALUNAH','ALUNAH','A',NULL,'DEGRE',NULL,'0',''),(308914,'OPERADOR','PTATIJ','JOSE ANEL','GARCIA','PEREZ','2018-07-16 16:53:13','JAGARCIAP','JAGARCIAP','I',NULL,'DEGRE',NULL,'0',''),(308915,'COOROPER','PTATIJ','EMMA ESTHER','AGUILAR','LUCIO','2018-07-16 16:53:13','EEAGUILAR','EEAGUILAR','I',NULL,'DEGRE',NULL,'0',''),(308995,'AUXRH','DIRRRHH','ALEJANDRA','AGUILERA','RIVAS','2018-07-16 16:53:13','AAGUILERA','AAGUILERA','A',NULL,'DEGRE',NULL,'0',''),(308996,'ABOGADOJR','LEGCONGENM','DAVID NATANAEL','URBANO','MAYA','2018-07-16 16:53:13','DNURBANO','DNURBANO','A',NULL,'DEGRE',NULL,'0',''),(308997,'GERCOMSERV','DIRCOM','PEDRO ORLANDO','GUADARRAMA','MARTINEZ','2018-07-16 16:53:13','POGUADARRAMA','POGUADARRAMA','I',NULL,'DEGRE',NULL,'0',''),(309007,'OPERADOR','PTASLP','ISMAEL','CRUZ','SILVA','2018-07-16 16:53:13','ICRUZS','ICRUZS','A',NULL,'DEGRE',NULL,'0',''),(309087,'COOROPER','PTAJUA','JUAN PABLO','ZAMORA','GARCIA','2018-07-16 16:53:13','JPZAMORA','JPZAMORA','A',NULL,'DEGRE',NULL,'0',''),(309168,'CHOFERLODO','PTAJUA','RICARDO','DE LIRA','DE LA CRUZ','2018-07-16 16:53:13','RDELIRA','RDELIRA','I',NULL,'DEGRE',NULL,'0',''),(309178,'COMPRADJR','DIRSUMLOG','ESMERALDA','PEREZ','PEREZ','2018-07-16 16:53:13','EPEREZP','EPEREZP','A',NULL,'DEGRE',NULL,'0',''),(309732,'OPERADOR','PTAJUA','LUIS','POXTAN','VAZQUEZ','2018-07-16 16:53:13','LPOXTAN','LPOXTAN','A',NULL,'DEGRE',NULL,'0',''),(309733,'AUXADMON','PTAJUA','ALMA CRISTINA','JIMENEZ','AVILA','2018-07-16 17:43:59','ACJIMENEZA','ACJIMENEZA','A',NULL,'DEGRE',NULL,'0',''),(309734,'COORMTTO','PTAVJ','MARIO','MENDOZA','MARTINEZ','2018-07-16 16:53:13','MMENDOZA','MMENDOZA','I',NULL,'DEGRE',NULL,'0',''),(309962,'SITEMNGR','DIRPROD','MARTIN ANTONIO','CHAVEZ','ZUÑIGA','2018-07-16 16:53:13','MACHAVEZ','MACHAVEZ','I',NULL,'DEGRE',NULL,'0',''),(310340,'ANABOT','DIRCONC','CARLOS ANTONIO','HUERTA','TORRES','2018-07-16 16:53:13','CAHUERTA','CAHUERTA','A',NULL,'DEGRE',NULL,'0',''),(310341,'JEFEPROISO','PTAJUA','SAMUEL','LOPEZ','CHAVIRA','2018-07-16 16:53:13','SLOPEZCH','SLOPEZCH','A',NULL,'DEGRE',NULL,'0',''),(310420,'AUXADMON','PTATIJ','KARLA FABIOLA','ACOSTA','HERNANDEZ','2018-07-16 16:53:13','KFACOSTA','KFACOSTA','A',NULL,'DEGRE',NULL,'0',''),(310424,'INGRESPRJR','DIRPROP','CORDOVA SOLEIL','ORTIZ','DE ZARATE','2018-07-16 16:53:13','CSORTIZ','CSORTIZ','A',NULL,'DEGRE',NULL,'0',''),(310475,'ELECTRICO','PTAJUA','VICTOR SAMUEL','QUIÑONES','PRIEGO','2018-07-16 16:53:13','VSQUIÑONES','VSQUIÑONES','A',NULL,'DEGRE',NULL,'0',''),(310477,'CHOFER','PTAJUA','MAURO PILAR','AVILA','HERNANDEZ','2018-07-16 16:53:13','MPAVILA','MPAVILA','A',NULL,'DEGRE',NULL,'0',''),(310478,'CHOFER','PTAJUA','ALFREDO','DE LA ROCHA','DE LA ROCHA','2018-07-16 16:53:13','ADELAROCHA','ADELAROCHA','A',NULL,'DEGRE',NULL,'0',''),(310486,'COORLABCAL','PTASLP','ERIKA NATALIA','ALVAREZ','GUERRERO','2018-07-16 16:53:13','ENALVAREZ','ENALVAREZ','A',NULL,'DEGRE',NULL,'0',''),(310535,'PLANNCSR','DIRPROD','JOSE ANTONIO','GARCIA','TORIBIO','2018-07-16 16:53:13','JAGARCIAT','JAGARCIAT','A',NULL,'DEGRE',NULL,'0',''),(310538,'PROYECT','DIRING','IVAN','ANGEL','MARQUEZ','2018-07-16 16:53:13','IANGEL','IANGEL','A',NULL,'DEGRE',NULL,'0',''),(310539,'RESPCAL','DIRPROD','HENLLER HOVIERMA','HERNANDEZ','CENTENO','2018-07-16 16:53:13','HHHERNANDEZ','HHHERNANDEZ','A',NULL,'DEGRE',NULL,'0',''),(310551,'OPERADOR','PTATIJ','SERGIO FIDENCIO','CRUZ','GASTELUM','2018-07-16 16:53:13','SFCRUZ','SFCRUZ','A',NULL,'DEGRE',NULL,'0',''),(310598,'INGCOSTOS','DIRPROP','ALEJANDRO','GARCIA','CORRALES','2018-07-16 16:53:13','AGARCIAC','AGARCIAC','A',NULL,'DEGRE',NULL,'0',''),(310699,'ALMACENIST','PTAJUA','ROBERTO','IBARRA','TORRES','2018-07-16 16:53:13','RIBARRAT','RIBARRAT','A',NULL,'DEGRE',NULL,'0',''),(310700,'OPERADOR','PTAJUA','ORLANDO','GUTIERREZ','DURAN','2018-07-16 16:53:13','OGUTIERREZD','OGUTIERREZD','A',NULL,'DEGRE',NULL,'0',''),(310808,'COMPRASR','DIRSUMLOG','ALAN RUBEN','MOLINA','MARTINEZ','2018-07-16 16:53:13','ARMOLINA','ARMOLINA','A',NULL,'DEGRE',NULL,'0',''),(310878,'OPERADOR','PTATIJ','JUAN ALBERTO','PEÑA','GARCIA','2018-07-16 16:53:13','JAPEÑA','JAPEÑA','A',NULL,'DEGRE',NULL,'0',''),(310879,'OPERADOR','PTATIJ','FRANCISCO JAVIER','IRIGOYEN','LOYO','2018-07-16 16:53:13','FJIRIGOYEN','FJIRIGOYEN','A',NULL,'DEGRE',NULL,'0',''),(310880,'COMPRADOR','PTATIJ','ROBERTO','VEGA','LOAIZA','2018-07-16 16:53:13','RVEGAL','RVEGAL','A',NULL,'DEGRE',NULL,'0',''),(310894,'DIRADJUNTO','ASIMDIRGEN','FABRICE','BOUCHETELI',NULL,'2018-10-04 12:00:00','FBOUCHETELI','FBOUCHETELI','A','fboucheteli@asim.com','ASIM','SECOI','SECOI',''),(310970,'OPERADOR','PTAJUA','ISIDRO','RAMIREZ','ROSALES','2018-07-16 16:53:13','IRAMIREZR','IRAMIREZR','A',NULL,'DEGRE',NULL,'0',''),(311191,'INGRESPRO','DIRPROP','JUAN LUIS','RIOS','VAZQUEZ','2018-07-16 16:53:13','JLRIOS','JLRIOS','A',NULL,'DEGRE',NULL,'0',''),(311203,'MECANICO','PTATIJ','ANTONIO','LARA','VAZQUEZ','2018-07-16 16:53:13','ALARAV','ALARAV','A',NULL,'DEGRE',NULL,'0',''),(311275,'OPERADOR','PTACUL','JULIO CESAR','ARREDONDO','LEON','2018-07-16 16:53:13','JCARREDONDO','JCARREDONDO','A',NULL,'DEGRE',NULL,'0',''),(311278,'COOROPER','PTATIJ','NOEL FERNANDO','BARRAZA','CARRILLO','2018-07-16 16:53:13','NFBARRAZA','NFBARRAZA','A',NULL,'DEGRE',NULL,'0',''),(311300,'COORRRHH','PTAJUA','ADRIANA','GUTIERREZ','RODRIGUEZ','2018-07-16 12:00:00','AGUTIERREZ','AGUTIERREZ','A','adriana@','DEGRE',NULL,'0',''),(311301,'INGTECOM','DIROPER','AMAIRANY DANIELA','SANCHEZ','RODRIGUEZ','2018-07-16 16:53:13','ADSANCHEZ','ADSANCHEZ','A',NULL,'DEGRE',NULL,'0',''),(311325,'CORADMOBRA','DIRPROD','TEREZIE','KOUBOVA','NULL','2018-07-16 16:53:13','TKOUBOVA','KOUBOVA','A',NULL,'DEGRE',NULL,'0',''),(311389,'INGREFACC','DIRPROD','MARTHA EDITH','GARCIA','GARCIA','2018-07-16 16:53:13','MEGARCIA','MEGARCIA','I',NULL,'DEGRE',NULL,'0',''),(311394,'ENCMTTO','OMMINMEX','EDGAR','RAMOS','LIMON','2018-07-16 16:53:13','ERAMOSL','ERAMOSL','I',NULL,'DEGRE',NULL,'0',''),(311404,'QUIMICO','OMMINMEX','MIRTA YOLANDA','BRICEÑO','ALMAZAN','2018-07-16 16:53:13','MYBRICEÑO','MYBRICEÑO','I',NULL,'DEGRE',NULL,'0',''),(311412,'CHOFERLODO','PTAJUA','NOLBERTO','SANTOS','BERNAL','2018-07-16 16:53:13','NSANTOS','NSANTOS','A',NULL,'DEGRE',NULL,'0',''),(311413,'ALMACENIST','PTACUL','ANTONIO DE JESUS','ZAVALA','RODRIGUEZ','2018-07-16 16:53:13','ADJZAVALA','ADJZAVALA','A',NULL,'DEGRE',NULL,'0',''),(311414,'AUXMEC','PTACUL','RIGOBERTO','VARGAS','JIMENEZ','2018-07-16 16:53:13','RVARGAS','RVARGAS','A',NULL,'DEGRE',NULL,'0',''),(311415,'OPERADOR','PTACUL','JOSE TOMAS','GONZALEZ','GAXIOLA','2018-07-16 16:53:13','JTGONZALEZ','JTGONZALEZ','A',NULL,'DEGRE',NULL,'0',''),(311487,'AUXELECMEC','PTAVJ','ARTURO','MUCIÑO','ROGEL','2018-07-16 16:53:13','AMUCIÑO','AMUCIÑO','A',NULL,'DEGRE',NULL,'0',''),(311490,'LABORAT','PTACUL','YAJAIRA GUADALUPE','LUGO','MERAZ','2018-07-16 16:53:13','YGLUGO','YGLUGO','A',NULL,'DEGRE',NULL,'0',''),(311502,'RESPADMFIN','DIRFIN','DORIS DAMARIS','ANDAUR','CHAPARRO','2018-07-16 16:53:13','DDANDAUR','DDANDAUR','A',NULL,'DEGRE',NULL,'0',''),(311511,'AUXELECT','PTAVJ','EDWIN OMAR','VALDIVIEZO','BAUTISTA','2018-07-16 16:53:13','EOVALDIVIEZO','EOVALDIVIEZO','A',NULL,'DEGRE',NULL,'0',''),(311515,'SUBCOOROPE','PTASLP','RENE DAMIAN','CASTILLO','ROSAS','2018-07-16 16:53:13','RDCASTILLO','RDCASTILLO','I',NULL,'DEGRE',NULL,'0',''),(311516,'MECANICO','PTAVJ','ANTONIO','BARRAZA','MARTINEZ','2018-07-16 16:53:13','ABARRAZAM','ABARRAZAM','A',NULL,'DEGRE',NULL,'0',''),(311556,'SUPPLYCPM','DIRSUMLOG','ARTURO','RODRIGUEZ','JIMENEZ','2018-07-16 16:53:13','ARODRIGUEZJ','ARODRIGUEZJ','A',NULL,'DEGRE',NULL,'0',''),(311586,'OPERADOR','PTAJUA','URIEL','ALDANA','FABIAN','2018-07-16 16:53:13','UALDANA','UALDANA','A',NULL,'DEGRE',NULL,'0',''),(311587,'MECANICO','PTAJUA','CECILIO','SIFUENTES','REZA','2018-07-16 16:53:13','CSIFUENTES','CSIFUENTES','A',NULL,'DEGRE',NULL,'0',''),(311588,'CHOFERLODO','PTAJUA','CARLOS','VERA','CABRERA','2018-07-16 16:53:13','CVERAC','CVERAC','A',NULL,'DEGRE',NULL,'0',''),(311619,'REGADOR','OMPTATANGA','BENJAMIN','AGUILAR','FLORES','2018-07-16 16:53:13','BAGUILARF','BAGUILARF','A',NULL,'DEGRE',NULL,'0',''),(311621,'TECMTTORGO','OMPTATANGA','JUAN','ALVAREZ','RICO','2018-07-16 16:53:13','JALVAREZR','JALVAREZR','A',NULL,'DEGRE',NULL,'0',''),(311622,'OPERADOR','PTASLTANTR','IVAN','ARAUJO','RODRIGUEZ','2018-07-16 17:39:54','IARAUJO','IARAUJO','A',NULL,'DEGRE',NULL,'0',''),(311623,'REGADOR','OMPTATANGA','JUAN MANUEL','ARRIAGA','MENDOZA','2018-07-16 16:53:13','JMARRIAGA','JMARRIAGA','I',NULL,'DEGRE',NULL,'0',''),(311624,'TECRIEGO','OMPTATANGA','MICHELL DE JESUS','BANDA','MONSIVAIS','2018-07-16 16:53:13','MDJBANDA','MDJBANDA','A',NULL,'DEGRE',NULL,'0',''),(311627,'TECRIEGO','OMPTATANGA','MARCO ANTONIO','ESCOBAR','MARTINEZ','2018-07-16 16:53:13','MAESCOBAR','MAESCOBAR','A',NULL,'DEGRE',NULL,'0',''),(311628,'REGADOR','OMPTATANGA','ANDRES','ESTALA','TOVAR','2018-07-16 16:53:13','AESTALA','AESTALA','A',NULL,'DEGRE',NULL,'0',''),(311641,'OPERADOR','PTASLTANTR','JOSE LUIS','GALLEGOS','BANDA','2018-07-16 17:39:54','JLGALLEGOS','JLGALLEGOS','A',NULL,'DEGRE',NULL,'0',''),(311642,'JEFETUR','PTASLTANTR','RUBEN','GALICIA','RODRIGUEZ','2018-07-16 17:39:54','RGALICIA','RGALICIA','A',NULL,'DEGRE',NULL,'0',''),(311644,'OPERADOR','PTASLTANTR','EDUARDO ABEL','HERNANDEZ','APARICIO','2018-07-16 17:39:54','EAHERNANDEZ','EAHERNANDEZ','A',NULL,'DEGRE',NULL,'0',''),(311645,'REGADOR','OMPTATANGA','RODOLFO','HERNANDEZ','MARTINEZ','2018-07-16 16:53:14','RHERNANDEZM','RHERNANDEZM','I',NULL,'DEGRE',NULL,'0',''),(311646,'COORSISRGO','OMPTATANGA','JOSE ALEJANDRO','LARA','MUÑIZ','2018-07-16 16:53:14','JALARAM','JALARAM','A',NULL,'DEGRE',NULL,'0',''),(311647,'TECRIEGO','OMPTATANGA','ABEL','LLANAS','PEREZ','2018-07-16 16:53:14','ALLANAS','ALLANAS','A',NULL,'DEGRE',NULL,'0',''),(311649,'AUXELECT','OMPTATANGA','JUAN EDUARDO','MARTINEZ','CISNEROS','2018-07-16 16:53:14','JEMARTINEZC','JRMARTINEZC','I',NULL,'DEGRE',NULL,'0',''),(311650,'ANALAB','PTASLP','SANDY','MARTINEZ','GONZALEZ','2018-07-16 17:39:54','SMARTINEZG','SMARTINEZG','A',NULL,'DEGRE',NULL,'0',''),(311651,'OPERADOR','PTASLTANTR','LEONARDO','MARTINEZ','SANCHEZ','2018-07-16 17:39:54','LMARTINEZS','LMARTINEZS','A',NULL,'DEGRE',NULL,'0',''),(311652,'REGADOR','OMPTATANGA','MIGUEL','MARTINEZ','ZANATA','2018-07-16 16:53:14','MMARTINEZZ','MMARTINEZZ','I',NULL,'DEGRE',NULL,'0',''),(311653,'AUXELECT','PTASLP','JORGE ROBERTO','MEDINA','GARCIA','2018-07-16 16:53:14','JRMEDINA','JRMEDINA','A',NULL,'DEGRE',NULL,'0',''),(311654,'REGADOR','OMPTATANGA','ANTONIO','MORENO','BLANCO','2018-07-16 16:53:14','AMORENOB','AMORENOB','A',NULL,'DEGRE',NULL,'0',''),(311655,'AUXRH','PTASLP','LESLIE ARELY','MUÑOZ','TREJO','2018-07-16 16:53:14','LAMUÑOZ','LAMUÑOZ','A',NULL,'DEGRE',NULL,'0',''),(311656,'SUPSITRGO','OMPTATANGA','HERIBERTO','ORTIZ','PEREZ','2018-07-16 16:53:14','HORTIZP','HORTIZP','A',NULL,'DEGRE',NULL,'0',''),(311657,'OPERADOR','PTASLTANTR','JUAN CARLOS','REBOLLOSO','MORENO','2018-07-16 17:39:54','JCREBOLLOSO','JCREBOLLOSO','A',NULL,'DEGRE',NULL,'0',''),(311658,'AUXTECMRGO','OMPTATANGA','HECTOR ANTONIO','RIOS','RUIZ','2018-07-16 16:53:14','HARIOS','HARIOS','A',NULL,'DEGRE',NULL,'0',''),(311659,'REGADOR','OMPTATANGA','PEDRO','RODRIGUEZ','AGUNDIZ','2018-07-16 16:53:14','PRODRIGUEZA','PRODRIGUEZA','I',NULL,'DEGRE',NULL,'0',''),(311660,'OPERADOR','PTASLTANTR','LUIS ALBERTO','RODRIGUEZ','DE LA CRUZ','2018-07-16 17:39:54','LARODRIGUEZ','LARODRIGUEZ','A',NULL,'DEGRE',NULL,'0',''),(311661,'TECRIEGO','OMPTATANGA','JUAN ANTONIO','RODRIGUEZ','LOPEZ','2018-07-16 17:04:10','JARODRIGUEZL','JARODRIGUEZL','A',NULL,'DEGRE',NULL,'0',''),(311664,'COORMTTO','PTASLTANTR','RICARDO','ROSAS','LEYVA','2018-07-16 17:39:54','RROSASL','RROSASL','I',NULL,'DEGRE',NULL,'0',''),(311665,'OPERADOR','PTASLTANTR','JUAN MANUEL','SMITH','RANGEL','2018-07-16 17:39:54','JMSMITH','JMSMITH','A',NULL,'DEGRE',NULL,'0',''),(311667,'REGADOR','OMPTATANGA','ARNULFO','TORRES','MENDOZA','2018-07-16 16:53:14','ATORRES','ATORRES','A',NULL,'DEGRE',NULL,'0',''),(311668,'TECRIEGO','OMPTATANGA','ANSELMO','VAZQUEZ','JACOBO','2018-07-16 16:53:14','AVAZQUEZJ','AVAZQUEZJ','A',NULL,'DEGRE',NULL,'0',''),(311669,'OPERADOR','PTASLTANTR','JOSE EMMANUEL','VELEZ','BARRAGAN','2018-07-16 17:39:54','JEVELEZ','JEVELEZ','A',NULL,'DEGRE',NULL,'0',''),(311670,'OPERADOR','PTASLTANTR','JUAN MANUEL','VILLANUEVA','GOMEZ','2018-07-16 17:39:54','JMVILLANUEVA','JMVILLANUEVA','A',NULL,'DEGRE',NULL,'0',''),(311671,'ELECTRICO','PTACUL','CARLOS AZARIEL','GONZALEZ','ZAMORA','2018-07-16 16:53:14','CAGONZALEZ','CAGONZALEZ','A',NULL,'DEGRE',NULL,'0',''),(311677,'OPERADOR','PTASLTANTR','JESUS ADRIAN','DUEÑAS','SANCHEZ','2018-07-16 17:39:54','JADUEÑAS','JADUEÑAS','A',NULL,'DEGRE',NULL,'0',''),(311678,'REGADOR','OMPTATANGA','MARTIN','PALACIOS','TORRES','2018-07-16 16:53:14','MPALACIOS','MPALACIOS','A',NULL,'DEGRE',NULL,'0',''),(311679,'OPERADOR','PTASLTANTR','JUAN JOEL','PILOTO','MARTINEZ','2018-07-16 17:39:54','JJPILOTO','JJPILOTO','A',NULL,'DEGRE',NULL,'0',''),(311683,'AUXTECMRGO','OMPTATANGA','ALBERTO','NAVA','GARCIA','2018-07-16 16:53:14','ANAVAG','ANAVAG','A',NULL,'DEGRE',NULL,'0',''),(311695,'ANAIT','IT','RAFAEL','AYALA','MUÑOZ','2018-07-16 16:53:14','RAYALAM','RAYALAM','A',NULL,'DEGRE',NULL,'0',''),(311698,'OPERADOR','PTATIJ','ULISES','MOJICA','MORENO','2018-07-16 16:53:14','UMOJICA','UMOJICA','I',NULL,'DEGRE',NULL,'0',''),(311726,'LABORAT','PTATIJ','CYNTHIA NEREIDA','CRUZ','MALDONADO','2018-07-16 16:53:14','CNCRUZ','CNCRUZ','A',NULL,'DEGRE',NULL,'0',''),(311727,'OPERADOR','PTASLP','OMAR ISRAEL','AGUILAR','RODRIGUEZ','2018-07-16 16:53:14','OIAGUILAR','OIAGUILAR','A',NULL,'DEGRE',NULL,'0',''),(311728,'REGADOR','OMPTATANGA','FRANCISCO','BARAJAS','GONZALEZ','2018-07-16 16:53:14','FBARAJAS','FBARAJAS','A',NULL,'DEGRE',NULL,'0',''),(311748,'AUXMEC','PTAJUA','GERARDO','LUIS','VASQUEZ','2018-07-16 16:53:14','GLUIS','GLUIS','A',NULL,'DEGRE',NULL,'0',''),(311759,'CHOFERLODO','PTAJUA','RAUL','RIVAS','SILVA','2018-07-16 16:53:14','RRIVASS','RRIVASS','I',NULL,'DEGRE',NULL,'0',''),(311761,'CHOFERLODO','PTAJUA','JUAN MARTIN','GAONA','PEREZ','2018-07-16 16:53:14','JMGAONA','JMGAONA','I',NULL,'DEGRE',NULL,'0',''),(311762,'AUXSEGMA','PTAJUA','BENJAMIN','JARAMILLO','LIMONES','2018-07-16 16:53:14','BJARAMILLO','BJARAMILLO','A',NULL,'DEGRE',NULL,'0',''),(311782,'COORSEGMA','PTAJUA','JUAN YUNUEL','CHAVARRIA','MUÑOZ','2018-07-16 16:53:14','JYCHAVARRIA','JYCHAVARRIA','A',NULL,'DEGRE',NULL,'0',''),(311786,'OPERADOR','PTASLP','NOE','HERNANDEZ','CRUZ','2018-07-16 16:53:14','NHERNANDEZC','NHERNANDEZC','A',NULL,'DEGRE',NULL,'0',''),(311788,'OPERADOR','PTASLP','ENRIQUE','MONTES','CARDENAS','2018-07-16 16:53:14','EMONTES','EMONTES','A',NULL,'DEGRE',NULL,'0',''),(311789,'OPERADOR','PTASLTANTR','ASAEL ISRAEL','YAÑES','HERNANDEZ','2018-07-16 17:39:54','IYAÑES','IYAÑES','A',NULL,'DEGRE',NULL,'0',''),(311814,'COORCONT','DIRFIN','ADRIAN','ALVAREZ','VERA','2018-07-16 16:53:14','AALVAREZV','AALVAREZV','A',NULL,'DEGRE',NULL,'0',''),(311815,'OPERADOR','PTAJUA','GABINO','ORTEGA','RANGEL','2018-07-16 16:53:14','GORTEGA','GORTEGA','I',NULL,'DEGRE',NULL,'0',''),(311834,'HRBPD&B','DIRRRHH','ADRIANA','GONZALEZ','RODRIGUEZ','2018-07-16 17:43:59','AGONZALEZR','AGONZALEZR','A',NULL,'DEGRE',NULL,'0',''),(311835,'AUXNOM','DIRRRHH','ALMA GABRIELA','TREJO','CAMACHO','2018-07-16 16:53:14','AGTREJO','AGTREJO','A',NULL,'DEGRE',NULL,'0',''),(311836,'ALMACENIST','PTASLP','ISRAEL ALEJANDRO','RODRIGUEZ','PEREZ','2018-07-16 16:53:14','IARODRIGUEZ','IARODRIGUEZ','A',NULL,'DEGRE',NULL,'0',''),(311882,'OPERADOR','PTATIJ','ALEJANDRO','SALAS','RODRIGUEZ','2018-11-20 00:00:00',NULL,NULL,'A',NULL,'DEGRE',NULL,NULL,''),(311932,'ELECTRICO','PTATIJ','ABRAHAM BERNARDO','SALAS','OLIVARES','2018-07-16 16:53:14','ABSALAS','ABSALAS','A',NULL,'DEGRE',NULL,'0',''),(311944,'OPERADOR','PTAJUA','LUIS ERNESTO','PAZ','HERRERA','2018-07-16 16:53:14','LEPAZ','LEPAZ','A',NULL,'DEGRE',NULL,'0',''),(311946,'OPERADOR','PTAJUA','JOSE MANUEL','ESCOBAR','DE AQUINO','2018-07-16 16:53:14','JMESCOBAR','JMESCOBAR','A',NULL,'DEGRE',NULL,'0',''),(311987,'RESPLAMTO','PTASLP','YADIRA ELIZABETH','VELAZQUEZ','MORENO','2018-07-16 16:53:14','YEVELAZQUEZ','YEVELAZQUEZ','I',NULL,'DEGRE',NULL,'0',''),(312022,'SUPPLYCPM','DIRSUMLOG','JOSE DE JESUS','FRAGOSO','CASTILLO','2018-07-16 16:53:14','JJFRAGOSO','JJFRAGOSO','A',NULL,'DEGRE',NULL,'0',''),(312048,'ASISDIR','DIRGENSUEZ','ANA LAURA','BARRAGAN','GARCIA','2018-07-16 16:53:14','ALBARRAGAN','ALBARRAGAN','A',NULL,'DEGRE',NULL,'0',''),(312090,'OPERADOR','PTAJUA','VICTOR','SANCHEZ','LOPEZ','2018-07-16 16:53:14','VSANCHEZL','VSANCHEZL','A',NULL,'DEGRE',NULL,'0',''),(312092,'REGADOR','OMPTATANGA','JULIAN','HERNANDEZ','VAZQUEZ','2018-07-16 16:53:14','JHERNANDEZV','JHERNANDEZV','A',NULL,'DEGRE',NULL,'0',''),(312109,'ANALAB','PTASLTANTR','FRANCISCO JAVIER','POZOS','MONSIVAIS','2018-07-16 17:39:54','FJPOZOS','FJPOZOS','I',NULL,'DEGRE',NULL,'0',''),(312125,'OPERADOR','PTAJUA','ABRAHAM','MEZA','MORENO','2018-07-16 16:53:14','AMEZAM','AMEZAM','A',NULL,'DEGRE',NULL,'0',''),(312133,'ANACALSGMA','SEGURIDAD','ABRAHAM','MORALES','CALZADA','2018-07-16 16:53:14','AMORALESC','AMORALESC','A',NULL,'DEGRE',NULL,'0',''),(312134,'COORCOMMK','DIRCOM','MARIANA','MORENO','MORENO','2018-07-16 16:53:14','MMORENOM','MMORENOM','I',NULL,'DEGRE',NULL,'0',''),(312137,'COORMTTO','PTASLTANTR','LUIS ANGEL','MARTINEZ',NULL,'2018-07-16 17:39:54','LAMARTINEZ','LAMARTINEZ','A',NULL,'DEGRE',NULL,'0',''),(312138,'JEFEMTTO','PTASLP','OMAR ADRIAN','NIETO','RODRIGUEZ','2018-07-16 16:53:14','OANIETO','OANIETO','A',NULL,'DEGRE',NULL,'0',''),(312139,'COORCALOML','PTAJUA','SALVADOR','AMAYO','CASTILLO','2018-07-16 16:53:14','SAMAYOC','SAMAYOC','A',NULL,'DEGRE',NULL,'0',''),(312141,'TECELECT','PTASLTANTR','ENRIQUE','PEREZ','RODRIGUEZ','2018-07-16 17:39:54','EPEREZR','EPEREZR','A',NULL,'DEGRE',NULL,'0',''),(312162,'COOROPER','PTATIJ','JORGE ALAN','CARBAJAL','ENGUILO','2018-07-16 16:53:14','JACARBAJAL','JACARBAJAL','A',NULL,'DEGRE',NULL,'0',''),(312189,'RESPSERGEN','SERGENS86','MARIANA','ROMERO','MARTINEZ','2018-07-16 16:53:14','MROMEROM','MROMEROM','A',NULL,'DEGRE',NULL,'0',''),(312190,'OPERPTA','PTASLTANTA','ARMANDO ARTURO','BAEZ','FUENTES','2018-07-16 17:39:54','AABAEZ','AABAEZ','I',NULL,'DEGRE',NULL,'0',''),(312202,'OPERADOR','PTACUL','JORGE LUIS','ZAVALA','BAÑUELOS','2018-07-16 16:53:14','JLZAVALA','JLZAVALA','A',NULL,'DEGRE',NULL,'0',''),(312203,'OPERADOR','PTAJUA','FREDY','DELGADO','ZARATE','2018-07-16 16:53:14','FDELGADO','FDELGADO','A',NULL,'DEGRE',NULL,'0',''),(312259,'ELECTRICO','PTACUL','MIGUEL ANGEL','GARCIA','ALEMAN','2018-07-16 16:53:14','MAGARCIA','MAGARCIA','A',NULL,'DEGRE',NULL,'0',''),(312260,'AUXGRAL','PTASLP','GUSTAVO ADOLFO','GONZALEZ','CASTILLO','2018-07-16 16:53:14','GAGONZALEZ','GAGONZALEZ','A',NULL,'DEGRE',NULL,'0',''),(312282,'MECANICO','PTASLP','PABLO','CORONADO','PEREZ','2018-07-16 16:53:14','PCORONADO','PCORONADO','A',NULL,'DEGRE',NULL,'0',''),(312283,'AUXMEC','PTASLP','OSCAR DE JESUS','CARDONA','CORPUS','2018-07-16 16:53:14','ODJCARDONA','ODJCARDONA','I',NULL,'DEGRE',NULL,'0',''),(312289,'COORMTTO','PTASLP','ISAAC','MARTINEZ','SANCHEZ','2018-07-16 16:53:14','IMARTINEZS','IMARTINEZS','A',NULL,'DEGRE',NULL,'0',''),(312416,'OPERADOR','PTASLTANTR','ESPERANZA','ESCOBEDO','VALERO','2018-07-16 17:39:54','EESCOBEDOV','EESCOBEDOV','A',NULL,'DEGRE',NULL,'0',''),(312420,'AUXELECT','PTATIJ','JESUS ANDRES','COVARRUBIAS','CHAVEZ','2018-07-16 16:53:14','JACOVARRUBIAS','JACOVARRUBIAS','A',NULL,'DEGRE',NULL,'0',''),(312422,'OPERADOR','PTATIJ','CESAR ANTONIO','BENITEZ','NAVARRETE','2018-07-16 16:53:14','CABENITEZ','CABENITEZ','A',NULL,'DEGRE',NULL,'0',''),(312423,'OPERADOR','PTATIJ','DANIEL','REYES','GAYTAN','2018-07-16 16:53:14','DREYESG','DREYESG','A',NULL,'DEGRE',NULL,'0',''),(312424,'OPERADOR','PTATIJ','LUIS ALBERTO','CALZADA','HERNANDEZ','2018-07-16 16:53:14','ACALZADAH','ACALZADAH','A',NULL,'DEGRE',NULL,'0',''),(312546,'AUXRH','DIRRRHH','ALICIA','CASTRO','MORA','2018-07-16 16:53:14','ACASTROM','ACASTROM','A',NULL,'DEGRE',NULL,'0',''),(312547,'COMPRAOM','DIRSUMLOG','MONICA','MENESES','CHAGOYA','2018-07-16 16:53:14','MMENESES','MMENESES','A',NULL,'DEGRE',NULL,'0',''),(312549,'ASISCOMP','DIRSUMLOG','LETICIA','GUZMAN','TAMAYO','2018-07-16 16:53:14','LGUZMANT','LGUZMANT','A',NULL,'DEGRE',NULL,'0',''),(312550,'OPERADOR','PTACUL','JAZIEL JAIR','VEGA','AVENDAÑO','2018-07-16 16:53:14','JJVEGA','JJVEGA','A',NULL,'DEGRE',NULL,'0',''),(312552,'OPERADOR','PTATIJ','ABEL','LEAL','FLORES','2018-07-16 16:53:14','ALEALF','ALEALF','A',NULL,'DEGRE',NULL,'0',''),(312577,'INSTRUM','PTAJUA','ADAN','MARTINEZ','SANTOS','2018-07-16 16:53:14','AMARTINEZS','AMARTINEZS','A',NULL,'DEGRE',NULL,'0',''),(312596,'AUXADMON','PTASLTANTR','NAYELI GUADALUPE','ARRIAGA','RIVERA','2018-07-16 17:39:54','NGARRIAGA','NGARRIAGA','I',NULL,'DEGRE',NULL,'0',''),(312605,'ANACTAPAG','DIRFIN','MONICA','ESPINOSA','PRADO','2018-07-16 16:53:14','MESPINOSAP','MESPINOSAP','A',NULL,'DEGRE',NULL,'0',''),(312623,'REGADOR','OMPTATANGA','JOSE ALEJANDRO','LUCIO','VELAZQUEZ','2018-07-16 16:53:14','JALUCIO','JALUCIO','I',NULL,'DEGRE',NULL,'0',''),(312624,'OPERADORA','PTASLTANTR','YESENIA','LOPEZ','JUAREZ','2018-07-16 17:39:54','YLOPEZJ','YLOPEZJ','A',NULL,'DEGRE',NULL,'0',''),(312625,'REGADOR','OMPTATANGA','FRANCISCO JAVIER','MARTINEZ','ESCOBAR','2018-07-16 16:53:14','FJMARTINEZE','FJMARTINEZE','A',NULL,'DEGRE',NULL,'0',''),(312626,'TECSEGMAMB','OMPTATANGA','EDUARDO MISAEL','JUAREZ','CARRANZA','2018-07-16 16:53:14','EMJUAREZ','EMJUAREZ','I',NULL,'DEGRE',NULL,'0',''),(312678,'ASIINGPM','DIRPROD','DANIEL','MIRELES','BRAVO','2018-07-16 16:53:14','DMIRELES','DMIRELES','A',NULL,'DEGRE',NULL,'0',''),(312681,'RESPPLMTO','PTATIJ','RAQUEL','OCAÑA','MORALES','2018-07-16 16:53:14','ROCAÑA','ROCAÑA','A',NULL,'DEGRE',NULL,'0',''),(312703,'RESPPLMTO','PTASLP','KATIA BERENICE','PUEBLA','CORPUS','2018-07-16 16:53:14','KBPUEBLA','KBPUEBLA','A',NULL,'DEGRE',NULL,'0',''),(312704,'OPERADOR','OMPTATANGA','J.GUADALUPE','VAZQUEZ','JACOBO','2018-07-16 16:53:14','JGVAZQUEZ','JGVAZQUEZ','A',NULL,'DEGRE',NULL,'0',''),(312706,'INSTRUM','PTASLP','JUAN','RODRIGUEZ','SANTOS','2018-07-16 16:53:14','JRODRIGUEZS','JRODRIGUEZS','I',NULL,'DEGRE',NULL,'0',''),(312709,'RECEPC','SERGENS86','MARIA FERNANDA','CHAVARRIA','SENTIES','2018-07-16 16:53:14','MFCHAVARRIA','MFCHAVARRIA','A',NULL,'DEGRE',NULL,'0',''),(312719,'RESPPLMTO','PTAJUA','JOSE ANTONIO','GRADO','DIAZ','2018-07-16 16:53:14','JAGRADO','JAGRADO','A',NULL,'DEGRE',NULL,'0',''),(312730,'OPERADOR','PTATIJ','CARLOS ALBERTO','GUZMAN','SALAS','2018-07-16 16:53:14','CAGUZMAN','CAGUZMAN','I',NULL,'DEGRE',NULL,'0',''),(312748,'AUXMTTO','PTAJUA','MARIO ENRIQUE','BURCIAGA','VASQUEZ','2018-07-16 16:53:14','MBURCIAGA','MEBURCIAGA','A',NULL,'DEGRE',NULL,'0',''),(312749,'AUXMTTO','PTAJUA','CRISTIAN GUILLERMO','MARTINEZ','ESQUIVEL','2018-07-16 16:53:14','CGMARTINEZ','CGMARTINEZ','A',NULL,'DEGRE',NULL,'0',''),(312750,'AUXMTTO','OMPTATANGA','JUAN CARLOS','ROSAS','LOPEZ','2018-07-16 16:53:14','JCROSASL','JCROSASL','A',NULL,'DEGRE',NULL,'0',''),(312785,'ANAFISR','DIRFIN','TANIA','SALINAS','RUIZ','2018-07-16 16:53:14','TSALINASR','TSALINASR','A',NULL,'DEGRE',NULL,'0',''),(312786,'CHOFERLODO','PTAJUA','TEODORO','GALVEZ','OCAÑA','2018-07-16 16:53:14','TGALVEZO','TGALVEZO','I',NULL,'DEGRE',NULL,'0',''),(312788,'JEFERH','PTASLP','MARIA ROCIO','FRIAS','MENDOZA','2018-07-16 16:53:14','MRFRIAS','MRFRIAS','A',NULL,'DEGRE',NULL,'0',''),(312790,'OPERADOR','PTATIJ','MAURO','SALGADO','GUERRERO','2018-07-16 16:53:14','MSALGADOG','MSALGADOG','A',NULL,'DEGRE',NULL,'0',''),(312791,'OPERADOR','PTATIJ','JORGE GUILLERMO','AVILES','BARRANCAS','2018-07-16 16:53:14','JGAVILES','JGAVILES','A',NULL,'DEGRE',NULL,'0',''),(312810,'CHOFERLODO','PTAJUA','LUIS ERNESTO','AVILA','RUBIO','2018-07-16 16:53:14','LEAVILAR','LEAVILAR','I',NULL,'DEGRE',NULL,'0',''),(312811,'REGADOR','OMPTATANGA','ALEJANDRO','HERNANDEZ','BAUTISTA','2018-07-16 16:53:14','AHERNANDEZB','AHERNANDEZB','I',NULL,'DEGRE',NULL,'0',''),(312812,'OPERADOR','OMPTATANGA','JOSE REFUGIO','MATA','SUSTAITA','2018-07-16 16:53:14','JRMATA','JRMATA','I',NULL,'DEGRE',NULL,'0',''),(312813,'TECSEGMAMB','PTASLP','AKETZALI','MARTINEZ','DE LEON','2018-07-16 16:53:14','AMARTINEZDL','AMARTINEZDL','A',NULL,'DEGRE',NULL,'0',''),(312814,'AUXELECT','PTATIJ','JORGE','TORRES','MARTINEZ','2018-07-16 16:53:14','JTORRESM','JTORRESM','I',NULL,'DEGRE',NULL,'0',''),(312841,'INGREPPMJR','DIRPROD','ROGELIO','CRUZ','AVILA','2018-07-16 16:53:14','RCRUZA','RCRUZA','A',NULL,'DEGRE',NULL,'0',''),(312843,'OPERADOR','PTACUL','EMILIO','ARMENTA','MONTOYA','2018-07-16 16:53:14','EARMENTA','EARMENTA','A',NULL,'DEGRE',NULL,'0',''),(312844,'MECANICO','PTAJUA','IGNACIO','MENDEZ','ANGULO','2018-07-16 16:53:14','IMENDEZ','IMENDEZ','A',NULL,'DEGRE',NULL,'0',''),(312870,'COORSUM','DIRSUMLOG','MARICELA','GUTIERREZ','REYES','2018-07-16 17:39:54','MGUTIERREZR','MGUTIERREZR','A',NULL,'DEGRE',NULL,'0',''),(312871,'AUXRECEP','SERGENS86','ALEJANDRA SUSANA','PLATA','PLUMA','2018-07-16 16:53:14','ASPLATA','ASPLATA','A',NULL,'DEGRE',NULL,'0',''),(312921,'HRBPTALCUL','DIRRRHH','CLAUDIA VALERIA','ALDANA','RUIZ','2018-07-16 16:53:14','CVALDANA','CVALDANA','A',NULL,'DEGRE',NULL,'0',''),(312925,'OPERADOR','PTATIJ','PABLO','ANTONIO','PEREZ','2018-07-16 16:53:14','PANTONIO','PANTONIO','A',NULL,'DEGRE',NULL,'0',''),(312936,'CHOFERLODO','PTAVJ','MAYTWON','LEON','GUZMAN','2018-07-16 16:53:14','MLEONG','MLEONG','A',NULL,'DEGRE',NULL,'0',''),(312937,'CHOFERLODO','PTAVJ','WUILEBALDO','ORTIZ','RIVERA','2018-07-16 16:53:14','WORTIZ','WORTIZ','A',NULL,'DEGRE',NULL,'0',''),(312964,'OPERADOR','PTAVJ','LEE','HERRERA','SIGALA','2018-07-16 16:53:14','LHERRERAS','LHERRERAS','A',NULL,'DEGRE',NULL,'0',''),(312965,'INGPROC','PTAJUA','ITZEL JUDITH','MATA','GALLEGOS','2018-07-16 16:53:14','IJMATA','IJMATA','A',NULL,'DEGRE',NULL,'0',''),(312970,'REGADOR','OMPTATANGA','GUSTAVO','DAVILA','ALONSO','2018-07-16 16:53:14','GDAVILA','GDAVILA','A',NULL,'DEGRE',NULL,'0',''),(312971,'AUXMTTO','PTAJUA','BRAYAN JASIEL','ROMERO','RUBIO','2018-07-16 16:53:14','BJROMERO','BJROMERO','A',NULL,'DEGRE',NULL,'0',''),(312972,'OPERADOR','PTAVJ','JORGE RAMON','GUZMAN','ALEMAN','2018-07-16 16:53:14','JRGUZMAN','JRGUZMAN','A',NULL,'DEGRE',NULL,'0',''),(312983,'OPERADOR','OMPTATANGA','MARIA DEL ROSARIO','SALDAÑA','PALMARES','2018-07-16 16:53:14','MDRSALDAÑA','MDRSALDAÑA','I',NULL,'DEGRE',NULL,'0',''),(312984,'REGADOR','OMPTATANGA','LUIS ARMANDO','GALLARDO','GARCIA','2018-07-16 16:53:14','LAGALLARDO','LAGALLARDO','I',NULL,'DEGRE',NULL,'0',''),(312985,'REGADOR','OMPTATANGA','LUIS ALBERTO','PONCE','DELGADO','2018-07-16 16:53:14','LAPONCE','LAPONCE','I',NULL,'DEGRE',NULL,'0',''),(312986,'OPERADOR','PTACUL','DANIEL','AISPURO','ANGULO','2018-07-16 16:53:15','DAISPURO','DAISPURO','I',NULL,'DEGRE',NULL,'0',''),(312987,'OPERADOR','PTATIJ','REY DAVID','JIMENEZ','TAKEUCHI','2018-07-16 16:53:15','RDJIMENEZ','RDJIMENEZ','I',NULL,'DEGRE',NULL,'0',''),(313045,'OPERADOR','OMPTATANGA','JUAN JOSE','AVILA','CERVANTES','2018-07-16 16:53:15','JJAVILAC','JJAVILAC','A',NULL,'DEGRE',NULL,'0',''),(313071,'OPERADOR','PTATIJ','DANIEL','VASQUEZ','LARA','2018-07-16 16:53:15','DVASQUEZL','DVASQUEZL','I',NULL,'DEGRE',NULL,'0',''),(313072,'MECANICO','PTATIJ','CARLOS RUBEN','SUVERBILLE','RUIZ','2018-07-16 16:53:15','CRSUVERBILLE','CRSUVERBILLE','A',NULL,'DEGRE',NULL,'0',''),(313073,'JEFEFINANZ','PTASLP','ANA LETICIA','MARTINEZ','ALCARAZ','2018-11-20 00:00:00',NULL,NULL,'A',NULL,'DEGRE','SECOI','SECOI',''),(313095,'OPERADOR','PTATIJ','HORLANDO','MOLINA','VALENTE','2018-07-16 16:53:15','HMOLINA','HMOLINA','A',NULL,'DEGRE',NULL,'0',''),(313096,'OPERADOR','PTASLP','EDGAR GERARDO','CRUZ','AVILA','2018-07-16 16:53:15','EGCRUZA','EGCRUZA','A',NULL,'DEGRE',NULL,'0',''),(313205,'INSTRUM','PTAVJ','JESUS ARTURO','MARTINEZ','MARTINEZ','2018-11-20 00:00:00',NULL,NULL,'A',NULL,'DEGRE',NULL,NULL,''),(313208,'OPERADOR','PTASLP','HOMERO MISSAEL','CORTINA','REYNOSO','2018-11-20 00:00:00',NULL,NULL,'A',NULL,'DEGRE',NULL,NULL,''),(313265,'CHOFERLODO','PTAJUA','JAVIER','LARRETA','VAZQUEZ','2018-11-20 00:00:00',NULL,NULL,'A',NULL,'DEGRE',NULL,NULL,''),(313266,'CHOFERLODO','PTAJUA','IVAN','CAYON','SANCHEZ','2018-11-20 00:00:00',NULL,NULL,'A',NULL,'DEGRE',NULL,NULL,''),(313299,'COORSEGUR','DIRPROD','MARCO ALBERTO','RIVERA','HERNANDEZ','2018-11-20 00:00:00',NULL,NULL,'A',NULL,'DEGRE','SECOI','SECOI',''),(313326,'OPERADOR','PTATIJ','JORGE','ARIAS','LUNA','2018-11-20 00:00:00',NULL,NULL,'A',NULL,'DEGRE',NULL,NULL,''),(313327,'AUXELECT','PTATIJ','LUIS ANGEL','ARREOLA','SUVERBILLE','2018-11-20 00:00:00',NULL,NULL,'A',NULL,'DEGRE',NULL,NULL,''),(314082,'TECELECT','OMPTATANGA','JOSE HIGINIO','HERNANDEZ','FERRER','2018-11-20 00:00:00',NULL,NULL,'A',NULL,'DEGRE',NULL,NULL,''),(314083,'AUXMTTO','OMPTATANGA','JOSE DE JESUS','PARDO','SANTOS','2018-11-20 00:00:00',NULL,NULL,'A',NULL,'DEGRE',NULL,NULL,''),(314084,'AUXELECT','OMPTATANGA','FRANCISCO ALEJANDRO','PUENTE','ROMERO','2018-11-20 00:00:00',NULL,NULL,'A',NULL,'DEGRE',NULL,NULL,''),(314085,'REGADOR','OMPTATANGA','JORGE','RUEDA','RODRIGUEZ','2018-11-20 00:00:00',NULL,NULL,'A',NULL,'DEGRE',NULL,NULL,''),(314143,'INSTRUM','PTASLP','SERGIO ANTONIO','SALAZAR','MEDINA','2018-11-20 00:00:00',NULL,NULL,'A',NULL,'DEGRE',NULL,NULL,''),(314175,'SUPELECTME','PTAVJ','QRISTIAN ADRIAN','RODRIGUEZ','VILLALOBOS','2018-11-20 00:00:00',NULL,NULL,'A',NULL,'DEGRE','SECOI','SECOI',''),(314176,'LABORAT','PTAVJ','ELIZABETH','AVILA','CHEL','2018-11-20 00:00:00',NULL,NULL,'A',NULL,'DEGRE',NULL,NULL,''),(314177,'OPERADOR','PTAJUA','LUCIO','GARCIA','DE LA ROSA','2018-11-20 00:00:00',NULL,NULL,'A',NULL,'DEGRE',NULL,NULL,''),(314226,'OPERADOR','PTAVJ','JOSE FRANCISCO','RAMIREZ','RIOS','2018-11-20 00:00:00',NULL,NULL,'A',NULL,'DEGRE',NULL,NULL,''),(314242,'CHOFERLODO','PTAJUA','LUIS ALBERTO','DE LA CERDA','MONTAÑEZ','2018-11-20 00:00:00',NULL,NULL,'A',NULL,'DEGRE',NULL,NULL,''),(314266,'OPERADOR','PTATIJ','MIGUEL ANGEL','MOJICA','MORENO','2018-11-20 00:00:00',NULL,NULL,'A',NULL,'DEGRE',NULL,NULL,''),(314282,'OPERADOR','PTAVJ','URIEL','CAMARILLO','BARCELATA','2018-11-20 00:00:00',NULL,NULL,'A',NULL,'DEGRE',NULL,NULL,''),(314290,'COORMTTO','PTAJUA','VICENTE','ANTONIO','ESCOBAR','2018-11-20 00:00:00',NULL,NULL,'A',NULL,'DEGRE',NULL,NULL,''),(314293,'OPERADOR','PTATIJ','GIBRAN HALILL','NAVA','GAONA','2018-11-20 00:00:00',NULL,NULL,'A',NULL,'DEGRE',NULL,NULL,''),(906806,'JEFETUR','PTASLP','JUAN CARLOS','SIERRA','BELTRAN','2018-07-16 16:53:15','JCSIERRA','JCSIERRA','A',NULL,'DEGRE',NULL,'0',''),(906810,'CHOFERADMN','GASGRAL','JORGE GUILLERMO','ALEXANDER','REYES','2018-07-16 16:53:15','JGALEXANDER','JGALEXANDER','I',NULL,'DEGRE',NULL,'0',''),(906817,'INGRESPRO','DIRPROP','VICENTE','CHAVEZ','HUERTA','2018-07-16 16:53:15','VCHAVEZH','VCHAVEZH','A',NULL,'DEGRE',NULL,'0',''),(906821,'INGRESPRO','DIRPROP','ARMANDO','BERNAL','TORRES','2018-07-16 16:53:15','ABERNALT','ABERNALT','A',NULL,'DEGRE',NULL,'0',''),(906822,'ASISDIR','DIRPROP','AMERICA','CARDENAS','MONROY','2018-07-16 16:53:15','ACARDENAS','ACARDENAS','A',NULL,'DEGRE',NULL,'0',''),(906824,'ASISDIR','DIRGENSUEZ','MARIA SOCORRO','PEREZ','BECERRA','2018-07-16 16:53:15','MSPEREZB','MSPEREZB','A',NULL,'DEGRE',NULL,'0',''),(906826,'PROYECT','DIRING','DOMINGO','VALVERDE','ROSAS','2018-07-16 16:53:15','DVALVERDE','DVALVERDE','A',NULL,'DEGRE',NULL,'0',''),(906829,'AUXCONT','DIRFIN','ANTONIO','ROMERO','MONTAÑEZ','2018-07-16 16:53:15','AROMEROM','AROMEROM','A',NULL,'DEGRE',NULL,'0',''),(906837,'ASISDIR','DIROPER','MARIA ELIZABETH','MIRANDA','ARCHUNDIA','2018-07-16 16:53:15','EMIRANDA','EMIRANDA','A',NULL,'DEGRE',NULL,'0',''),(906842,'COORPRYING','DIRPROD','RAUL','YAÑEZ','RODRIGUEZ','2018-07-16 17:43:59','RYAÑEZR','RYAÑEZR','A',NULL,'DEGRE',NULL,'0',''),(906856,'RESPLAMTO','PTASC','JOSE DAVID','HERNANDEZ','REYNA','2018-07-16 17:39:54','JDHERNANDEZR','JDHERNANDEZR','I',NULL,'DEGRE',NULL,'0',''),(906874,'JEFETUR','PTAVJ','MARCO ANTONIO','ALVAREZ','AGUILERA','2018-07-16 16:53:15','MAALVAREZ','MAALVAREZ','A',NULL,'DEGRE',NULL,'0',''),(906875,'COORMTTO','PTASLP','FREDI','VALENCIA','MENDOZA','2018-07-16 16:53:15','FVALENCIA','FVALENCIA','I',NULL,'DEGRE',NULL,'0',''),(906886,'JEFETUR','PTAJUA','JOSE MARTIN','REYES','ORTIZ','2018-07-16 16:53:15','JMREYES','JMREYES','A',NULL,'DEGRE',NULL,'0',''),(906895,'COOROPER','PTAPUE','CRESCENCIANO','LIMA','VALDEZ','2018-07-16 16:53:15','CLIMAO','CLIMAO','I',NULL,'DEGRE',NULL,'0',''),(906904,'COOROPER','PTACUL','ESTEBAN','SOLIS','PARRA','2018-07-16 16:53:15','ESOLISP','ESOLISP','A',NULL,'DEGRE',NULL,'0',''),(906905,'RESPLAMTO','PTACUL','ADRIAN','HERNANDEZ','CONTRERAS','2018-07-16 16:53:15','AHERNANDEZC','AHERNANDEZC','A',NULL,'DEGRE',NULL,'0',''),(906906,'MECANICO','PTACUL','JOSE ANTONIO','LOPEZ','NULL','2018-07-16 17:39:54','JALOPEZZ','JALOPEZZ','A',NULL,'DEGRE',NULL,'0',''),(906908,'COOROPER','PTATIJ','ELADIO','MORALES','RAMIREZ','2018-07-16 16:53:15','EMORALESR','EMORALESR','I',NULL,'DEGRE',NULL,'0',''),(906913,'LABORAT','PTAJUA','JOB','MORALES','BARRERA','2018-07-16 16:53:15','JMORALESB','JMORALESB','A',NULL,'DEGRE',NULL,'0',''),(906916,'JEFEOPER','PTATIJ','MISAEL','RODRIGUEZ','RAMIREZ','2018-07-16 16:53:15','MRODRIGUEZR','MRODRIGUEZR','A',NULL,'DEGRE',NULL,'0',''),(906921,'RESPADMFIN','PTACUL','SUSANA','MARTINEZ','ARRIAGA','2018-07-16 16:53:15','SMARTINEZA','SMARTINEZA','I',NULL,'DEGRE',NULL,'0',''),(906928,'OPERADOR','PTACUL','CUAUTHEMOC','ROCHA','QUINTERO','2018-07-16 16:53:15','CROCHAQ','CROCHAQ','A',NULL,'DEGRE',NULL,'0',''),(906930,'CHOFERLODO','PTAPUE','JOSE DELFINO ALBERTO','MENDEZ','GARCIA','2018-07-16 16:53:15','JDAMENDEZ','JDAMENDEZ','I',NULL,'DEGRE',NULL,'0',''),(906931,'CHOFERADMN','PTASC','ROBERTO','GALLEGOS','RAMIREZ','2018-07-16 16:53:15','RGALLEGOS','RGALLEGOS','I',NULL,'DEGRE',NULL,'0',''),(906936,'OPERPTA','OMMINMEX','LUIS ALONSO','CRUZ','CABRERA','2018-07-16 16:53:15','LACRUZC','LACRUZC','I',NULL,'DEGRE',NULL,'0',''),(906937,'COORCALSMA','PTASLP','RUBICELIA','DE LA ROSA','VILLALVA','2018-07-16 16:53:15','RDELAROSA','RDELAROSA','I',NULL,'DEGRE',NULL,'0',''),(906940,'AUXADMINPA','PTACUL','MARCOS IVAN','PAREDES','SANCHEZ','2018-07-16 16:53:15','MIPAREDES','MIPAREDES','A',NULL,'DEGRE',NULL,'0',''),(906942,'LABORAT','PTAJUA','JAIME','MEDRANO','REYES','2018-07-16 16:53:15','JMEDRANO','JMEDRANO','A',NULL,'DEGRE',NULL,'0',''),(906948,'CHOFERLODO','PTASC','JOSE FELIPE','AMBROSIO','MARQUEZ','2018-07-16 16:53:15','JFAMBROSIO','JFAMBROSIO','I',NULL,'DEGRE',NULL,'0',''),(906958,'RESPCALOML','SEGURIDAD','LISSET','ROLDAN','SALGADO','2018-07-16 16:53:15','LROLDANS','LROLDANS','A',NULL,'DEGRE',NULL,'0',''),(906967,'COORMTTO','PTACUL','EDGAR OMAR','BLANCARTE','RANGEL','2018-07-16 16:53:15','EOBLANCARTE','EOBLANCARTE','A',NULL,'DEGRE',NULL,'0',''),(906972,'JEFETUR','PTAJUA','RODOLFO','JUAREZ','HINOSTROZA','2018-07-16 16:53:15','RJUAREZ','RJUAREZ','A',NULL,'DEGRE',NULL,'0',''),(906974,'COORMTTO','PTASLP','RUBEN','MATA','ZARATE','2018-07-16 16:53:15','RMATA','RMATA','I',NULL,'DEGRE',NULL,'0',''),(906987,'RESPLAMTO','PTASLP','KARINA','RESENDIZ','BERMUDEZ','2018-07-16 16:53:15','KRESENDIZB','KRESENDIZB','I',NULL,'DEGRE',NULL,'0',''),(907014,'RESPTESO','DIRFIN','YUNUEN','TAPIA','CORDERO','2018-07-16 16:53:15','YTAPIA','TAPIA','A',NULL,'DEGRE',NULL,'0',''),(907018,'ELECTRICO','PTAJUA','RAFAEL','OCHOA','SOSA','2018-07-16 16:53:15','ROCHOAS','ROCHOAS','A',NULL,'DEGRE',NULL,'0',''),(907043,'RESPLAMTO','PTASLP','NOE','MENDOZA','TORRES','2018-07-16 16:53:15','NMENDOZA','NMENDOZA','I',NULL,'DEGRE',NULL,'0',''),(907047,'AUXADMON','PTASLP','CLAUDIA','COBARRUBIAS','GONZALEZ','2018-07-16 16:53:15','CCOBARRUBIAS','CCOBARRUBIAS','A',NULL,'DEGRE',NULL,'0',''),(907048,'JEFETUR','PTASLP','JORGE ARMANDO','LOPEZ','ALVARADO','2018-07-16 17:39:54','JALOPEZA','JALOPEZA','A',NULL,'DEGRE',NULL,'0',''),(907066,'ASIINGPM','PEMEX','JOSE MARIA','GUZMAN','GARCES','2018-07-16 16:53:15','JMGUZMAN','JMGUZMAN','A',NULL,'DEGRE',NULL,'0',''),(911731,'LABORAT','PTASLP','MIGUEL ANGEL','VILLELA','SEGOVIANO','2018-07-16 16:53:15','MAVILLELA','MAVILLELA','A',NULL,'DEGRE',NULL,'0',''),(913189,'JEFETUR','PTAJUA','CARLOS','AVILES','HERNANDEZ','2018-07-16 16:53:15','CAVILES','CAVILES','A',NULL,'DEGRE',NULL,'0','');
/*!40000 ALTER TABLE `general_empleado` ENABLE KEYS */;
UNLOCK TABLES;

--
-- Table structure for table `general_empleado_procedencia`
--

DROP TABLE IF EXISTS `general_empleado_procedencia`;
/*!40101 SET @saved_cs_client     = @@character_set_client */;
/*!40101 SET character_set_client = utf8 */;
CREATE TABLE `general_empleado_procedencia` (
  `ClaveProcedencia` varchar(10) COLLATE utf8mb4_unicode_ci DEFAULT NULL,
  `IdEmpleado` int(11) DEFAULT NULL,
  `Estatus` char(1) COLLATE utf8mb4_unicode_ci DEFAULT NULL,
  KEY `FK_EP_PROCEDENCIA` (`ClaveProcedencia`),
  KEY `FK_EP_EMPLEADO` (`IdEmpleado`),
  CONSTRAINT `FK_EP_EMPLEADO` FOREIGN KEY (`IdEmpleado`) REFERENCES `general_empleado` (`IdEmpleado`),
  CONSTRAINT `FK_EP_PROCEDENCIA` FOREIGN KEY (`ClaveProcedencia`) REFERENCES `est_procedencia` (`ClaveProcedencia`)
) ENGINE=InnoDB DEFAULT CHARSET=utf8mb4 COLLATE=utf8mb4_unicode_ci;
/*!40101 SET character_set_client = @saved_cs_client */;

--
-- Dumping data for table `general_empleado_procedencia`
--

LOCK TABLES `general_empleado_procedencia` WRITE;
/*!40000 ALTER TABLE `general_empleado_procedencia` DISABLE KEYS */;
INSERT INTO `general_empleado_procedencia` VALUES ('FACTURA',2027,'A'),('MEDIDORES',2015,'A'),('MEDIDORES',2041,'A'),('MEDIDORES',5001,'A'),('MEDIDORES',5403,'A'),('MEDIDORES',6962,'A'),('TODAS',2076,'A'),('FACTURA',2027,'A'),('MEDIDORES',2015,'A'),('MEDIDORES',2041,'A'),('MEDIDORES',5001,'A'),('MEDIDORES',5403,'A'),('MEDIDORES',6962,'A'),('TODAS',2076,'A');
/*!40000 ALTER TABLE `general_empleado_procedencia` ENABLE KEYS */;
UNLOCK TABLES;

--
-- Table structure for table `general_empresa`
--

DROP TABLE IF EXISTS `general_empresa`;
/*!40101 SET @saved_cs_client     = @@character_set_client */;
/*!40101 SET character_set_client = utf8 */;
CREATE TABLE `general_empresa` (
  `IdEmpresa` varchar(10) COLLATE utf8mb4_unicode_ci NOT NULL,
  `Nombre` varchar(100) COLLATE utf8mb4_unicode_ci DEFAULT NULL,
  `RFC` varchar(13) COLLATE utf8mb4_unicode_ci DEFAULT NULL,
  `Calle` varchar(100) COLLATE utf8mb4_unicode_ci DEFAULT NULL,
  `NumeroExt` varchar(20) COLLATE utf8mb4_unicode_ci DEFAULT NULL,
  `NumeroInt` varchar(20) COLLATE utf8mb4_unicode_ci DEFAULT NULL,
  `Colonia` varchar(100) COLLATE utf8mb4_unicode_ci DEFAULT NULL,
  `Delegacion` varchar(100) COLLATE utf8mb4_unicode_ci DEFAULT NULL,
  `CodigoPostal` varchar(5) COLLATE utf8mb4_unicode_ci DEFAULT NULL,
  `Estatus` char(1) COLLATE utf8mb4_unicode_ci DEFAULT NULL,
  PRIMARY KEY (`IdEmpresa`)
) ENGINE=InnoDB DEFAULT CHARSET=utf8mb4 COLLATE=utf8mb4_unicode_ci;
/*!40101 SET character_set_client = @saved_cs_client */;

--
-- Dumping data for table `general_empresa`
--

LOCK TABLES `general_empresa` WRITE;
/*!40000 ALTER TABLE `general_empresa` DISABLE KEYS */;
INSERT INTO `general_empresa` VALUES ('ASIM','AGUAS, SERVICIOS E INVERSIONES DE MEXICO S DE RL DE CV','ASE9905132K5','XOLA','613','PISO   1','DEL VALLE','BENITO JUAREZ','03100','A'),('BAL','BAL - ONDEO S DE RL DE CV','BGO980107HR6','XOLA','613','PISO   1','DEL VALLE','BENITO JUAREZ','03100','A'),('DEGRE','Suez Medio Ambiente México, S. A. de C. V.','DEG850910EC0','Paseo de la reforma','254','Piso 18','Juarez','Cuauhtemoc','06600','A'),('ECO','ECOAGUA DE TORREON SA DE CV','ETO991025IG2','DOMICILIO CONOCIDO EJIDO RANCHO ALEGRE','S/N',NULL,'RANCHO ALEGRE','TORREON','27405','A'),('IACME','INDUSTRIAS DEL AGUA DE LA CIUDAD DE MEXICO SA DE CV','IAC9305112K5','BOULEVARD XOLA','613','PISO 1','DEL VALLE','BENITO JUAREZ','03100','A'),('IACSA','IACMEX CONTRATACIONES SA DE CV','ICO940523654','XOLA','613','PISO 1','DEL VALLE','BENITO JUAREZ','03100','A'),('SECOI','IASA SERVICIOS CORPORATIVOS SA DE CV','ISC9405238B6','XOLA','613','PISO 1','DEL VALLE','BENITO JUAREZ','03100','A'),('SUEZ','SUEZ MEDIO AMBIENTE MEXICO','DEG850910EC0','AV. PASEO DE REFORMA','284','PISO 18','JUAREZ','CUAUHTEMOC','06600','A'),('TECSA','TECNOLOGIA Y SERVICIOS DE AGUA SA DE CV','TSA931004EB0','BOULEVARD XOLA','613','PISO   2','DEL VALLE','BENITO JUAREZ','03100','A');
/*!40000 ALTER TABLE `general_empresa` ENABLE KEYS */;
UNLOCK TABLES;

--
-- Table structure for table `general_entidadfederativa`
--

DROP TABLE IF EXISTS `general_entidadfederativa`;
/*!40101 SET @saved_cs_client     = @@character_set_client */;
/*!40101 SET character_set_client = utf8 */;
CREATE TABLE `general_entidadfederativa` (
  `IdPais` int(11) DEFAULT NULL,
  `IdEntidadFederativa` int(11) NOT NULL,
  `EntidadFederativa` varchar(50) COLLATE utf8mb4_unicode_ci DEFAULT NULL,
  `Estatus` char(1) COLLATE utf8mb4_unicode_ci DEFAULT NULL,
  `Verifica` char(1) COLLATE utf8mb4_unicode_ci DEFAULT NULL,
  PRIMARY KEY (`IdEntidadFederativa`),
  KEY `FK_ENTIDADFEDERATIVA_PAIS` (`IdPais`),
  CONSTRAINT `FK_ENTIDADFEDERATIVA_PAIS` FOREIGN KEY (`IdPais`) REFERENCES `general_pais` (`IdPais`)
) ENGINE=InnoDB DEFAULT CHARSET=utf8mb4 COLLATE=utf8mb4_unicode_ci;
/*!40101 SET character_set_client = @saved_cs_client */;

--
-- Dumping data for table `general_entidadfederativa`
--

LOCK TABLES `general_entidadfederativa` WRITE;
/*!40000 ALTER TABLE `general_entidadfederativa` DISABLE KEYS */;
INSERT INTO `general_entidadfederativa` VALUES (1,1,'AGUASCALIENTES','A',NULL),(1,2,'BAJA CALIFORNIA','A',NULL),(1,3,'BAJA CALIFORNIA SUR','A',NULL),(1,4,'CAMPECHE','A',NULL),(1,5,'COAHUILA','A',NULL),(1,6,'COLIMA','A',NULL),(1,7,'CHIAPAS','A',NULL),(1,8,'CHIHUAHUA','A',NULL),(1,9,'CIUDAD DE MEXICO','A',NULL),(1,10,'DURANGO','A',NULL),(1,11,'GUANAJUATO','A',NULL),(1,12,'GUERRERO','A',NULL),(1,13,'HIDALGO','A',NULL),(1,14,'JALISCO','A',NULL),(1,15,'ESTADO DE MEXICO','A',NULL),(1,16,'MICHOACAN','A',NULL),(1,17,'MORELOS','A',NULL),(1,18,'NAYARIT','A',NULL),(1,19,'NUEVO LEON','A',NULL),(1,20,'OAXACA','A',NULL),(1,21,'PUEBLA','A',NULL),(1,22,'QUERETARO','A',NULL),(1,23,'QUINTANA ROO','A',NULL),(1,24,'SAN LUIS POTOSI','A',NULL),(1,25,'SINALOA','A',NULL),(1,26,'SONORA','A',NULL),(1,27,'TABASCO','A',NULL),(1,28,'TAMAULIPAS','A',NULL),(1,29,'TLAXCALA','A',NULL),(1,30,'VERACRUZ','A',NULL),(1,31,'YUCATAN','A',NULL),(1,32,'ZACATECAS','A',NULL);
/*!40000 ALTER TABLE `general_entidadfederativa` ENABLE KEYS */;
UNLOCK TABLES;

--
-- Table structure for table `general_modulo`
--

DROP TABLE IF EXISTS `general_modulo`;
/*!40101 SET @saved_cs_client     = @@character_set_client */;
/*!40101 SET character_set_client = utf8 */;
CREATE TABLE `general_modulo` (
  `IdModulo` varchar(30) COLLATE utf8mb4_unicode_ci NOT NULL,
  `Titulo` varchar(30) COLLATE utf8mb4_unicode_ci DEFAULT NULL,
  `OpcMenu` varchar(50) COLLATE utf8mb4_unicode_ci DEFAULT NULL,
  `Fecha` datetime DEFAULT NULL,
  `Estatus` char(1) COLLATE utf8mb4_unicode_ci DEFAULT NULL,
  PRIMARY KEY (`IdModulo`)
) ENGINE=InnoDB DEFAULT CHARSET=utf8mb4 COLLATE=utf8mb4_unicode_ci;
/*!40101 SET character_set_client = @saved_cs_client */;

--
-- Dumping data for table `general_modulo`
--

LOCK TABLES `general_modulo` WRITE;
/*!40000 ALTER TABLE `general_modulo` DISABLE KEYS */;
INSERT INTO `general_modulo` VALUES ('ADMINISTRACION','/Imagenes/configuracion.jpg','CATALOGOS','2017-07-25 09:28:47','A'),('CONTROLVEHICULAR','/Imagenes/ControlVehicular.jpg','CONTROL VEHICULAR','2017-07-19 13:26:02','A'),('ESTIMACIONES','/Imagenes/Estimaciones.png','ESTIMACIONES','2017-07-19 13:44:52','A'),('SCD','/Imagenes/scd.jpg','SCD','2017-07-20 13:35:07','A'),('SICOMCE','/Imagenes/Sicomce.png','SICOMCE','2018-08-07 12:00:00','A');
/*!40000 ALTER TABLE `general_modulo` ENABLE KEYS */;
UNLOCK TABLES;

--
-- Table structure for table `general_modulo_rol`
--

DROP TABLE IF EXISTS `general_modulo_rol`;
/*!40101 SET @saved_cs_client     = @@character_set_client */;
/*!40101 SET character_set_client = utf8 */;
CREATE TABLE `general_modulo_rol` (
  `IdModulo` varchar(30) COLLATE utf8mb4_unicode_ci DEFAULT NULL,
  `IdRol` varchar(20) COLLATE utf8mb4_unicode_ci DEFAULT NULL,
  `Fecha` datetime DEFAULT NULL,
  `Estatus` char(1) COLLATE utf8mb4_unicode_ci DEFAULT NULL,
  `Inserta` int(11) DEFAULT NULL,
  `Actualiza` int(11) DEFAULT NULL,
  `Borra` int(11) DEFAULT NULL,
  `Consulta` int(11) DEFAULT NULL,
  KEY `FK_MR_MODULO` (`IdModulo`),
  KEY `FK_MR_ROL` (`IdRol`),
  CONSTRAINT `FK_MR_MODULO` FOREIGN KEY (`IdModulo`) REFERENCES `general_modulo` (`IdModulo`),
  CONSTRAINT `FK_MR_ROL` FOREIGN KEY (`IdRol`) REFERENCES `general_rol` (`IdRol`)
) ENGINE=InnoDB DEFAULT CHARSET=utf8mb4 COLLATE=utf8mb4_unicode_ci;
/*!40101 SET character_set_client = @saved_cs_client */;

--
-- Dumping data for table `general_modulo_rol`
--

LOCK TABLES `general_modulo_rol` WRITE;
/*!40000 ALTER TABLE `general_modulo_rol` DISABLE KEYS */;
INSERT INTO `general_modulo_rol` VALUES ('ADMINISTRACION','ADM1               ','2018-05-15 00:05:00','A',1,1,1,1),('ADMINISTRACION','ADMIN','2017-07-25 09:28:47','A',1,1,1,1),('CONTROLVEHICULAR','CV1','2017-07-19 00:07:00','A',1,1,0,1),('CONTROLVEHICULAR','CV2                ','2017-09-28 00:09:00','A',1,0,0,1),('CONTROLVEHICULAR','CV4                ','2017-12-04 00:12:00','A',0,0,0,1),('ESTIMACIONES','E1                 ','2017-09-28 00:09:00','A',1,1,1,1),('ESTIMACIONES','E2                 ','2017-09-28 00:09:00','A',0,0,0,1),('SCD','SCD1               ','2017-09-28 00:09:00','A',0,0,0,1),('SICOMCE','SICOMLEC           ','2018-08-07 12:00:00','A',0,0,0,1),('ADMINISTRACION','ADM1               ','2018-05-15 00:05:00','A',1,1,1,1),('ADMINISTRACION','ADMIN','2017-07-25 09:28:47','A',1,1,1,1),('CONTROLVEHICULAR','CV1','2017-07-19 00:07:00','A',1,1,0,1),('CONTROLVEHICULAR','CV2                ','2017-09-28 00:09:00','A',1,0,0,1),('CONTROLVEHICULAR','CV4                ','2017-12-04 00:12:00','A',0,0,0,1),('ESTIMACIONES','E1                 ','2017-09-28 00:09:00','A',1,1,1,1),('ESTIMACIONES','E2                 ','2017-09-28 00:09:00','A',0,0,0,1),('SCD','SCD1               ','2017-09-28 00:09:00','A',0,0,0,1),('SICOMCE','SICOMLEC           ','2018-08-07 12:00:00','A',0,0,0,1);
/*!40000 ALTER TABLE `general_modulo_rol` ENABLE KEYS */;
UNLOCK TABLES;

--
-- Table structure for table `general_pais`
--

DROP TABLE IF EXISTS `general_pais`;
/*!40101 SET @saved_cs_client     = @@character_set_client */;
/*!40101 SET character_set_client = utf8 */;
CREATE TABLE `general_pais` (
  `IdPais` int(11) NOT NULL,
  `Pais` varchar(50) COLLATE utf8mb4_unicode_ci DEFAULT NULL,
  `Estatus` char(1) COLLATE utf8mb4_unicode_ci DEFAULT NULL,
  PRIMARY KEY (`IdPais`)
) ENGINE=InnoDB DEFAULT CHARSET=utf8mb4 COLLATE=utf8mb4_unicode_ci;
/*!40101 SET character_set_client = @saved_cs_client */;

--
-- Dumping data for table `general_pais`
--

LOCK TABLES `general_pais` WRITE;
/*!40000 ALTER TABLE `general_pais` DISABLE KEYS */;
INSERT INTO `general_pais` VALUES (1,'MEXICO','A'),(2,'ESTADOS UNIDOS','A');
/*!40000 ALTER TABLE `general_pais` ENABLE KEYS */;
UNLOCK TABLES;

--
-- Table structure for table `general_proyecto`
--

DROP TABLE IF EXISTS `general_proyecto`;
/*!40101 SET @saved_cs_client     = @@character_set_client */;
/*!40101 SET character_set_client = utf8 */;
CREATE TABLE `general_proyecto` (
  `IdProyecto` int(11) NOT NULL,
  `Proyecto` varchar(100) COLLATE utf8mb4_unicode_ci DEFAULT NULL,
  `EmpresaDueñaProyecto` tinytext COLLATE utf8mb4_unicode_ci DEFAULT NULL,
  `IdZona` int(11) DEFAULT NULL,
  `FechaAsignacion` datetime DEFAULT NULL,
  `Calle` varchar(100) COLLATE utf8mb4_unicode_ci DEFAULT NULL,
  `NumeroExt` varchar(20) COLLATE utf8mb4_unicode_ci DEFAULT NULL,
  `NumeroInt` varchar(20) COLLATE utf8mb4_unicode_ci DEFAULT NULL,
  `Colonia` varchar(100) COLLATE utf8mb4_unicode_ci DEFAULT NULL,
  `Delegacion` varchar(100) COLLATE utf8mb4_unicode_ci DEFAULT NULL,
  `CodigoPostal` varchar(5) COLLATE utf8mb4_unicode_ci DEFAULT NULL,
  `RFC` varchar(13) COLLATE utf8mb4_unicode_ci DEFAULT NULL,
  `FechaDesde` datetime DEFAULT NULL,
  `FechaHasta` datetime DEFAULT NULL,
  `Ubicacion` varchar(100) COLLATE utf8mb4_unicode_ci DEFAULT NULL,
  `Observaciones` text COLLATE utf8mb4_unicode_ci DEFAULT NULL,
  `Estatus` char(1) COLLATE utf8mb4_unicode_ci DEFAULT NULL,
  PRIMARY KEY (`IdProyecto`)
) ENGINE=InnoDB DEFAULT CHARSET=utf8mb4 COLLATE=utf8mb4_unicode_ci;
/*!40101 SET character_set_client = @saved_cs_client */;

--
-- Dumping data for table `general_proyecto`
--

LOCK TABLES `general_proyecto` WRITE;
/*!40000 ALTER TABLE `general_proyecto` DISABLE KEYS */;
INSERT INTO `general_proyecto` VALUES (1,'XO','          ',6,'2018-10-01 16:59:14','-','-','-','NOPALERA','XOCHIMILCO','01600','-','2018-10-01 00:00:00','2018-10-01 00:00:00','-',NULL,'A');
/*!40000 ALTER TABLE `general_proyecto` ENABLE KEYS */;
UNLOCK TABLES;

--
-- Table structure for table `general_proyecto_empleado`
--

DROP TABLE IF EXISTS `general_proyecto_empleado`;
/*!40101 SET @saved_cs_client     = @@character_set_client */;
/*!40101 SET character_set_client = utf8 */;
CREATE TABLE `general_proyecto_empleado` (
  `IdProyecto` int(11) DEFAULT NULL,
  `IdEmpleado` int(11) DEFAULT NULL,
  `FechaInicial` datetime DEFAULT NULL,
  `FechaFinal` datetime DEFAULT NULL,
  `Observacion` text COLLATE utf8mb4_unicode_ci DEFAULT NULL,
  `Estatus` char(1) COLLATE utf8mb4_unicode_ci DEFAULT NULL,
  KEY `FK_PE_PROYECTO` (`IdProyecto`),
  KEY `FK_PE_EMPLEADO` (`IdEmpleado`),
  CONSTRAINT `FK_PE_EMPLEADO` FOREIGN KEY (`IdEmpleado`) REFERENCES `general_empleado` (`IdEmpleado`),
  CONSTRAINT `FK_PE_PROYECTO` FOREIGN KEY (`IdProyecto`) REFERENCES `general_proyecto` (`IdProyecto`)
) ENGINE=InnoDB DEFAULT CHARSET=utf8mb4 COLLATE=utf8mb4_unicode_ci;
/*!40101 SET character_set_client = @saved_cs_client */;

--
-- Dumping data for table `general_proyecto_empleado`
--

LOCK TABLES `general_proyecto_empleado` WRITE;
/*!40000 ALTER TABLE `general_proyecto_empleado` DISABLE KEYS */;
/*!40000 ALTER TABLE `general_proyecto_empleado` ENABLE KEYS */;
UNLOCK TABLES;

--
-- Table structure for table `general_puesto`
--

DROP TABLE IF EXISTS `general_puesto`;
/*!40101 SET @saved_cs_client     = @@character_set_client */;
/*!40101 SET character_set_client = utf8 */;
CREATE TABLE `general_puesto` (
  `IdPuesto` varchar(10) COLLATE utf8mb4_unicode_ci NOT NULL,
  `Puesto` varchar(100) COLLATE utf8mb4_unicode_ci DEFAULT NULL,
  `Fecha` datetime DEFAULT NULL,
  `Estatus` char(1) COLLATE utf8mb4_unicode_ci DEFAULT NULL,
  PRIMARY KEY (`IdPuesto`)
) ENGINE=InnoDB DEFAULT CHARSET=utf8mb4 COLLATE=utf8mb4_unicode_ci;
/*!40101 SET character_set_client = @saved_cs_client */;

--
-- Dumping data for table `general_puesto`
--

LOCK TABLES `general_puesto` WRITE;
/*!40000 ALTER TABLE `general_puesto` DISABLE KEYS */;
INSERT INTO `general_puesto` VALUES ('ABOGADO','ABOGADO','2017-10-23 15:17:34','A'),('ABOGADOJR','ABOGADO JR','2018-07-06 09:54:15','A'),('ABOGADOPR','ABOGADO PROY.','2018-07-06 09:54:15','A'),('ADMONOBRA','ADMINISTRADOR DE OBRA','2018-07-06 09:54:15','A'),('ADMONRED','ADMINISTRADOR DE REDES','2018-07-06 09:54:15','A'),('ALMACENIST','ALMACENISTA','2018-07-06 09:54:15','A'),('ALMACOMPRA','ALMACENISTA COMPRADOR','2018-07-06 09:54:15','A'),('ANAADMIN','ANALISTA ADMINISTRATIVO','2018-07-06 17:29:00','A'),('ANAADMPERB','ANALISTA \"B\" ADMON DE PERSONAL','2017-10-23 15:17:34','A'),('ANAB','ANALISTA \"B\"','2017-10-23 15:17:34','A'),('ANABOT','ANALISTA BOT','2018-07-06 09:54:15','A'),('ANACALSGMA','ANALISTA DE CALIDAD, SEGURIDAD Y MEDIO AMBIENTE','2018-07-06 09:54:15','A'),('ANACAP','ANALISTA DE CAPACITACION','2018-07-06 09:54:15','A'),('ANACOMB','ANALISTA \"B\" COMERCIAL','2017-10-23 15:17:34','A'),('ANACOMPRYB','ANALISTA \"B\" COMERCIAL PROY.','2017-10-23 15:17:34','A'),('ANACONT','ANALISTA CONTRALORIA','2018-07-06 09:54:15','A'),('ANACONTA','ANALISTA \"A\" CONTABLE','2017-10-23 15:17:34','A'),('ANACONVEHB','ANALISTA \"B\" DE CONTROL VEHICULAR','2017-10-23 15:17:34','A'),('ANACTAPAG','ANALISTA DE CUENTAS POR PAGAR','2018-07-06 09:54:15','A'),('ANACUEPAGA','ANALISTA \"A\" DE CUENTAS POR PAGAR','2017-10-23 15:17:34','A'),('ANAESTB','ANALISTA B DE ESTIMACIONES','2017-10-23 15:17:34','A'),('ANAESTPROY','ANALISTA \"A\" DE ESTIMACIONES PROY.','2018-07-06 09:54:15','A'),('ANAFACT','ANALISTA DE FACTURACION','2018-07-06 09:54:15','A'),('ANAFACTA','ANALISTA \"A\" DE FACTURACION','2017-10-23 15:17:34','A'),('ANAFIS','ANALISTA FISCAL','2017-10-23 15:17:34','A'),('ANAFISR','ANALISTA SR. FISCAL','2018-07-06 09:54:15','A'),('ANAIT','ANALISTA IT','2018-07-06 09:54:15','A'),('ANAJURA','ANALISTA \"A\" JURIDICO','2017-10-23 15:17:34','A'),('ANALAB','ANALISTA DE LABORATORIO','2018-07-06 09:54:15','A'),('ANALEC','ANALISTA DE LECTURA','2018-07-06 09:54:15','A'),('ANAPROCAL','ANALISTA DE PROCED. DE CALIDAD','2017-10-23 15:17:34','A'),('ANAPROG','ANALISTA PROGRAMADOR','2018-07-06 09:54:15','A'),('ANAPROGA','ANALISTA \"A\" PROGRAMADOR','2017-10-23 15:17:34','A'),('ANAPROYESP','ANALISTA \"A\" DE PROYECTOS ESPECIALES','2018-07-06 09:54:15','A'),('ANAREC','ANALISTA DE RECAUDACION','2018-07-06 09:54:15','A'),('ANARECSELA','ANALISTA \"A\" DE RECLUT. Y SELECCION','2017-10-23 15:17:34','A'),('ANASEGFIAB','ANALISTA \"B\" DE SEGUROS Y FIANZAS','2017-10-23 15:17:34','A'),('ANASISINFC','ANALISTA DE LOS SISTEMAS DE INFORMACION COMERCIAL','2018-07-06 09:54:15','A'),('ASIINGPM','ASISTENTE DE INGENIERIA Y PUESTA EN MARCHA','2018-07-06 09:54:15','A'),('ASIINGPMJR','ASISTENTE DE INGENIERIA Y PUESTA EN MARCHA JR.','2018-07-06 09:54:15','A'),('ASISCOM','ASISTENTE DE COMUNICACION','2018-07-06 09:54:15','A'),('ASISCOMP','ASISTENTE DE COMPRAS','2018-07-06 09:54:15','A'),('ASISDIR','ASISTENTE DE DIRECCION','2018-07-06 09:54:15','A'),('ASISTENTE','ASISTENTE','2018-07-06 09:54:15','A'),('ASISTESO','ASISTENTE DE TESORERIA','2018-07-06 09:54:15','A'),('AUDITCAL','AUDITOR DE CALIDAD','2018-07-06 09:54:15','A'),('AUDSUBOBRA','AUDITOR DE SUBCONTRATACIONES DE OBRAS','2018-07-06 09:54:15','A'),('AUXADMIN','AUXILIAR ADMINISTRATIVO','2018-07-06 09:54:15','A'),('AUXADMINPA','AUXILIAR ADMINISTRATIVO PROPUESTA POR ACTIVIDADES','2018-07-06 09:54:15','A'),('AUXADMON','AUXILIAR ADMINISTRATIVO','2017-10-23 15:17:34','A'),('AUXADMPRY','AUXILIAR ADMINISTRATIVO PROY.','2017-10-23 15:17:34','A'),('AUXALM','AUXILIAR DE ALMACEN','2018-07-06 09:54:15','A'),('AUXCOMP','AUXILIAR DE COMPRAS','2018-07-06 09:54:15','A'),('AUXCONT','AUXILIAR CONTABLE','2018-07-06 09:54:15','A'),('AUXELECMEC','AUXILIAR ELECTROMECANICO','2018-07-06 09:54:15','A'),('AUXELECT','AUXILIAR ELECTRICO','2018-07-06 09:54:15','A'),('AUXGRAL','AUXILIAR GENERAL','2018-07-06 09:54:15','A'),('AUXILIAR','AUXILIAR','2017-10-23 15:17:34','A'),('AUXINST','AUXILIAR INSTRUMENTISTA','2018-07-06 09:54:15','A'),('AUXMAQ','AUXILIAR DE MAQUINARIA','2018-07-06 09:54:15','A'),('AUXMEC','AUXILIAR MECANICO','2018-07-06 09:54:15','A'),('AUXMTTO','AUXILIAR DE MANTENIMIENTO','2018-07-06 09:54:15','A'),('AUXNOM','AUXILIAR DE NOMINAS','2018-07-06 09:54:15','A'),('AUXOPER','AUXILIAR OPERATIVO','2018-07-06 09:54:15','A'),('AUXRECEP','AUXILIAR-RECEPCIONISTA','2018-07-06 09:54:15','A'),('AUXRH','AUXILIAR DE RECURSOS HUMANOS','2018-07-06 09:54:15','A'),('AUXSEGMA','AUXILIAR DE SEGURIDAD Y MEDIO AMBIENTE','2018-07-06 09:54:15','A'),('AUXSERV','AUXILIAR DE SERVICIOS','2017-10-23 15:17:34','A'),('AUXSERVGRL','AUXILIAR SERVICIOS GENERALES','2018-07-06 09:54:15','A'),('AUXTEC','AUXILIAR TECNICO','2018-07-06 09:54:15','A'),('AUXTECCPO','AUXILIAR TECNICO DE CAMPO','2018-07-06 09:54:15','A'),('AUXTECMRGO','AUXILIAR TECNICO MANTENIMIENTO DE RIEGO','2018-07-06 09:54:15','A'),('AUXTESO','AUXILIAR TESORERIA','2018-07-06 09:54:15','A'),('AUXVEHI','AUXILIAR VEHICULAR','2017-10-23 15:17:34','A'),('AYUDALMA','AYUDANTE DE ALMACEN','2017-10-23 15:17:34','A'),('AYUDTOPOG','AYUDANTE DE TOPOGRAFO','2018-07-06 09:54:15','A'),('BECARIO','BECARIO','2018-07-06 09:54:15','A'),('CAPTURISTA','CAPTURISTA','2018-07-06 09:54:15','A'),('CHOFER','CHOFER','2018-07-06 09:54:15','A'),('CHOFERADMN','CHOFER ADMINISTRATIVO','2018-07-06 09:54:15','A'),('CHOFERDIR','CHOFER DE DIRECCION','2017-10-23 15:17:34','A'),('CHOFERLODO','CHOFER LODOS','2018-07-06 09:54:15','A'),('CHOFERMENS','CHOFER MENSAJERO','2018-07-06 09:54:15','A'),('COMPRADJR','COMPRADOR JR','2018-07-06 09:54:15','A'),('COMPRADOR','COMPRADOR','2017-10-23 15:17:34','A'),('COMPRAOM','COMPRADOR O&M','2018-07-06 09:54:15','A'),('COMPRASR','COMPRADOR SR','2018-07-06 09:54:15','A'),('COMPRASROM','COMPRADOR SR. O&M','2018-07-06 09:54:16','A'),('CONSULTOR','CONSULTOR','2018-07-06 09:54:16','A'),('CONTADOR','CONTADOR','2018-07-06 09:54:16','A'),('CONTGRAL','CONTADOR GENERAL','2018-07-06 09:54:16','A'),('CONTPRES','CONTADOR DE PRESUPUESTO','2018-07-06 09:54:16','A'),('CONTRALOR','CONTRALOR','2018-07-06 09:54:16','A'),('CONTROLDOC','CONTROL DE DOCUMENTOS','2018-07-06 09:54:16','A'),('COORADPREX','COORDINADOR DE ADMINISTRACION DE PERSONAL & EXPATS','2018-07-06 09:54:16','A'),('COORAMDPER','COORDINADOR DE ADMON. DE PERSONAL','2017-10-23 15:17:34','A'),('COORATRTAL','COORDINADOR DE ATRACCION DE TALENTO','2018-07-06 09:54:16','A'),('COORCADP','COORDINADOR DE COMPENSACIONES Y ADP','2018-07-06 09:54:16','A'),('COORCALOML','COORDINADOR DE CALIDAD, OMEGA Y LABORATORIOS','2018-07-06 09:54:16','A'),('COORCALSMA','COORDINADOR DE CALIDAD SEGURIDAD Y MA','2018-07-06 09:54:16','A'),('COORCAPDES','COORDINADORA DE CAPACITACION Y DESARROLLO','2018-07-06 09:54:16','A'),('COORCAPDSA','COORDINADOR DE CAPACITACION Y DESARROLLO','2017-10-23 15:17:34','A'),('COORCENSO','COORDINADOR DE CENSO','2017-10-23 15:17:34','A'),('COORCOBRA','COORDINADOR DE COBRANZA','2017-10-23 15:17:34','A'),('COORCOMER','COORDINADOR COMERCIAL','2018-07-06 09:54:16','A'),('COORCOMMK','COORDINADORA DE COMUNICACION Y MARKETING','2018-07-06 09:54:16','A'),('COORCONT','COORDINADOR CONTABLE','2018-07-06 09:54:16','A'),('COORCONVEH','COORDINADOR DE CONTROL VEHICULAR','2017-10-23 15:17:34','A'),('COORDCSMA','COORD DE CALIDAD SEGURIDAD Y MA','2018-07-06 09:54:16','A'),('COORFACR','COORDINADOR DE FACTURACION','2017-10-23 15:17:34','A'),('COORFINANZ','COORDINADOR DE FINANZAS','2018-07-06 09:54:16','A'),('COORINFFIS','COORDINADOR DE INFORMACIÓN FISCAL','2017-10-23 15:17:34','A'),('COORINGDC','COORDINADOR DE DISCIPLINA CIVIL','2018-07-06 09:54:16','A'),('COORJURID','COORDINADOR JURIDICO','2018-07-06 09:54:16','A'),('COORLABCAL','COORD DE LABORATORIO Y CALIDAD','2018-07-06 09:54:16','A'),('COORMAQEQU','COORDINADOR DE MAQUINARIA Y EQUIPO','2017-10-23 15:17:34','A'),('COORMTTO','COORDINADOR DE MANTENIMIENTO','2018-07-06 09:54:16','A'),('COORMTTOIN','COORDINADOR DE MANTENIMIENTO DE INMUEBLES','2018-07-06 09:54:16','A'),('COORMTTOME','COORDINADOR DE MANTENIMIENTO DE MEDIDORES','2018-07-06 09:54:16','A'),('COORMTTOMQ','COORDINADOR DE MANTENIMIENTO DE MAQUINARIA','2018-07-06 09:54:16','A'),('COOROBRA','COORDINADOR DE OBRA','2017-10-23 15:17:34','A'),('COOROPER','COORDINADOR DE OPERACIÓN','2018-07-06 09:54:16','A'),('COORORGSER','COORDINADOR DE ORGANIZACION Y SERV.','2018-07-06 09:54:16','A'),('COORPAD','COORDINADOR DE PADRON','2017-10-23 15:17:34','A'),('COORPLEVFC','COORDINADOR DE PLANEACION Y EVALUACION DE LA FACTU','2018-07-06 09:54:16','A'),('COORPRCCAL','COORDINADOR DE PROGRAMACION Y CONTROL DE CALIDAD','2018-07-06 09:54:16','A'),('COORPREUNI','COORDINADOR DE PRECIOS UNITARIOS','2017-10-23 15:17:34','A'),('COORPREUPY','COORDINADOR DE PRECIOS UNITARIOS PROY','2017-10-23 15:17:34','A'),('COORPRYING','COORDINADOR DE PROYECTOS DE INGENIERIA','2018-07-06 09:54:16','A'),('COORPYTESP','COORD. DE PROMOC. Y TRAM. ESPECIALE','2017-10-23 15:17:34','A'),('COORRRHH','COORDINADOR DE RRHH','2018-07-06 09:54:16','A'),('COORSEGMA','COORDINADOR DE SEGURIDAD Y MA','2018-07-06 09:54:16','A'),('COORSEGUR','COORDINADOR DE SEGURIDAD','2018-11-20 00:00:00','A'),('COORSISCAL','COORDINADOR DEL SISTEMA DE CALIDAD','2018-07-06 09:54:16','A'),('COORSISCOM','COORDINADOR DE SISTEMAS COMERCIALES','2017-07-17 12:52:53','A'),('COORSISIE','COORDINADOR DEL SISTEMA DE INFORMACION EJECUTIVA','2018-07-06 09:54:16','A'),('COORSISRGO','COORDINADOR SISTEMA DE RIEGO','2018-07-06 09:54:16','A'),('COORSUM','COORDINADOR DE SUMINISTROS','2018-07-06 09:54:16','A'),('COORTRACPO','COORDINADOR DE TRABAJOS DE CAMPO','2018-07-06 09:54:16','A'),('CORADMOBRA','COORDINADOR ADMINISTRATIVO DE OBRA','2018-07-06 09:54:16','A'),('DIRADJUNTO','DIRECTOR ADJUNTO','2018-10-04 12:00:00','A'),('DIRADMFIN','DIRECTOR DE ADMINISTRACION Y FINANZAS','2018-07-06 09:54:16','A'),('DIRCOMER','DIRECTOR COMERCIAL','2018-07-06 09:54:16','A'),('DIRCOMERSV','DIRECTOR COMERCIAL Y DE SERVICIOS','2018-07-06 09:54:16','A'),('DIRCONCES','DIRECTOR DE CONCESIONES','2018-07-06 09:54:16','A'),('DIRFINAN','DIRECTOR FINANCIERO','2017-10-23 15:17:34','A'),('DIRGEN','DIRECTOR GENERAL','2017-10-23 15:17:34','A'),('DIRTECNICO','DIRECTOR TECNICO','2018-07-06 09:54:16','A'),('ELECTRICO','ELECTRICO','2018-07-06 09:54:16','A'),('ELECTROM','ELECTROMECANICO','2018-07-06 09:54:16','A'),('ENCADMPERA','ENCARGADO \"A\" DE ADMON. DE PERSONAL','2017-10-23 15:17:34','A'),('ENCALMAB','ENCARGADO \"B\" DE ALMACEN','2017-10-23 15:17:34','A'),('ENCARCHB','ENCARGADO \"B\" DE ARCHIVO','2017-10-23 15:17:34','A'),('ENCCAPA','ENCARGADO \"A\" DE CAPACITACIÓN','2017-10-23 15:17:34','A'),('ENCCATA','ENCARGADO \"A\" DEL CAT','2017-10-23 15:17:34','A'),('ENCCOMUN','ENCARGADO DE COMUNICACIONES','2018-07-06 09:54:16','A'),('ENCESTPRYA','ENCARGADO \"A\" DE ESTIMACIONES PROY','2017-10-23 15:17:34','A'),('ENCGENOBRA','ENCARGADO \"A\" DE GENERADORES DE OBR','2017-10-23 15:17:34','A'),('ENCMANEQCA','ENCARGADO \"A\" DE MANTTO. DE EQ. COMPUTO','2017-10-23 15:17:34','A'),('ENCMANINMB','ENCARGADO \"B\" DE MANTTO. DE INMUEBLES','2017-10-23 15:17:34','A'),('ENCMTTO','ENCARGADO DE MMTO','2018-07-06 09:54:16','A'),('ENCMTTOECA','ENC. \"A\" MANTTO. DE EQ. COMPUTO','2018-07-06 09:54:16','A'),('ENCMTTOINB','ENC.\"B\" DE MANTTO. DE INMUEBLES','2018-07-06 09:54:16','A'),('ENCOBRA','ENCARGADO DE OBRA','2017-10-23 15:17:34','A'),('ENCOFICPB','ENCARGADO \"B\" DE OFICIALIA DE PARTES','2018-07-06 09:54:16','A'),('ENCOPERSIS','ENCARGADO DE OPERACION DE SISTEMAS','2018-07-06 09:54:16','A'),('ENCSERGRAL','ENCARGADO DE SERVICIOS GENERALES','2018-07-06 09:54:16','A'),('ENCSOPTSIS','ENCARGADO SOPORTE TECNICO DE SISTEMAS','2018-07-06 09:54:16','A'),('ENCTESOA','ENCARGADO \"A\" DE TESORERIA','2017-10-23 15:17:34','A'),('ENCTMECA','ENCARGADO DE TALLER MECANICO \"A\"','2018-10-05 00:00:00','A'),('ESPESTCONT','ESPECIALISTA EN ESTIMACIONES Y CONTRATOS','2018-07-06 09:54:16','A'),('EXPCOMPRAS','EXPEDITADOR DE COMPRAS','2018-07-06 09:54:16','A'),('FOTOCOP','FOTOCOPIADOR','2018-07-06 09:54:16','A'),('GERASEGCAL','GERENTE DE ASEGURAMIENTO DE CALIDAD','2018-07-06 09:54:16','A'),('GERCOMCION','GERENTE DE COMUNICACION','2017-10-23 15:17:34','A'),('GERCOMER','GERENTE COMERCIAL','2017-10-23 15:17:34','A'),('GERCOMSERV','GERENTE COMERCIAL Y DE SERVICIOS','2018-07-06 09:54:16','A'),('GERENTE','GERENTE','2018-07-06 09:54:16','A'),('GERESTCONT','GERENTE DE ESTIMACIONES Y CONTRATOS','2017-10-23 15:17:34','A'),('GERINGEN','GERENTE DE INGENIERIA','2018-07-06 09:54:16','A'),('GERJUR','GERENTE JURIDICO','2018-07-06 09:54:16','A'),('GERMEDCONC','GERENTE DE MEDICION Y CONTROL DE CONSUMOS','2018-07-06 09:54:16','A'),('GEROAP','GERENTE DE OFICINA DE ATENCION AL PUBLICO','2018-07-06 09:54:16','A'),('GEROPEMTTO','GERENTE DE OPERACION Y MANTENIMIENTO','2018-07-06 09:54:16','A'),('GERPLACONU','GERENTE DE PLANEACION Y CONTROL DE USUARIOS','2018-07-06 09:54:16','A'),('GERPLANCON','GERENTE DE PLANEACION Y CONTROL','2017-10-23 15:17:34','A'),('GERPRONORE','GERENTE DE PROPUESTAS NORE','2018-07-06 09:54:16','A'),('GERRH','GERENTE DE RECURSOS HUMANOS','2018-07-06 09:54:16','A'),('GERSEG','GERENTE DE SEGURIDAD','2018-10-05 00:00:00','A'),('GERSERV','GERENTE DE SERVICIOS','2017-10-23 15:17:34','A'),('GERSIST','GERENTE DE SISTEMAS','2018-07-06 09:54:16','A'),('HRBPD&B','HRBP D&B','2018-07-06 09:54:16','A'),('HRBPTALCUL','HRBP TALENTO & CULTURA','2018-07-06 09:54:16','A'),('INGATEUSUA','INGENIERO DE ATENCION A USUARIOS','2018-07-06 09:54:16','A'),('INGCOSTOS','INGENIERO DE COSTOS','2018-07-06 09:54:16','A'),('INGELECT','INGENIERO ELECTRICO','2018-07-06 09:54:16','A'),('INGESPPPRY','INGENIERO ESPECIALISTA EN PERFORACION PROY.','2017-10-23 15:17:34','A'),('INGPROC','INGENIERO EN PROCESOS','2018-07-06 09:54:16','A'),('INGPROG','INGENIERO DE PROGRAMACION','2018-07-06 09:54:16','A'),('INGPROY','INGENIERO DE PROYECTO','2018-07-06 09:54:16','A'),('INGREFACC','INGENIERO DE REFACCIONES','2018-07-06 09:54:16','A'),('INGREPPMJR','INGENIERO JR. RESPONSABLE DE PUESTA EN MARCHA','2018-07-06 09:54:16','A'),('INGRESIDB','INGENIERO RESIDENTE \"B\"','2018-07-06 09:54:16','A'),('INGRESIDEN','INGENIERO RESIDENTE','2018-07-06 09:54:16','A'),('INGRESPRJR','ING RESPONSABLE DE PROPUESTAS JR','2018-07-06 09:54:16','A'),('INGRESPRO','ING RESPONSABLE DE PROPUESTAS','2018-07-06 09:54:16','A'),('INGSUPDFUG','INGENIERO SUPERVISOR EN DETECCION DE FUGAS','2018-07-06 09:54:16','A'),('INGSUPV','INGENIERO SUPERVISOR','2018-07-06 09:54:16','A'),('INGTECOM','INGENIERO TECNICO O&M','2018-07-06 09:54:16','A'),('INSTRUM','INSTRUMENTISTA','2018-07-06 09:54:16','A'),('INTEND','INTENDENCIA','2018-07-06 09:54:16','A'),('JARDINERO','JARDINERO','2018-07-06 09:54:16','A'),('JEFEADMIN','JEFE ADMINISTRACION','2018-07-06 09:54:16','A'),('JEFEADMONP','JEFE DE ADMON. DE PERSONAL','2018-07-06 09:54:16','A'),('JEFEALM','JEFE DE ALMACEN','2017-10-23 15:17:34','A'),('JEFEATUSU','JEFE DE ATENCION A USUARIOS','2018-07-06 09:54:16','A'),('JEFECAPDES','JEFE DE CAPACITACION Y DESARROLLO','2018-07-06 09:54:17','A'),('JEFECAT','JEFE DEL CENTRO DE ATENCION TELEFONICA','2018-07-06 09:54:17','A'),('JEFECENOPE','JEFE DE CENTRO OPERATIVO','2018-07-06 09:54:17','A'),('JEFECOMPRA','JEFE DE COMPRAS','2019-04-16 00:00:00','A'),('JEFECOMUSU','JEFE DE COMUNICACION A USUARIOS','2018-07-06 09:54:17','A'),('JEFECUADR','JEFE DE CUADRILLAS','2018-07-06 09:54:17','A'),('JEFEDESSIS','JEFE DE DESARROLLO DE SISTEMAS','2018-07-06 09:54:17','A'),('JEFEESTPRO','JEFE DE ESTUDIOS Y PROYECTOS','2018-07-06 09:54:17','A'),('JEFEFINANZ','JEFE DE FINANZAS','2018-11-20 00:00:00','A'),('JEFEFREN','JEFE DE FRENTE','2017-10-23 15:17:34','A'),('JEFEFREPRY','JEFE DE FRENTE PROY.','2017-10-23 15:17:34','A'),('JEFELEC','JEFE DE LECTURA','2017-10-23 15:17:34','A'),('JEFEMATTOS','JEFE DE MANTENIMIENTO DE SISTEMAS','2018-07-06 09:54:17','A'),('JEFEMTTO','JEFE DE MANTENIMIENTO','2018-07-06 09:54:17','A'),('JEFENOM','JEFE DE NOMINA','2018-07-06 09:54:17','A'),('JEFEOFI','JEFE DE OFICINA','2017-10-23 15:17:34','A'),('JEFEOPER','JEFE DE OPERACIÓN','2018-07-06 09:54:17','A'),('JEFEORGSER','JEFE DE ORGANIZACION Y SERVICIOS','2017-10-23 15:17:34','A'),('JEFEPLANES','JEFE DE PLANEACION ESTRATEGICA','2018-07-06 09:54:17','A'),('JEFEPROCAL','JEFE DE PROCED. DE CALIDAD','2017-10-23 15:17:34','A'),('JEFEPROISO','JEFE DE PROYECTO ISO 50001-55000','2018-07-06 09:54:17','A'),('JEFEPROY','JEFE DE PROYECTO','2017-10-23 15:17:34','A'),('JEFERECSYC','JEFE DE RECLUTAMIENTO, SELECCION Y CAPACITACION','2018-07-06 09:54:17','A'),('JEFERH','JEFE DE RECURSOS HUMANOS','2018-07-06 09:54:17','A'),('JEFESEG','JEFE DE SEGURIDAD','2017-10-23 15:17:34','A'),('JEFESEGHIG','JEFE DE SEGURIDAD E HIGIENE','2018-07-06 09:54:17','A'),('JEFESIGEOG','JEFE DEL SISTEMA DE INFORMACION GEOGRAFICA','2018-07-06 09:54:17','A'),('JEFESOPTC','JEFE DE SOPORTE TECNICO Y COMUNICACIONES','2018-07-06 09:54:17','A'),('JEFESUPER','JEFE DE SUPERVISION','2018-07-06 09:54:17','A'),('JEFETUR','JEFE DE TURNO','2018-07-06 09:54:17','A'),('JEFLAB','JEFE DE LABORATORIO','2018-07-06 09:54:17','A'),('LABORAT','LABORATORISTA','2018-07-06 09:54:17','A'),('LECTUR','LECTURISTA','2018-07-06 09:54:17','A'),('MECANESP','MECANICO ESPECIALIZADO','2017-10-23 15:17:34','A'),('MECANICO','MECANICO','2017-10-23 15:17:34','A'),('MECPROY','MECANICO PROY.','2018-07-06 09:54:17','A'),('MENSAJERO','MENSAJERO','2017-10-23 15:17:34','A'),('OFICINISTA','OFICINISTA','2017-10-23 15:17:34','A'),('OFICPROY','OFICINISTA PROY.','2018-07-06 09:54:17','A'),('OPERADOR','OPERADOR','2018-07-06 09:54:17','A'),('OPERADORA','OPERADORA','2018-07-06 09:54:17','A'),('OPERCAT','OPERADOR DE CAT','2017-10-23 15:17:34','A'),('OPERCATPY','OPERADOR DE CAT PROY.','2018-07-06 09:54:17','A'),('OPERPTA','OPERADOR DE PLANTA','2018-07-06 09:54:17','A'),('OPERSIG','OPERADOR DEL SIG','2018-07-06 09:54:17','A'),('OPERSTSIS','OPERADOR SOPORTE TECNICO DE SISTEMAS','2018-07-06 09:54:17','A'),('PLANNCSR','PLANNIG CLAIM SR','2018-07-06 09:54:17','A'),('PROGRAM','PROGRAMADOR','2018-07-06 09:54:17','A'),('PROGRAMA','ANALISTA \"A\" PROGRAMADOR','2017-07-13 00:07:00','A'),('PROYECT','PROYECTISTA','2018-07-06 09:54:17','A'),('QUIMICO','QUIMICO','2018-07-06 09:54:17','A'),('RECEPC','RECEPCIONISTA','2018-07-06 09:54:17','A'),('REGADOR','REGADOR','2018-07-06 09:54:17','A'),('RESPADMFIN','RESPONSABLE DE ADMINISTRACION Y FINANZAS','2018-07-06 09:54:17','A'),('RESPADMIN','RESPONSABLE ADMINISTRATIVO','2018-07-06 09:54:17','A'),('RESPANACON','RESPONSABLE ANALISTA CONTABLE','2018-07-06 09:54:17','A'),('RESPCAL','RESPONSABLE DE CALIDAD','2018-07-06 09:54:17','A'),('RESPCALOML','RESPONSABLE DE CALIDAD, OMEGA Y LABORATORIOS','2018-07-06 09:54:17','A'),('RESPLAMTO','RESPONSABLE PLANEACION Y MANTO','2018-07-06 09:54:17','A'),('RESPPLMTO','RESPONSABLE DE PLANEACION Y MANTENIMIENTO','2018-07-06 09:54:17','A'),('RESPSEG','RESPONSABLE DE SEGURIDAD','2018-07-06 09:54:17','A'),('RESPSEGMA','RESPONSABLE DE SEGURIDAD Y MEDIO AMBIENTE','2018-07-06 09:54:17','A'),('RESPSERGEN','RESPONSABLE DE SERVICIOS GENERALES','2018-07-06 09:54:17','A'),('RESPTESO','RESPONSABLE TESORERIA','2018-07-06 09:54:17','A'),('SECDEPTO','SECRETARIA DE DEPARTAMENTO','2018-07-06 09:54:17','A'),('SECDIR','SECRETARIA DE DIRECCION','2017-10-23 15:17:34','A'),('SECDIRGRAL','SECRETARIA DE DIRECCION GENERAL','2018-07-06 09:54:17','A'),('SECRETARIA','SECRETARIA','2017-10-23 15:17:34','A'),('SITEMNGR','SITE MANAGER','2018-07-06 09:54:17','A'),('SOPTEC','SOPORTE TECNICO','2018-07-06 09:54:17','A'),('SPERISEGIN','SUPERINTENDENTE DE SEGURIDAD INDUSTRIAL','2017-10-23 15:17:34','A'),('SUBCONCYC','SUBCONTRALOR DE CONTAB. Y CONTROL','2017-10-23 15:17:34','A'),('SUBCONTRA','SUBCONTRALOR','2017-10-23 15:17:34','A'),('SUBCOOROPE','SUB COORDINADOR DE OPERACIONES','2018-07-06 09:54:17','A'),('SUBDIRCOM','SUBDIRECTOR COMERCIAL','2017-07-17 12:47:34','A'),('SUBDIRINF','SUBDIRECTOR DE INFORMATICA','2017-10-23 15:17:34','A'),('SUBDIROBRA','SUBDIRECTOR DE OBRAS','2017-10-23 15:17:34','A'),('SUBDIRRH','SUBDIRECTOR DE RECURSOS HUMANOS','2017-10-23 15:17:34','A'),('SUBGSIST','SUBGERENTE DE SISTEMAS','2018-07-06 09:54:17','A'),('SUBSOLAVAN','SUBDIRECTOR DE SOLUCIONES AVANZADAS','2018-07-06 09:54:17','A'),('SUPADMONA','SUPERVISOR \"A\" ADMINISTRATIVO','2017-10-23 15:17:34','A'),('SUPADMPERA','SUPERVISOR \"A\" DE ADMON DE PERSONAL','2017-10-23 15:17:34','A'),('SUPALTTRAM','SUPERVISOR DE ALTAS Y TRAMITES','2018-07-06 09:54:17','A'),('SUPATNUSUA','SUPERVISOR \"A\" ATN A USUARIOS','2017-10-23 15:17:34','A'),('SUPCAJAS','SUPERVISOR DE CAJAS','2018-07-06 09:54:17','A'),('SUPCENPRYB','SUPERVISOR \"B\" DE CENSO PROY.','2017-10-23 15:17:34','A'),('SUPCENSOB','SUPERVISOR \"B\" DE CENSO','2017-10-23 15:17:34','A'),('SUPCOBA','SUPERVISOR \"A\" DE COBRANZA','2017-10-23 15:17:34','A'),('SUPCOMA','SUPERVISOR \"A\" DE COMUNICACIONES','2017-10-23 15:17:34','A'),('SUPCONTB','SUPERVISOR \"B\" DE CONTABILIDAD','2017-10-23 15:17:34','A'),('SUPCORRPAD','SUPERVISOR DE CORRELACION DEL PADRON','2018-07-06 09:54:17','A'),('SUPELECTME','SUPERVISOR ELECTROMECANICO','2018-11-20 00:00:00','A'),('SUPERADMP','SUPERINTENDENTE DE ADMON. DE PERSONAL','2018-07-06 09:54:17','A'),('SUPERICYM','SUPERINTENDENTE DE COMUNIC. Y MANTT','2017-10-23 15:17:34','A'),('SUPERIEST','SUPERINTENDENTE DE ESTIMACIONES','2017-10-23 15:17:34','A'),('SUPERIGESC','SUPERINTENDENTE DE GESTION CONTRAC.','2017-10-23 15:17:34','A'),('SUPERIJUR','SUPERINTENDENTE JURIDICO','2017-10-23 15:17:34','A'),('SUPERINT','SUPERINTENDENTE','2017-10-23 15:17:34','A'),('SUPERIOBRA','SUPERINTENDENTE DE OBRA','2017-10-23 15:17:34','A'),('SUPERIRMYS','SUPERINTENDENTE DE REC MAT Y SERVIC','2017-10-23 15:17:34','A'),('SUPERSG','SUPERINTENDENTE DE SERV. GRALES.','2018-07-06 09:54:17','A'),('SUPERV','SUPERVISOR','2018-07-06 09:54:17','A'),('SUPESTPROA','SUPERVISOR \"B\" DE ESTIMACIONES PROY.','2018-07-06 09:54:17','A'),('SUPESTPROB','SUPERVISOR \"B\" DE SUSPENSIONES PROY.','2018-07-06 09:54:17','A'),('SUPESTPRYA','SUPERVISOR \"A\" DE ESTIMACIONES PROYECTO','2017-10-23 15:17:34','A'),('SUPFACTA','SUPERVISOR \"A\" DE FACTURACION','2017-10-23 15:17:34','A'),('SUPFRENTEA','SUPERVISOR \"A\" DE FRENTE','2018-07-06 09:54:17','A'),('SUPLECB','SUPERVISOR \"B\" DE LECTURA','2017-10-23 15:17:34','A'),('SUPLECPRYB','SUPERVISOR \"B\" DE LECTURA PROY.','2017-10-23 15:17:34','A'),('SUPLECT','SUPERVISOR DE LECTURA','2018-07-06 09:54:17','A'),('SUPMANPRYB','SUPERVISOR \"B\" DE MANTTO PROY.','2017-10-23 15:17:34','A'),('SUPMEDB','SUPERVISOR \"B\" DE MEDIDORES','2017-10-23 15:17:34','A'),('SUPMEDPRYB','SUPERVISOR \"B\" DE MEDIDORES PROY.','2018-11-20 04:31:00','A'),('SUPMTTOA','SUPERVISOR \"B\" DE MANTTO.','2018-07-06 09:54:17','A'),('SUPMTTOPAD','SUPERVISOR DE MANTENIMIENTO DEL PADRON','2018-07-06 09:54:17','A'),('SUPOPER','SUPERVISOR DE OPERACION','2018-07-06 09:54:17','A'),('SUPPADA','SUPERVISOR \"A\" DE PADRON','2017-10-23 15:17:34','A'),('SUPPADPRYA','SUPERVISOR \"A\" DE PADRON PROY.','2018-07-06 09:54:17','A'),('SUPPLYCPM','SUPPLY CHAIN PROJECT MANAGER','2018-07-06 09:54:17','A'),('SUPPROYA','SUPERVISOR \"A\" DE PROYECTOS','2018-07-06 09:54:17','A'),('SUPPRYPRYA','SUPERVISOR \"A\" DE PROYECTOS PROY.','2017-10-23 15:17:34','A'),('SUPPUNITA','SUPERVISOR \"A\" DE PRECIOS UNITARIOS','2018-07-06 09:54:17','A'),('SUPQUEJAS','SUPERVISOR DE QUEJAS','2018-07-06 09:54:17','A'),('SUPRECAA','SUPERVISOR \"A\" DE RECAUDACION','2017-10-23 15:17:34','A'),('SUPSEGB','SUPERVISOR \"B\" DE SEGURIDAD','2017-10-23 15:17:34','A'),('SUPSITRGO','SUPERVISOR DE SISTEMAS DE RIEGO','2018-07-06 09:54:17','A'),('SUPTECNICO','SUPERVISOR TECNICO','2018-07-06 09:54:17','A'),('TECADMIN','TECNICO ADMINISTRATIVO','2018-07-06 09:54:17','A'),('TECCAMAPRY','TECNICO DE CAMPO \"A\" PROY.','2017-10-23 15:17:34','A'),('TECCAMBPRY','TECNICO DE CAMPO \"B\" PROY.','2017-10-23 15:17:34','A'),('TECCAMPOA','TECNICO DE CAMPO \"A\"','2017-10-23 15:17:34','A'),('TECCAMPOB','TECNICO DE CAMPO \"B\"','2017-10-23 15:17:34','A'),('TECCENPRY','TECNICO DE CENSO PROY.','2017-10-23 15:17:34','A'),('TECCENSO','TECNICO DE CENSO','2017-10-23 15:17:34','A'),('TECDETFUG','TECNICO EN DETECCION DE FUGAS','2018-07-06 09:54:17','A'),('TECELECT','TECNICO ELECTROMECANICO','2018-07-06 09:54:17','A'),('TECELECTRO','TECNICO EN ELECTRONICA','2018-07-06 09:54:17','A'),('TECMANINM','TECNICO EN MANTTO. DE INMUEBLES','2017-10-23 15:17:34','A'),('TECMTTORGO','TECNICO MANTENIMIENTO DE RIEGO','2018-07-06 09:54:17','A'),('TECPAD','TECNICO DEL PADRON','2018-07-06 09:54:17','A'),('TECPLACOM','TECNICO DE PLANEACION COMERCIAL','2018-07-06 09:54:17','A'),('TECPROEQCM','TEC. PROF. DE EQUIPO DE COMPUTO','2017-10-23 15:17:34','A'),('TECRIEGO','TECNICO DE RIEGO','2018-07-06 09:54:17','A'),('TECSEGMAMB','TECNICO DE SEGURIDAD Y MEDIO AMBIENTE','2018-07-06 09:54:17','A'),('TESORERO','TESORERO','2017-10-23 15:17:34','A'),('TOPOGRAFO','TOPOGRAFO','2017-10-23 15:17:34','A'),('VENDEDOR','VENDEDOR','2018-07-06 09:54:17','A'),('VIGILANTE','VIGILANTE','2018-07-06 09:54:17','A');
/*!40000 ALTER TABLE `general_puesto` ENABLE KEYS */;
UNLOCK TABLES;

--
-- Table structure for table `general_rol`
--

DROP TABLE IF EXISTS `general_rol`;
/*!40101 SET @saved_cs_client     = @@character_set_client */;
/*!40101 SET character_set_client = utf8 */;
CREATE TABLE `general_rol` (
  `IdRol` varchar(20) COLLATE utf8mb4_unicode_ci NOT NULL,
  `Descripcion` varchar(80) COLLATE utf8mb4_unicode_ci DEFAULT NULL,
  `Fecha` datetime DEFAULT NULL,
  `Estatus` char(1) COLLATE utf8mb4_unicode_ci DEFAULT NULL,
  PRIMARY KEY (`IdRol`)
) ENGINE=InnoDB DEFAULT CHARSET=utf8mb4 COLLATE=utf8mb4_unicode_ci;
/*!40101 SET character_set_client = @saved_cs_client */;

--
-- Dumping data for table `general_rol`
--

LOCK TABLES `general_rol` WRITE;
/*!40000 ALTER TABLE `general_rol` DISABLE KEYS */;
INSERT INTO `general_rol` VALUES ('ADM1','ROL DE PRUEBA PARA REVISAR PERMISOS EN MENÚ','2018-05-15 00:05:00','I'),('ADMIN','MANTENIMIENTO A CATALOGOS','2017-07-25 09:28:13','A'),('CV1','CONTROL VEHICULAR, CONSULTA, INSERTA, ACTUALIZA','2017-07-19 00:07:00','A'),('CV2','CONTROL VEHICULAR, CONSULTA, INSERTA, ACTUALIZA, BORRA','2017-07-19 12:00:00','A'),('CV3','CONTROL VEHICULAR, CONSULTA, ACTUALIZA','2017-07-19 12:56:22','A'),('CV4','CONTROL VEHICULAR, CONSULTA','2017-07-19 12:56:42','A'),('E1','ESTIMACIONES, CONSULTA, INSERTA, ACTUALIZA','2017-07-19 00:07:00','A'),('E2','ESTIMACIONES SELECT TODOS LOS MODULOS','2017-07-19 12:57:58','A'),('E3','ESTIMACIONES, CONSULTA, ACTUALIZA','2017-07-19 12:57:58','A'),('E4','ESTIMACIONES, CONSULTA','2017-07-19 12:57:58','A'),('SCD1','SISTEMA DE CONTROL DOCUMENTAL, CONSULTA, INSERTA, ACTUALIZA, BORRA','2017-07-19 12:59:37','A'),('SCD2','SISTEMA DE CONTROL DOCUMENTAL, CONSULTA, INSERTA, BORRA','2017-07-19 12:59:37','A'),('SCD3','SISTEMA DE CONTROL DOCUMENTAL, CONSULTA, ACTUALIZA','2017-07-19 12:59:37','A'),('SCD4','SISTEMA DE CONTROL DOCUMENTAL, CONSULTA','2017-07-19 12:59:37','A'),('SICOMLEC','CONSULTAS SICOMCE DE LECTURAS','2018-08-07 12:00:00','A');
/*!40000 ALTER TABLE `general_rol` ENABLE KEYS */;
UNLOCK TABLES;

--
-- Table structure for table `general_rol_empleado`
--

DROP TABLE IF EXISTS `general_rol_empleado`;
/*!40101 SET @saved_cs_client     = @@character_set_client */;
/*!40101 SET character_set_client = utf8 */;
CREATE TABLE `general_rol_empleado` (
  `IdRol` varchar(20) COLLATE utf8mb4_unicode_ci DEFAULT NULL,
  `IdEmpleado` int(11) DEFAULT NULL,
  KEY `FK_RE_ROL` (`IdRol`),
  KEY `FK_RE_EMPLEADO` (`IdEmpleado`),
  CONSTRAINT `FK_RE_EMPLEADO` FOREIGN KEY (`IdEmpleado`) REFERENCES `general_empleado` (`IdEmpleado`),
  CONSTRAINT `FK_RE_ROL` FOREIGN KEY (`IdRol`) REFERENCES `general_rol` (`IdRol`)
) ENGINE=InnoDB DEFAULT CHARSET=utf8mb4 COLLATE=utf8mb4_unicode_ci;
/*!40101 SET character_set_client = @saved_cs_client */;

--
-- Dumping data for table `general_rol_empleado`
--

LOCK TABLES `general_rol_empleado` WRITE;
/*!40000 ALTER TABLE `general_rol_empleado` DISABLE KEYS */;
INSERT INTO `general_rol_empleado` VALUES ('ADMIN',2017),('ADMIN',2027),('ADMIN',2032),('ADMIN',2041),('ADMIN',2076),('ADMIN',4321),('CV1',2017),('CV1',2027),('CV1',2032),('CV1',2076),('CV1',2124),('CV1',4438),('CV1',4589),('CV1',5252),('CV1',5411),('CV1',8521),('CV2',4478),('CV2',7567),('CV4',2041),('E1',2015),('E1',2027),('E1',2041),('E1',5001),('E1',5403),('E1',6962),('E2',2076),('SCD1',2027),('SICOMLEC',2032),('ADMIN',2017),('ADMIN',2027),('ADMIN',2032),('ADMIN',2041),('ADMIN',2076),('ADMIN',4321),('CV1',2017),('CV1',2027),('CV1',2032),('CV1',2076),('CV1',2124),('CV1',4438),('CV1',4589),('CV1',5252),('CV1',5411),('CV1',8521),('CV2',4478),('CV2',7567),('CV4',2041),('E1',2015),('E1',2027),('E1',2041),('E1',5001),('E1',5403),('E1',6962),('E2',2076),('SCD1',2027),('SICOMLEC',2032);
/*!40000 ALTER TABLE `general_rol_empleado` ENABLE KEYS */;
UNLOCK TABLES;

--
-- Table structure for table `general_zona`
--

DROP TABLE IF EXISTS `general_zona`;
/*!40101 SET @saved_cs_client     = @@character_set_client */;
/*!40101 SET character_set_client = utf8 */;
CREATE TABLE `general_zona` (
  `IdZona` int(11) NOT NULL,
  `Zona` varchar(50) COLLATE utf8mb4_unicode_ci DEFAULT NULL,
  `Estatus` char(1) COLLATE utf8mb4_unicode_ci DEFAULT NULL,
  PRIMARY KEY (`IdZona`)
) ENGINE=InnoDB DEFAULT CHARSET=utf8mb4 COLLATE=utf8mb4_unicode_ci;
/*!40101 SET character_set_client = @saved_cs_client */;

--
-- Dumping data for table `general_zona`
--

LOCK TABLES `general_zona` WRITE;
/*!40000 ALTER TABLE `general_zona` DISABLE KEYS */;
INSERT INTO `general_zona` VALUES (1,'NOROESTE','A'),(2,'NORESTE','A'),(3,'OCCIDENTE','A'),(4,'ORIENTE','A'),(5,'CENTRONORTE','A'),(6,'CENTROSUR','A'),(7,'SUROESTE','A'),(8,'SURESTE','A');
/*!40000 ALTER TABLE `general_zona` ENABLE KEYS */;
UNLOCK TABLES;

--
-- Table structure for table `general_zona_entidadfederativa`
--

DROP TABLE IF EXISTS `general_zona_entidadfederativa`;
/*!40101 SET @saved_cs_client     = @@character_set_client */;
/*!40101 SET character_set_client = utf8 */;
CREATE TABLE `general_zona_entidadfederativa` (
  `IdZona` int(11) DEFAULT NULL,
  `IdEntidadFederativa` int(11) DEFAULT NULL,
  KEY `FK_ZEF_ZONA` (`IdZona`),
  KEY `FK_ZEF_ENTIDADFEDERATIVA` (`IdEntidadFederativa`),
  CONSTRAINT `FK_ZEF_ENTIDADFEDERATIVA` FOREIGN KEY (`IdEntidadFederativa`) REFERENCES `general_entidadfederativa` (`IdEntidadFederativa`),
  CONSTRAINT `FK_ZEF_ZONA` FOREIGN KEY (`IdZona`) REFERENCES `general_zona` (`IdZona`)
) ENGINE=InnoDB DEFAULT CHARSET=utf8mb4 COLLATE=utf8mb4_unicode_ci;
/*!40101 SET character_set_client = @saved_cs_client */;

--
-- Dumping data for table `general_zona_entidadfederativa`
--

LOCK TABLES `general_zona_entidadfederativa` WRITE;
/*!40000 ALTER TABLE `general_zona_entidadfederativa` DISABLE KEYS */;
INSERT INTO `general_zona_entidadfederativa` VALUES (1,2),(1,3),(1,8),(1,10),(1,25),(1,26),(2,5),(2,19),(2,28),(3,6),(3,14),(3,16),(3,18),(4,13),(4,21),(4,29),(4,30),(5,1),(5,11),(5,22),(5,24),(5,32),(6,9),(6,15),(6,17),(7,7),(7,12),(7,20),(8,4),(8,23),(8,27),(8,31),(1,2),(1,3),(1,8),(1,10),(1,25),(1,26),(2,5),(2,19),(2,28),(3,6),(3,14),(3,16),(3,18),(4,13),(4,21),(4,29),(4,30),(5,1),(5,11),(5,22),(5,24),(5,32),(6,9),(6,15),(6,17),(7,7),(7,12),(7,20),(8,4),(8,23),(8,27),(8,31);
/*!40000 ALTER TABLE `general_zona_entidadfederativa` ENABLE KEYS */;
UNLOCK TABLES;

--
-- Table structure for table `jerarquias`
--

DROP TABLE IF EXISTS `jerarquias`;
/*!40101 SET @saved_cs_client     = @@character_set_client */;
/*!40101 SET character_set_client = utf8 */;
CREATE TABLE `jerarquias` (
  `id` int(11) NOT NULL AUTO_INCREMENT,
  `nombre` varchar(45) CHARACTER SET utf8mb4 NOT NULL,
  `orden` int(11) NOT NULL,
  PRIMARY KEY (`id`)
) ENGINE=InnoDB AUTO_INCREMENT=5 DEFAULT CHARSET=utf8mb4 COLLATE=utf8mb4_unicode_ci;
/*!40101 SET character_set_client = @saved_cs_client */;

--
-- Dumping data for table `jerarquias`
--

LOCK TABLES `jerarquias` WRITE;
/*!40000 ALTER TABLE `jerarquias` DISABLE KEYS */;
INSERT INTO `jerarquias` VALUES (1,'Director Ejecutivo',1),(2,'Coordinadores',2),(3,'Empleados',3),(4,'Gerentes',4);
/*!40000 ALTER TABLE `jerarquias` ENABLE KEYS */;
UNLOCK TABLES;

--
-- Table structure for table `mandos`
--

DROP TABLE IF EXISTS `mandos`;
/*!40101 SET @saved_cs_client     = @@character_set_client */;
/*!40101 SET character_set_client = utf8 */;
CREATE TABLE `mandos` (
  `id` int(11) NOT NULL AUTO_INCREMENT,
  `datosmando` longtext CHARACTER SET utf8mb4 COLLATE utf8mb4_bin NOT NULL,
  PRIMARY KEY (`id`)
) ENGINE=InnoDB AUTO_INCREMENT=3 DEFAULT CHARSET=utf8mb4 COLLATE=utf8mb4_unicode_ci;
/*!40101 SET character_set_client = @saved_cs_client */;

--
-- Dumping data for table `mandos`
--

LOCK TABLES `mandos` WRITE;
/*!40000 ALTER TABLE `mandos` DISABLE KEYS */;
INSERT INTO `mandos` VALUES (1,'{\"variables\":[{\"id\":1,\"etapas\":[{\"id\":\"0_1\",\"valor\":0,\"idEtapa\":1,\"porcentaje\":100,\"procentajeApp\":100},{\"id\":\"0_2\",\"valor\":0,\"idEtapa\":2,\"porcentaje\":100,\"procentajeApp\":100},{\"id\":\"0_3\",\"valor\":0,\"idEtapa\":3,\"porcentaje\":100,\"procentajeApp\":100},{\"id\":\"0_4\",\"valor\":0,\"idEtapa\":4,\"porcentaje\":100,\"procentajeApp\":100},{\"id\":\"0_5\",\"valor\":0,\"idEtapa\":5,\"porcentaje\":100,\"procentajeApp\":100},{\"id\":\"0_6\",\"valor\":0,\"idEtapa\":6,\"porcentaje\":100,\"procentajeApp\":100},{\"id\":\"0_7\",\"valor\":0,\"idEtapa\":7,\"porcentaje\":100,\"procentajeApp\":100},{\"id\":\"0_8\",\"valor\":0,\"idEtapa\":8,\"porcentaje\":100,\"procentajeApp\":100},{\"id\":\"0_9\",\"valor\":0,\"idEtapa\":9,\"porcentaje\":100,\"procentajeApp\":100},{\"id\":\"0_10\",\"valor\":0,\"idEtapa\":10,\"porcentaje\":100,\"procentajeApp\":100},{\"id\":\"0_11\",\"valor\":0,\"idEtapa\":11,\"porcentaje\":100,\"procentajeApp\":100},{\"id\":\"0_12\",\"valor\":0,\"idEtapa\":12,\"porcentaje\":100,\"procentajeApp\":100}],\"valorTotal\":0,\"nombre\":\"Accidentes_ocurridos\"},{\"id\":2,\"etapas\":[{\"id\":\"1_1\",\"valor\":\"15\",\"idEtapa\":1,\"porcentaje\":100,\"procentajeApp\":100},{\"id\":\"1_2\",\"valor\":\"15\",\"idEtapa\":2,\"porcentaje\":100,\"procentajeApp\":100},{\"id\":\"1_3\",\"valor\":\"15\",\"idEtapa\":3,\"porcentaje\":100,\"procentajeApp\":100},{\"id\":\"1_4\",\"valor\":\"15\",\"idEtapa\":4,\"porcentaje\":100,\"procentajeApp\":100},{\"id\":\"1_5\",\"valor\":\"15\",\"idEtapa\":5,\"porcentaje\":100,\"procentajeApp\":100},{\"id\":\"1_6\",\"valor\":\"15\",\"idEtapa\":6,\"porcentaje\":100,\"procentajeApp\":100},{\"id\":\"1_7\",\"valor\":\"15\",\"idEtapa\":7,\"porcentaje\":100,\"procentajeApp\":100},{\"id\":\"1_8\",\"valor\":\"15\",\"idEtapa\":8,\"porcentaje\":100,\"procentajeApp\":100},{\"id\":\"1_9\",\"valor\":\"15\",\"idEtapa\":9,\"porcentaje\":100,\"procentajeApp\":100},{\"id\":\"1_10\",\"valor\":\"15\",\"idEtapa\":10,\"porcentaje\":100,\"procentajeApp\":100},{\"id\":\"1_11\",\"valor\":\"15\",\"idEtapa\":11,\"porcentaje\":100,\"procentajeApp\":100},{\"id\":\"1_12\",\"valor\":\"15\",\"idEtapa\":12,\"porcentaje\":100,\"procentajeApp\":100}],\"valorTotal\":180,\"nombre\":\"Accidentes_meta\"}],\"datos\":{\"formula\":\"(100*Accidentes_meta)/Accidentes_ocurridos\",\"etapas\":12,\"tipoDeEtapa\":\"meses\",\"titulo\":\"Frecuencia de accidentes\",\"unidadDeMedida\":\"Eventos\",\"AceptacionBuena\":\"94\",\"AceptacionMedia\":\"70\",\"objetivo\":\"7\",\"rangos\":{\"datos\":[{\"id\":\"DIRING\"}],\"global\":false},\"jerarquias\":{\"datos\":[{\"id\":\"DIRING\"}],\"global\":true},\"usuarios\":{\"datos\":[]}},\"objetivos\":[{\"id\":\"7\",\"titulo\":\"Accidentes\",\"descripcion\":\"Contribuir activamente al logro de las metas establecidas para los u00edndices de frecuencia (15 eventos) y severidad (290 du00edas de incapacidad) de accidentes, con especial atenciu00f3n en el personal de la gerencia\",\"alcance\":\"146\",\"iniciativa\":\"0\",\"inicia\":\"2019-01-01\",\"finaliza\":\"2019-12-31\"},{\"id\":\"8\",\"titulo\":\"Presupuesto mensual de ingresos\",\"descripcion\":\"Cumplir con el presupuesto mensual de ingresos\",\"alcance\":\"146\",\"iniciativa\":\"0\",\"inicia\":\"2019-01-01\",\"finaliza\":\"2019-12-31\"},{\"id\":\"9\",\"titulo\":\"Eficiencia Comercial\",\"descripcion\":\"Lograr una eficiencia comercial promedio de 77.9% para 2019\",\"alcance\":\"146\",\"iniciativa\":\"0\",\"inicia\":\"2019-01-01\",\"finaliza\":\"2019-12-31\"},{\"id\":\"10\",\"titulo\":\"Obtenciu00f3n de incentivo por eficiencia\",\"descripcion\":\"Obtener incentivo por eficiencia comercial para dos bimestres en 2019 en TECSA\",\"alcance\":\"146\",\"iniciativa\":\"0\",\"inicia\":\"2019-01-01\",\"finaliza\":\"2019-12-31\"},{\"id\":\"11\",\"titulo\":\"Digitalizar Documentos\",\"descripcion\":\"Terminar la Digitalizaciu00f3n de los documentos del u00e1rea y mantener el proceso\",\"alcance\":\"146\",\"iniciativa\":\"0\",\"inicia\":\"2019-01-01\",\"finaliza\":\"2019-12-31\"}],\"objetivosData\":{\"titulo\":\"Accidentes\",\"descripcion\":\"Contribuir activamente al logro de las metas establecidas para los u00edndices de frecuencia (15 eventos) y severidad (290 du00edas de incapacidad) de accidentes, con especial atenciu00f3n en el personal de la gerencia\"},\"rangos\":[{\"nombre\":\"Direccion de Ingenieria\",\"id\":\"DIRING\",\"idArea\":\"DIRING\"}],\"jeraraquias\":[{\"id\":\"DIRGENSUEZ\",\"nombre\":\"DIRECCION GENERAL\",\"orden\":\"1\"},{\"id\":\"DIRGEN\",\"nombre\":\"DIRECCION GENERAL\",\"orden\":\"2\"},{\"id\":\"ASIMDIRGEN\",\"nombre\":\"ASIM-DIRECCIu00d3N GENERAL\",\"orden\":\"3\"},{\"id\":\"SUBDIRINF\",\"nombre\":\"SUBDIRECCION DE INFORMATICA\",\"orden\":\"4\"},{\"id\":\"ASIMJURID\",\"nombre\":\"ASIM-JURIDICO\",\"orden\":\"5\"},{\"id\":\"ASIMADMCON\",\"nombre\":\"ASIM-ADMINISTRACION Y CONTROL\",\"orden\":\"6\"},{\"id\":\"ASIMADMCOM\",\"nombre\":\"ASIM-ADMINISTRACIu00d3N Y COMUNICACION\",\"orden\":\"7\"},{\"id\":\"ASIMCOMU\",\"nombre\":\"ASIM-COMUNICACIONES\",\"orden\":\"8\"},{\"id\":\"DIRADMFIN\",\"nombre\":\"DIRECCION ADMINISTRACION Y FINANZAS\",\"orden\":\"9\"},{\"id\":\"DIRCOM\",\"nombre\":\"Direccion Comercial\",\"orden\":\"10\"},{\"id\":\"DIRCONC\",\"nombre\":\"Direccion de Concesionarias\",\"orden\":\"11\"},{\"id\":\"DIRFIN\",\"nombre\":\"Direccion de Finanzas\",\"orden\":\"12\"},{\"id\":\"DIRGENOPER\",\"nombre\":\"DIRECCION GENERAL DE OPERACIONES\",\"orden\":\"13\"},{\"id\":\"DIRING\",\"nombre\":\"Direccion de Ingenieria\",\"orden\":\"14\"},{\"id\":\"DIRJUR\",\"nombre\":\"DIRECCION JURIDICA\",\"orden\":\"15\"},{\"id\":\"DIROFER\",\"nombre\":\"Direccion de Ofertas\",\"orden\":\"16\"},{\"id\":\"DIROPER\",\"nombre\":\"Direccion de Operaciu00f3n\",\"orden\":\"17\"},{\"id\":\"DIRPROD\",\"nombre\":\"Direccion de Produccion\",\"orden\":\"18\"},{\"id\":\"DIRPROP\",\"nombre\":\"Direccion de Propuestas\",\"orden\":\"19\"},{\"id\":\"DIRRRHH\",\"nombre\":\"Direccion de Recursos Humanos\",\"orden\":\"20\"},{\"id\":\"DIRSUMLOG\",\"nombre\":\"Direccion de Suministros y Logistica\",\"orden\":\"21\"},{\"id\":\"GASGRAL\",\"nombre\":\"GASTOS GENERALES\",\"orden\":\"22\"},{\"id\":\"IT\",\"nombre\":\"IT INFORMATICA\",\"orden\":\"23\"},{\"id\":\"JURIDICO\",\"nombre\":\"JURIDICO\",\"orden\":\"24\"},{\"id\":\"LEGCONGENM\",\"nombre\":\"Legal y Consejo General Mu00e9xico\",\"orden\":\"25\"},{\"id\":\"OBRAS\",\"nombre\":\"SUBDIRECCION DE INFRAESTRUCTURA\",\"orden\":\"26\"},{\"id\":\"OMMINMEX\",\"nombre\":\"O&M MINERA MEXICO\",\"orden\":\"27\"},{\"id\":\"OMPTATANGA\",\"nombre\":\"O&M PTARS RIEGO TANGAMANGA\",\"orden\":\"28\"},{\"id\":\"OPERCOM\",\"nombre\":\"OPERACION COMERCIAL\",\"orden\":\"29\"},{\"id\":\"PEMEX\",\"nombre\":\"NUEVO PEMEX\",\"orden\":\"30\"},{\"id\":\"PLANCONT\",\"nombre\":\"PLANEACION Y CONTROL\",\"orden\":\"31\"},{\"id\":\"PTA.CUL\",\"nombre\":\"PTA. Culiacan\",\"orden\":\"32\"},{\"id\":\"PTACUL\",\"nombre\":\"PTA Culiacan\",\"orden\":\"33\"},{\"id\":\"PTAJUA\",\"nombre\":\"PTA Juu00e1rez\",\"orden\":\"34\"},{\"id\":\"PTAPUE\",\"nombre\":\"PTA Puebla\",\"orden\":\"35\"},{\"id\":\"PTASC\",\"nombre\":\"PTA Salina Cruz\",\"orden\":\"36\"},{\"id\":\"PTASLIMMSA\",\"nombre\":\"PTA San Luis Potosi IMMSA\",\"orden\":\"37\"},{\"id\":\"PTASLP\",\"nombre\":\"PTA San Luis Potosi\",\"orden\":\"38\"},{\"id\":\"PTASLTANGA\",\"nombre\":\"PLANTA SLP TANGAMANGA\",\"orden\":\"39\"},{\"id\":\"PTATIJ\",\"nombre\":\"PTA Tijuana\",\"orden\":\"40\"},{\"id\":\"PTAVJ\",\"nombre\":\"PTA VALLE DE JUAREZ\",\"orden\":\"41\"},{\"id\":\"QUERETARO\",\"nombre\":\"QUERETARO\",\"orden\":\"42\"},{\"id\":\"RH\",\"nombre\":\"RECURSOS HUMANOS\",\"orden\":\"43\"},{\"id\":\"SEGINDUST\",\"nombre\":\"SEGURIDAD INDUSTRIAL\",\"orden\":\"44\"},{\"id\":\"SEGURIDAD\",\"nombre\":\"SEGURIDAD\",\"orden\":\"45\"},{\"id\":\"SERCAMPO\",\"nombre\":\"SERVICIOS DE CAMPO\",\"orden\":\"46\"},{\"id\":\"SERGENSUEZ\",\"nombre\":\"SERVICIOS GENERALES\",\"orden\":\"47\"},{\"id\":\"SOLAVANZA\",\"nombre\":\"SOLUCIONES AVANZADAS\",\"orden\":\"48\"},{\"id\":\"SUBDIRCOM\",\"nombre\":\"SUBDIRECCION COMERCIAL\",\"orden\":\"49\"}],\"users\":[{\"nombre\":\"IVAN\",\"apellidoP\":\"ANGEL\",\"apellidoM\":\"MARQUEZ\",\"id\":\"310538\"},{\"nombre\":\"DOMINGO\",\"apellidoP\":\"VALVERDE\",\"apellidoM\":\"ROSAS\",\"id\":\"906826\"}],\"errors\":{\"formulaNoCoincideConVariables\":true},\"acciones\":[],\"objetivoShow\":true}'),(2,'{\"variables\":[{\"id\":1,\"etapas\":[{\"id\":\"0_1\",\"valor\":0,\"idEtapa\":1,\"porcentaje\":100,\"procentajeApp\":100},{\"id\":\"0_2\",\"valor\":0,\"idEtapa\":2,\"porcentaje\":100,\"procentajeApp\":100},{\"id\":\"0_3\",\"valor\":0,\"idEtapa\":3,\"porcentaje\":100,\"procentajeApp\":100},{\"id\":\"0_4\",\"valor\":0,\"idEtapa\":4,\"porcentaje\":100,\"procentajeApp\":100},{\"id\":\"0_5\",\"valor\":0,\"idEtapa\":5,\"porcentaje\":100,\"procentajeApp\":100},{\"id\":\"0_6\",\"valor\":0,\"idEtapa\":6,\"porcentaje\":100,\"procentajeApp\":100},{\"id\":\"0_7\",\"valor\":0,\"idEtapa\":7,\"porcentaje\":100,\"procentajeApp\":100},{\"id\":\"0_8\",\"valor\":0,\"idEtapa\":8,\"porcentaje\":100,\"procentajeApp\":100},{\"id\":\"0_9\",\"valor\":0,\"idEtapa\":9,\"porcentaje\":100,\"procentajeApp\":100},{\"id\":\"0_10\",\"valor\":0,\"idEtapa\":10,\"porcentaje\":100,\"procentajeApp\":100},{\"id\":\"0_11\",\"valor\":0,\"idEtapa\":11,\"porcentaje\":100,\"procentajeApp\":100},{\"id\":\"0_12\",\"valor\":0,\"idEtapa\":12,\"porcentaje\":100,\"procentajeApp\":100}],\"valorTotal\":0,\"nombre\":\"Dias_otorgados\"},{\"id\":2,\"etapas\":[{\"id\":\"1_1\",\"valor\":\"290\",\"idEtapa\":1,\"porcentaje\":100,\"procentajeApp\":100},{\"id\":\"1_2\",\"valor\":\"290\",\"idEtapa\":2,\"porcentaje\":100,\"procentajeApp\":100},{\"id\":\"1_3\",\"valor\":\"290\",\"idEtapa\":3,\"porcentaje\":100,\"procentajeApp\":100},{\"id\":\"1_4\",\"valor\":\"290\",\"idEtapa\":4,\"porcentaje\":100,\"procentajeApp\":100},{\"id\":\"1_5\",\"valor\":\"290\",\"idEtapa\":5,\"porcentaje\":100,\"procentajeApp\":100},{\"id\":\"1_6\",\"valor\":\"290\",\"idEtapa\":6,\"porcentaje\":100,\"procentajeApp\":100},{\"id\":\"1_7\",\"valor\":\"290\",\"idEtapa\":7,\"porcentaje\":100,\"procentajeApp\":100},{\"id\":\"1_8\",\"valor\":\"290\",\"idEtapa\":8,\"porcentaje\":100,\"procentajeApp\":100},{\"id\":\"1_9\",\"valor\":\"290\",\"idEtapa\":9,\"porcentaje\":100,\"procentajeApp\":100},{\"id\":\"1_10\",\"valor\":\"290\",\"idEtapa\":10,\"porcentaje\":100,\"procentajeApp\":100},{\"id\":\"1_11\",\"valor\":\"290\",\"idEtapa\":11,\"porcentaje\":100,\"procentajeApp\":100},{\"id\":\"1_12\",\"valor\":\"290\",\"idEtapa\":12,\"porcentaje\":100,\"procentajeApp\":100}],\"valorTotal\":3480,\"nombre\":\"Dias_meta\"}],\"datos\":{\"formula\":\"(100*Dias_meta)/Dias_otorgados\",\"etapas\":12,\"tipoDeEtapa\":\"meses\",\"titulo\":\"Severidad de accidentes\",\"unidadDeMedida\":\"Du00edas de incapacidad\",\"AceptacionBuena\":\"94\",\"AceptacionMedia\":\"70\",\"objetivo\":\"7\",\"rangos\":{\"datos\":[{\"id\":\"DIRGENSUEZ\"}],\"global\":false},\"jerarquias\":{\"datos\":[{\"id\":\"DIRGENSUEZ\"}],\"global\":true},\"usuarios\":{\"datos\":[]}},\"objetivos\":[{\"id\":\"7\",\"titulo\":\"Accidentes\",\"descripcion\":\"Contribuir activamente al logro de las metas establecidas para los u00edndices de frecuencia (15 eventos) y severidad (290 du00edas de incapacidad) de accidentes, con especial atenciu00f3n en el personal de la gerencia\",\"alcance\":\"146\",\"iniciativa\":\"0\",\"inicia\":\"2019-01-01\",\"finaliza\":\"2019-12-31\"},{\"id\":\"8\",\"titulo\":\"Presupuesto mensual de ingresos\",\"descripcion\":\"Cumplir con el presupuesto mensual de ingresos\",\"alcance\":\"146\",\"iniciativa\":\"0\",\"inicia\":\"2019-01-01\",\"finaliza\":\"2019-12-31\"},{\"id\":\"9\",\"titulo\":\"Eficiencia Comercial\",\"descripcion\":\"Lograr una eficiencia comercial promedio de 77.9% para 2019\",\"alcance\":\"146\",\"iniciativa\":\"0\",\"inicia\":\"2019-01-01\",\"finaliza\":\"2019-12-31\"},{\"id\":\"10\",\"titulo\":\"Obtenciu00f3n de incentivo por eficiencia\",\"descripcion\":\"Obtener incentivo por eficiencia comercial para dos bimestres en 2019 en TECSA\",\"alcance\":\"146\",\"iniciativa\":\"0\",\"inicia\":\"2019-01-01\",\"finaliza\":\"2019-12-31\"},{\"id\":\"11\",\"titulo\":\"Digitalizar Documentos\",\"descripcion\":\"Terminar la Digitalizaciu00f3n de los documentos del u00e1rea y mantener el proceso\",\"alcance\":\"146\",\"iniciativa\":\"0\",\"inicia\":\"2019-01-01\",\"finaliza\":\"2019-12-31\"}],\"objetivosData\":{\"titulo\":\"Accidentes\",\"descripcion\":\"Contribuir activamente al logro de las metas establecidas para los u00edndices de frecuencia (15 eventos) y severidad (290 du00edas de incapacidad) de accidentes, con especial atenciu00f3n en el personal de la gerencia\"},\"rangos\":[{\"nombre\":\"Direccion General\",\"id\":\"DIRGENSUEZ\",\"idArea\":\"DIRGENSUEZ\"}],\"jeraraquias\":[{\"id\":\"DIRGENSUEZ\",\"nombre\":\"DIRECCION GENERAL\",\"orden\":\"1\"},{\"id\":\"DIRGEN\",\"nombre\":\"DIRECCION GENERAL\",\"orden\":\"2\"},{\"id\":\"ASIMDIRGEN\",\"nombre\":\"ASIM-DIRECCIu00d3N GENERAL\",\"orden\":\"3\"},{\"id\":\"SUBDIRINF\",\"nombre\":\"SUBDIRECCION DE INFORMATICA\",\"orden\":\"4\"},{\"id\":\"ASIMJURID\",\"nombre\":\"ASIM-JURIDICO\",\"orden\":\"5\"},{\"id\":\"ASIMADMCON\",\"nombre\":\"ASIM-ADMINISTRACION Y CONTROL\",\"orden\":\"6\"},{\"id\":\"ASIMADMCOM\",\"nombre\":\"ASIM-ADMINISTRACIu00d3N Y COMUNICACION\",\"orden\":\"7\"},{\"id\":\"ASIMCOMU\",\"nombre\":\"ASIM-COMUNICACIONES\",\"orden\":\"8\"},{\"id\":\"DIRADMFIN\",\"nombre\":\"DIRECCION ADMINISTRACION Y FINANZAS\",\"orden\":\"9\"},{\"id\":\"DIRCOM\",\"nombre\":\"Direccion Comercial\",\"orden\":\"10\"},{\"id\":\"DIRCONC\",\"nombre\":\"Direccion de Concesionarias\",\"orden\":\"11\"},{\"id\":\"DIRFIN\",\"nombre\":\"Direccion de Finanzas\",\"orden\":\"12\"},{\"id\":\"DIRGENOPER\",\"nombre\":\"DIRECCION GENERAL DE OPERACIONES\",\"orden\":\"13\"},{\"id\":\"DIRING\",\"nombre\":\"Direccion de Ingenieria\",\"orden\":\"14\"},{\"id\":\"DIRJUR\",\"nombre\":\"DIRECCION JURIDICA\",\"orden\":\"15\"},{\"id\":\"DIROFER\",\"nombre\":\"Direccion de Ofertas\",\"orden\":\"16\"},{\"id\":\"DIROPER\",\"nombre\":\"Direccion de Operaciu00f3n\",\"orden\":\"17\"},{\"id\":\"DIRPROD\",\"nombre\":\"Direccion de Produccion\",\"orden\":\"18\"},{\"id\":\"DIRPROP\",\"nombre\":\"Direccion de Propuestas\",\"orden\":\"19\"},{\"id\":\"DIRRRHH\",\"nombre\":\"Direccion de Recursos Humanos\",\"orden\":\"20\"},{\"id\":\"DIRSUMLOG\",\"nombre\":\"Direccion de Suministros y Logistica\",\"orden\":\"21\"},{\"id\":\"GASGRAL\",\"nombre\":\"GASTOS GENERALES\",\"orden\":\"22\"},{\"id\":\"IT\",\"nombre\":\"IT INFORMATICA\",\"orden\":\"23\"},{\"id\":\"JURIDICO\",\"nombre\":\"JURIDICO\",\"orden\":\"24\"},{\"id\":\"LEGCONGENM\",\"nombre\":\"Legal y Consejo General Mu00e9xico\",\"orden\":\"25\"},{\"id\":\"OBRAS\",\"nombre\":\"SUBDIRECCION DE INFRAESTRUCTURA\",\"orden\":\"26\"},{\"id\":\"OMMINMEX\",\"nombre\":\"O&M MINERA MEXICO\",\"orden\":\"27\"},{\"id\":\"OMPTATANGA\",\"nombre\":\"O&M PTARS RIEGO TANGAMANGA\",\"orden\":\"28\"},{\"id\":\"OPERCOM\",\"nombre\":\"OPERACION COMERCIAL\",\"orden\":\"29\"},{\"id\":\"PEMEX\",\"nombre\":\"NUEVO PEMEX\",\"orden\":\"30\"},{\"id\":\"PLANCONT\",\"nombre\":\"PLANEACION Y CONTROL\",\"orden\":\"31\"},{\"id\":\"PTA.CUL\",\"nombre\":\"PTA. Culiacan\",\"orden\":\"32\"},{\"id\":\"PTACUL\",\"nombre\":\"PTA Culiacan\",\"orden\":\"33\"},{\"id\":\"PTAJUA\",\"nombre\":\"PTA Juu00e1rez\",\"orden\":\"34\"},{\"id\":\"PTAPUE\",\"nombre\":\"PTA Puebla\",\"orden\":\"35\"},{\"id\":\"PTASC\",\"nombre\":\"PTA Salina Cruz\",\"orden\":\"36\"},{\"id\":\"PTASLIMMSA\",\"nombre\":\"PTA San Luis Potosi IMMSA\",\"orden\":\"37\"},{\"id\":\"PTASLP\",\"nombre\":\"PTA San Luis Potosi\",\"orden\":\"38\"},{\"id\":\"PTASLTANGA\",\"nombre\":\"PLANTA SLP TANGAMANGA\",\"orden\":\"39\"},{\"id\":\"PTATIJ\",\"nombre\":\"PTA Tijuana\",\"orden\":\"40\"},{\"id\":\"PTAVJ\",\"nombre\":\"PTA VALLE DE JUAREZ\",\"orden\":\"41\"},{\"id\":\"QUERETARO\",\"nombre\":\"QUERETARO\",\"orden\":\"42\"},{\"id\":\"RH\",\"nombre\":\"RECURSOS HUMANOS\",\"orden\":\"43\"},{\"id\":\"SEGINDUST\",\"nombre\":\"SEGURIDAD INDUSTRIAL\",\"orden\":\"44\"},{\"id\":\"SEGURIDAD\",\"nombre\":\"SEGURIDAD\",\"orden\":\"45\"},{\"id\":\"SERCAMPO\",\"nombre\":\"SERVICIOS DE CAMPO\",\"orden\":\"46\"},{\"id\":\"SERGENSUEZ\",\"nombre\":\"SERVICIOS GENERALES\",\"orden\":\"47\"},{\"id\":\"SOLAVANZA\",\"nombre\":\"SOLUCIONES AVANZADAS\",\"orden\":\"48\"},{\"id\":\"SUBDIRCOM\",\"nombre\":\"SUBDIRECCION COMERCIAL\",\"orden\":\"49\"}],\"users\":[{\"nombre\":\"JORDI\",\"apellidoP\":\"VALL\",\"apellidoM\":null,\"id\":\"2999\"},{\"nombre\":\"ANA LAURA\",\"apellidoP\":\"BARRAGAN\",\"apellidoM\":\"GARCIA\",\"id\":\"312048\"},{\"nombre\":\"MARIA SOCORRO\",\"apellidoP\":\"PEREZ\",\"apellidoM\":\"BECERRA\",\"id\":\"906824\"}],\"errors\":{\"formulaNoCoincideConVariables\":true},\"acciones\":[],\"objetivoShow\":true}');
/*!40000 ALTER TABLE `mandos` ENABLE KEYS */;
UNLOCK TABLES;

--
-- Table structure for table `objetivos`
--

DROP TABLE IF EXISTS `objetivos`;
/*!40101 SET @saved_cs_client     = @@character_set_client */;
/*!40101 SET character_set_client = utf8 */;
CREATE TABLE `objetivos` (
  `id` int(11) NOT NULL AUTO_INCREMENT,
  `nombre` varchar(255) CHARACTER SET utf8mb4 NOT NULL,
  `descripcion` text CHARACTER SET utf8mb4 NOT NULL,
  `alcanceId` int(11) DEFAULT NULL,
  `paisalcanceid` int(11) DEFAULT NULL,
  `paisiniciativaid` int(11) DEFAULT NULL,
  `inicio` date NOT NULL,
  `finaliza` date NOT NULL,
  `finalizo` int(11) NOT NULL,
  `creado` datetime NOT NULL,
  `modificado` datetime NOT NULL,
  `idusuariocreo` int(11) NOT NULL,
  `deleted` int(11) NOT NULL,
  `idusuarioelimino` int(11) DEFAULT NULL,
  PRIMARY KEY (`id`)
) ENGINE=InnoDB AUTO_INCREMENT=14 DEFAULT CHARSET=utf8mb4 COLLATE=utf8mb4_unicode_ci;
/*!40101 SET character_set_client = @saved_cs_client */;

--
-- Dumping data for table `objetivos`
--

LOCK TABLES `objetivos` WRITE;
/*!40000 ALTER TABLE `objetivos` DISABLE KEYS */;
INSERT INTO `objetivos` VALUES (1,'Objetivo prueba 1ra','Descripción del objetivo prueba 1ra',4,2,51,'2019-05-11','2019-12-31',0,'2019-07-11 17:05:39','2019-07-11 17:51:06',1,1,NULL),(2,'Prueba 2da','Soy la descripción de la prueba 2',3,73,240,'2019-04-01','2019-12-31',0,'2019-07-11 17:12:22','2019-07-11 18:09:21',1,1,NULL),(3,'','',0,0,0,'2019-05-11','2019-12-31',0,'2019-07-11 19:41:35','2019-07-11 19:41:35',1,1,NULL),(4,'Objetivo 2','Terminar indicadores',4,146,0,'2019-07-01','2019-07-31',0,'2019-07-12 00:02:07','2019-07-12 00:02:07',1,1,NULL),(5,'Objetivo 3 ','sdsadsad',3,3,0,'2019-05-11','2019-12-31',0,'2019-07-12 22:47:02','2019-07-12 22:47:02',1,1,NULL),(6,'addsdsdasdsadas','lkjl,,mn,,m',7,0,0,'2019-05-11','2019-12-31',0,'2019-07-15 16:08:59','2019-07-15 16:08:59',1,1,NULL),(7,'Accidentes','Contribuir activamente al logro de las metas establecidas para los índices de frecuencia (15 eventos) y severidad (290 días de incapacidad) de accidentes, con especial atención en el personal de la gerencia',4,146,0,'2019-01-01','2019-12-31',0,'2019-07-18 00:27:39','2019-07-18 00:27:54',2072,0,NULL),(8,'Presupuesto mensual de ingresos','Cumplir con el presupuesto mensual de ingresos',4,146,0,'2019-01-01','2019-12-31',0,'2019-07-18 18:14:07','2019-07-18 18:14:07',2072,0,NULL),(9,'Eficiencia Comercial','Lograr una eficiencia comercial promedio de 77.9% para 2019',4,146,0,'2019-01-01','2019-12-31',0,'2019-07-18 18:25:14','2019-07-18 18:25:14',2072,1,NULL),(10,'Obtención de incentivo por eficiencia','Obtener incentivo por eficiencia comercial para dos bimestres en 2019 en TECSA',4,146,0,'2019-01-01','2019-12-31',0,'2019-07-18 18:26:00','2019-07-18 18:26:00',2072,1,NULL),(11,'Digitalizar Documentos','Terminar la Digitalización de los documentos del área y mantener el proceso',4,146,0,'2019-01-01','2019-12-31',0,'2019-07-18 18:27:47','2019-07-18 18:27:47',2072,1,NULL),(12,'dsadasd','sadsad',0,0,0,'2019-05-11','2019-12-31',0,'2019-07-18 23:49:33','2019-07-18 23:49:33',2072,1,NULL),(13,'cdscdsc','dscsdcdscdc',0,0,0,'2019-05-11','2019-12-31',0,'2019-07-18 23:49:43','2019-07-18 23:49:43',2072,1,NULL);
/*!40000 ALTER TABLE `objetivos` ENABLE KEYS */;
UNLOCK TABLES;

--
-- Table structure for table `paises`
--

DROP TABLE IF EXISTS `paises`;
/*!40101 SET @saved_cs_client     = @@character_set_client */;
/*!40101 SET character_set_client = utf8 */;
CREATE TABLE `paises` (
  `id` int(11) NOT NULL AUTO_INCREMENT,
  `prefijo` varchar(4) COLLATE utf8mb4_unicode_ci NOT NULL,
  `nombre` varchar(45) CHARACTER SET utf8mb4 NOT NULL,
  PRIMARY KEY (`id`)
) ENGINE=InnoDB AUTO_INCREMENT=243 DEFAULT CHARSET=utf8mb4 COLLATE=utf8mb4_unicode_ci;
/*!40101 SET character_set_client = @saved_cs_client */;

--
-- Dumping data for table `paises`
--

LOCK TABLES `paises` WRITE;
/*!40000 ALTER TABLE `paises` DISABLE KEYS */;
INSERT INTO `paises` VALUES (1,'AF','Afganistán'),(2,'AX','Islas Gland'),(3,'AL','Albania'),(4,'DE','Alemania'),(5,'AD','Andorra'),(6,'AO','Angola'),(7,'AI','Anguilla'),(8,'AQ','Antártida'),(9,'AG','Antigua y Barbuda'),(10,'AN','Antillas Holandesas'),(11,'SA','Arabia Saudí'),(12,'DZ','Argelia'),(13,'AR','Argentina'),(14,'AM','Armenia'),(15,'AW','Aruba'),(16,'AU','Australia'),(17,'AT','Austria'),(18,'AZ','Azerbaiyán'),(19,'BS','Bahamas'),(20,'BH','Bahréin'),(21,'BD','Bangladesh'),(22,'BB','Barbados'),(23,'BY','Bielorrusia'),(24,'BE','Bélgica'),(25,'BZ','Belice'),(26,'BJ','Benin'),(27,'BM','Bermudas'),(28,'BT','Bhután'),(29,'BO','Bolivia'),(30,'BA','Bosnia y Herzegovina'),(31,'BW','Botsuana'),(32,'BV','Isla Bouvet'),(33,'BR','Brasil'),(34,'BN','Brunéi'),(35,'BG','Bulgaria'),(36,'BF','Burkina Faso'),(37,'BI','Burundi'),(38,'CV','Cabo Verde'),(39,'KY','Islas Caimán'),(40,'KH','Camboya'),(41,'CM','Camerún'),(42,'CA','Canadá'),(43,'CF','República Centroafricana'),(44,'TD','Chad'),(45,'CZ','República Checa'),(46,'CL','Chile'),(47,'CN','China'),(48,'CY','Chipre'),(49,'CX','Isla de Navidad'),(50,'VA','Ciudad del Vaticano'),(51,'CC','Islas Cocos'),(52,'CO','Colombia'),(53,'KM','Comoras'),(54,'CD','República Democrática del Congo'),(55,'CG','Congo'),(56,'CK','Islas Cook'),(57,'KP','Corea del Norte'),(58,'KR','Corea del Sur'),(59,'CI','Costa de Marfil'),(60,'CR','Costa Rica'),(61,'HR','Croacia'),(62,'CU','Cuba'),(63,'DK','Dinamarca'),(64,'DM','Dominica'),(65,'DO','República Dominicana'),(66,'EC','Ecuador'),(67,'EG','Egipto'),(68,'SV','El Salvador'),(69,'AE','Emiratos Árabes Unidos'),(70,'ER','Eritrea'),(71,'SK','Eslovaquia'),(72,'SI','Eslovenia'),(73,'ES','España'),(74,'UM','Islas ultramarinas de Estados Unidos'),(75,'US','Estados Unidos'),(76,'EE','Estonia'),(77,'ET','Etiopía'),(78,'FO','Islas Feroe'),(79,'PH','Filipinas'),(80,'FI','Finlandia'),(81,'FJ','Fiyi'),(82,'FR','Francia'),(83,'GA','Gabón'),(84,'GM','Gambia'),(85,'GE','Georgia'),(86,'GS','Islas Georgias del Sur y Sandwich del Sur'),(87,'GH','Ghana'),(88,'GI','Gibraltar'),(89,'GD','Granada'),(90,'GR','Grecia'),(91,'GL','Groenlandia'),(92,'GP','Guadalupe'),(93,'GU','Guam'),(94,'GT','Guatemala'),(95,'GF','Guayana Francesa'),(96,'GN','Guinea'),(97,'GQ','Guinea Ecuatorial'),(98,'GW','Guinea-Bissau'),(99,'GY','Guyana'),(100,'HT','Haití'),(101,'HM','Islas Heard y McDonald'),(102,'HN','Honduras'),(103,'HK','Hong Kong'),(104,'HU','Hungría'),(105,'IN','India'),(106,'ID','Indonesia'),(107,'IR','Irán'),(108,'IQ','Iraq'),(109,'IE','Irlanda'),(110,'IS','Islandia'),(111,'IL','Israel'),(112,'IT','Italia'),(113,'JM','Jamaica'),(114,'JP','Japón'),(115,'JO','Jordania'),(116,'KZ','Kazajstán'),(117,'KE','Kenia'),(118,'KG','Kirguistán'),(119,'KI','Kiribati'),(120,'KW','Kuwait'),(121,'LA','Laos'),(122,'LS','Lesotho'),(123,'LV','Letonia'),(124,'LB','Líbano'),(125,'LR','Liberia'),(126,'LY','Libia'),(127,'LI','Liechtenstein'),(128,'LT','Lituania'),(129,'LU','Luxemburgo'),(130,'MO','Macao'),(131,'MK','ARY Macedonia'),(132,'MG','Madagascar'),(133,'MY','Malasia'),(134,'MW','Malawi'),(135,'MV','Maldivas'),(136,'ML','Malí'),(137,'MT','Malta'),(138,'FK','Islas Malvinas'),(139,'MP','Islas Marianas del Norte'),(140,'MA','Marruecos'),(141,'MH','Islas Marshall'),(142,'MQ','Martinica'),(143,'MU','Mauricio'),(144,'MR','Mauritania'),(145,'YT','Mayotte'),(146,'MX','México'),(147,'FM','Micronesia'),(148,'MD','Moldavia'),(149,'MC','Mónaco'),(150,'MN','Mongolia'),(151,'MS','Montserrat'),(152,'MZ','Mozambique'),(153,'MM','Myanmar'),(154,'NA','Namibia'),(155,'NR','Nauru'),(156,'NP','Nepal'),(157,'NI','Nicaragua'),(158,'NE','Níger'),(159,'NG','Nigeria'),(160,'NU','Niue'),(161,'NF','Isla Norfolk'),(162,'NO','Noruega'),(163,'NC','Nueva Caledonia'),(164,'NZ','Nueva Zelanda'),(165,'OM','Omán'),(166,'NL','Países Bajos'),(167,'PK','Pakistán'),(168,'PW','Palau'),(169,'PS','Palestina'),(170,'PA','Panamá'),(171,'PG','Papúa Nueva Guinea'),(172,'PY','Paraguay'),(173,'PE','Perú'),(174,'PN','Islas Pitcairn'),(175,'PF','Polinesia Francesa'),(176,'PL','Polonia'),(177,'PT','Portugal'),(178,'PR','Puerto Rico'),(179,'QA','Qatar'),(180,'GB','Reino Unido'),(181,'RE','Reunión'),(182,'RW','Ruanda'),(183,'RO','Rumania'),(184,'RU','Rusia'),(185,'EH','Sahara Occidental'),(186,'SB','Islas Salomón'),(187,'WS','Samoa'),(188,'AS','Samoa Americana'),(189,'KN','San Cristóbal y Nevis'),(190,'SM','San Marino'),(191,'PM','San Pedro y Miquelón'),(192,'VC','San Vicente y las Granadinas'),(193,'SH','Santa Helena'),(194,'LC','Santa Lucía'),(195,'ST','Santo Tomé y Príncipe'),(196,'SN','Senegal'),(197,'CS','Serbia y Montenegro'),(198,'SC','Seychelles'),(199,'SL','Sierra Leona'),(200,'SG','Singapur'),(201,'SY','Siria'),(202,'SO','Somalia'),(203,'LK','Sri Lanka'),(204,'SZ','Suazilandia'),(205,'ZA','Sudáfrica'),(206,'SD','Sudán'),(207,'SE','Suecia'),(208,'CH','Suiza'),(209,'SR','Surinam'),(210,'SJ','Svalbard y Jan Mayen'),(211,'TH','Tailandia'),(212,'TW','Taiwán'),(213,'TZ','Tanzania'),(214,'TJ','Tayikistán'),(215,'IO','Territorio Británico del Océano Índico'),(216,'TF','Territorios Australes Franceses'),(217,'TL','Timor Oriental'),(218,'TG','Togo'),(219,'TK','Tokelau'),(220,'TO','Tonga'),(221,'TT','Trinidad y Tobago'),(222,'TN','Túnez'),(223,'TC','Islas Turcas y Caicos'),(224,'TM','Turkmenistán'),(225,'TR','Turquía'),(226,'TV','Tuvalu'),(227,'UA','Ucrania'),(228,'UG','Uganda'),(229,'UY','Uruguay'),(230,'UZ','Uzbekistán'),(231,'VU','Vanuatu'),(232,'VE','Venezuela'),(233,'VN','Vietnam'),(234,'VG','Islas Vírgenes Británicas'),(235,'VI','Islas Vírgenes de los Estados Unidos'),(236,'WF','Wallis y Futuna'),(237,'YE','Yemen'),(238,'DJ','Yibuti'),(239,'ZM','Zambia'),(240,'ZW','Zimbabue');
/*!40000 ALTER TABLE `paises` ENABLE KEYS */;
UNLOCK TABLES;

--
-- Table structure for table `rangos`
--

DROP TABLE IF EXISTS `rangos`;
/*!40101 SET @saved_cs_client     = @@character_set_client */;
/*!40101 SET character_set_client = utf8 */;
CREATE TABLE `rangos` (
  `id` int(11) NOT NULL AUTO_INCREMENT,
  `nombre` varchar(45) CHARACTER SET utf8mb4 NOT NULL,
  `idJerarquia` int(11) NOT NULL,
  `agregaObjetivos` tinyint(4) NOT NULL,
  `agregaMandos` tinyint(4) NOT NULL,
  `agregaPais` tinyint(4) NOT NULL,
  `agregaJerarquias` tinyint(4) NOT NULL,
  `agregaRangos` tinyint(4) NOT NULL,
  PRIMARY KEY (`id`)
) ENGINE=InnoDB AUTO_INCREMENT=3 DEFAULT CHARSET=utf8mb4 COLLATE=utf8mb4_unicode_ci;
/*!40101 SET character_set_client = @saved_cs_client */;

--
-- Dumping data for table `rangos`
--

LOCK TABLES `rangos` WRITE;
/*!40000 ALTER TABLE `rangos` DISABLE KEYS */;
INSERT INTO `rangos` VALUES (1,'CEO',1,1,1,1,1,1),(2,'Cordinador de sistemas',2,1,1,0,1,1);
/*!40000 ALTER TABLE `rangos` ENABLE KEYS */;
UNLOCK TABLES;
/*!40103 SET TIME_ZONE=@OLD_TIME_ZONE */;

/*!40101 SET SQL_MODE=@OLD_SQL_MODE */;
/*!40014 SET FOREIGN_KEY_CHECKS=@OLD_FOREIGN_KEY_CHECKS */;
/*!40014 SET UNIQUE_CHECKS=@OLD_UNIQUE_CHECKS */;
/*!40101 SET CHARACTER_SET_CLIENT=@OLD_CHARACTER_SET_CLIENT */;
/*!40101 SET CHARACTER_SET_RESULTS=@OLD_CHARACTER_SET_RESULTS */;
/*!40101 SET COLLATION_CONNECTION=@OLD_COLLATION_CONNECTION */;
/*!40111 SET SQL_NOTES=@OLD_SQL_NOTES */;

-- Dump completed on 2019-07-18 17:06:08
